index,time_us,ax,ay,az
0,1049,2.20506,0.70390,-9.83778
1,2013,1.41497,-0.68953,-9.05008
2,2969,1.59933,0.44532,-9.54089
3,3956,1.73101,-0.14844,-9.32542
4,4956,1.52750,0.33758,-9.73004
5,5956,1.57060,-0.13408,-9.27274
6,6956,2.14760,0.41420,-9.70370
7,7956,1.41018,-0.53630,-9.16022
8,8956,1.22583,0.02873,-9.44991
9,9956,1.71664,-0.08859,-9.49780
10,10956,1.31202,0.29449,-9.54089
11,11956,2.05183,-0.26815,-9.34218
12,12956,0.54109,-0.27533,-9.40682
13,13956,2.74854,0.75178,-9.94791
14,14956,1.37667,-0.56982,-8.74602
15,15956,1.66158,1.48919,-10.11550
16,16956,1.97043,-0.57221,-9.07402
17,17956,1.36709,0.38307,-9.52892
18,18956,1.75016,-0.09337,-9.32781
19,19956,1.51553,-0.01915,-9.48343
20,20956,1.68791,0.39265,-9.48343
21,21956,1.68552,-0.17957,-9.39485
22,22956,1.92254,0.26336,-9.51216
23,23956,1.04627,-0.53870,-9.17698
24,24956,1.57778,0.23463,-9.72046
25,25956,1.34794,-0.21308,-9.21289
26,26956,2.09732,0.69192,-9.81383
27,27956,0.98881,-1.32878,-8.77236
28,28956,1.57538,1.13964,-10.13466
29,29956,2.38462,-0.53151,-9.27274
30,30956,1.12049,0.43574,-9.33020
31,31956,2.19069,1.17316,-10.02931
32,32956,1.69031,-0.84755,-8.99741
33,33956,1.45328,0.53870,-9.55526
34,34956,1.75974,-0.19154,-9.27035
35,35956,1.51792,0.20590,-9.73243
36,36956,1.67834,0.00958,-9.28711
37,37956,2.01113,0.33040,-9.72525
38,38956,1.46286,-0.38068,-9.24401
39,39956,1.11091,-0.07901,-9.40442
40,40956,1.71904,0.01437,-9.61511
41,41956,1.15161,0.03831,-9.36612
42,42956,2.20985,0.24900,-9.54329
43,43956,0.40701,-0.97923,-9.05008
44,44956,2.60489,1.26653,-10.24479
45,45956,1.68073,-0.86431,-8.73884
46,46956,1.44131,1.38624,-10.00297
47,47956,2.13563,-0.16281,-9.26795
48,48956,1.44131,-0.03591,-9.32302
49,49956,1.64242,-0.02394,-9.37569
50,50956,1.50116,-0.03591,-9.41400
51,51956,1.59693,0.43814,-9.59117
52,52956,1.54665,-0.24900,-9.29429
53,53956,2.00395,0.44772,-9.59357
54,54956,1.09415,-0.52672,-9.16022
55,55956,1.36948,0.19154,-9.73722
56,56956,1.45567,-0.18914,-9.25119
57,57956,1.79086,0.71347,-9.89524
58,58956,1.23780,-1.02232,-8.92798
59,59956,1.23780,0.87867,-10.03649
60,60956,2.61207,-0.19872,-9.43555
61,61956,1.17316,0.03352,-9.08121
62,62956,2.09253,1.37667,-10.11550
63,63956,1.75974,-0.86191,-9.00699
64,64956,1.35751,0.57461,-9.63427
65,65956,1.77171,-0.13886,-9.31823
66,66956,1.40300,0.16520,-9.55047
67,67956,1.61848,0.22266,-9.22007
68,68956,1.90100,0.15562,-9.64624
69,69956,1.62566,-0.15562,-9.32542
70,70956,1.01275,-0.15802,-9.31344
71,71956,1.78847,0.11013,-9.68694
72,72956,1.21865,-0.18435,-9.27035
73,73956,2.31519,0.58419,-9.70609
74,74956,0.50996,-1.31681,-8.88488
75,75956,2.29365,1.45567,-10.32140
76,76956,2.00874,-0.96007,-8.82263
77,77956,1.28569,1.07021,-9.74679
78,78956,2.20506,0.31125,-9.56484
79,79956,1.40779,-0.41420,-9.18895
80,80956,1.61609,0.31603,-9.48583
81,81956,1.66158,-0.14844,-9.36372
82,82956,1.60651,0.38068,-9.67736
83,83956,1.51792,-0.15802,-9.21528
84,84956,2.03028,0.49081,-9.66779
85,85956,1.24977,-0.61770,-9.11233
86,86956,1.32160,0.12689,-9.57681
87,87956,1.64482,-0.17957,-9.42358
88,88956,1.54187,0.45729,-9.72046
89,89956,1.75495,-0.65362,-9.09557
90,90956,0.78290,0.19393,-9.68694
91,91956,2.76051,0.23942,-9.80904
92,92956,1.25696,-0.34716,-8.92080
93,93956,1.78129,1.49398,-10.14423
94,94956,1.96564,-0.71826,-9.01656
95,95956,1.47722,0.47405,-9.51456
96,96956,1.83396,-0.21548,-9.37569
97,97956,1.41976,0.02394,-9.56005
98,98956,1.69031,0.32561,-9.36372
99,99956,1.73819,-0.02634,-9.54568
100,100956,1.84114,0.15323,-9.47625
101,101956,1.02951,-0.37828,-9.22007
102,102956,1.71185,0.27294,-9.69412
103,103956,1.26653,-0.26576,-9.25119
104,104956,2.26970,0.74939,-9.94073
105,105956,0.75178,-1.37188,-8.83460
106,106956,1.94888,1.31681,-10.33337
107,107956,2.23379,-0.85234,-9.07881
108,108956,1.16598,0.69192,-9.48104
109,109956,2.23140,0.88107,-9.78031
110,110956,1.59454,-0.77093,-8.97107
111,111956,1.51553,0.47405,-9.55287
112,112956,1.73101,-0.15323,-9.33499
113,113956,1.57060,0.33758,-9.73004
114,114956,1.60172,-0.03352,-9.23683
115,115956,2.03028,0.36871,-9.61272
116,116956,1.33836,-0.50996,-9.15543
117,117956,1.24259,-0.01437,-9.56005
118,118956,1.80523,-0.08859,-9.59596
119,119956,1.35751,0.16759,-9.51695
120,120956,2.20027,-0.09577,-9.40442
121,121956,0.49560,-0.48842,-9.30626
122,122956,2.64559,0.84515,-10.06522
123,123956,1.47004,-0.70868,-8.76038
124,124956,1.60890,1.51314,-10.10114
125,125956,2.06859,-0.38547,-9.13867
126,126956,1.42455,0.25379,-9.44991
127,127956,1.76692,-0.08140,-9.32063
128,128956,1.53947,-0.03591,-9.50977
129,129956,1.66158,0.41659,-9.51216
130,130956,1.63045,-0.21548,-9.41161
131,131956,1.99916,0.38786,-9.59117
132,132956,1.14443,-0.53870,-9.14585
133,133956,1.62087,0.18435,-9.73004
134,134956,1.50116,-0.24660,-9.18416
135,135956,2.00395,0.76614,-9.90002
136,136956,1.05824,-1.24738,-8.78433
137,137956,1.53708,1.06542,-10.07480
138,138956,2.43969,-0.50278,-9.32302
139,139956,1.08697,0.24660,-9.29429
140,140956,2.11169,1.25217,-10.13705
141,141956,1.73101,-0.86431,-9.00938
142,142956,1.41737,0.50757,-9.56723
143,143956,1.80283,-0.20590,-9.27753
144,144956,1.44849,0.18914,-9.62708
145,145956,1.67594,0.10295,-9.22007
146,146956,2.00634,0.29928,-9.67976
147,147956,1.52750,-0.28012,-9.27514
148,148956,1.04148,-0.10534,-9.29669
149,149956,1.72383,0.12450,-9.69173
150,150956,1.16837,-0.00239,-9.34218
151,151956,2.29604,0.33040,-9.58878
152,152956,0.45011,-1.14443,-8.93037
153,153956,2.50912,1.29766,-10.22085
154,154956,1.79805,-0.91698,-8.76038
155,155956,1.37906,1.28569,-9.95270
156,156956,2.17633,0.08619,-9.45470
157,157956,1.39821,-0.15562,-9.25598
158,158956,1.67355,0.16281,-9.44513
159,159956,1.63763,-0.10774,-9.37330
160,160956,1.64003,0.39265,-9.61033
161,161956,1.59933,-0.25618,-9.31823
162,162956,2.04944,0.52433,-9.60793
163,163956,1.17555,-0.55306,-9.09557
164,164956,1.47004,0.15802,-9.68215
165,165956,1.61369,-0.23224,-9.38288
166,166956,1.78847,0.67038,-9.72525
167,167956,1.45807,-1.00317,-8.93756
168,168956,1.06303,0.77572,-9.90481
169,169956,2.62644,-0.12450,-9.64624
170,170956,1.12288,-0.21069,-9.07402
171,171956,1.98719,1.39582,-10.19691
172,172956,1.82678,-0.85234,-8.99262
173,173956,1.35512,0.50278,-9.58638
174,174956,1.86029,-0.24900,-9.30866
175,175956,1.46525,0.12929,-9.54808
176,176956,1.67594,0.20590,-9.29908
177,177956,1.88184,0.06225,-9.63427
178,178956,1.77650,-0.05028,-9.37091
179,179956,1.01514,-0.31603,-9.25119
180,180956,1.71664,0.19632,-9.72525
181,181956,1.16837,-0.23942,-9.30147
182,182956,2.26970,0.64404,-9.77313
183,183956,0.54827,-1.25217,-8.90404
184,184956,2.17394,1.33118,-10.25197
185,185956,2.03268,-0.81882,-8.86812
186,186956,1.24498,0.96486,-9.67736
187,187956,2.20027,0.61292,-9.70849
188,188956,1.49638,-0.50278,-9.18176
189,189956,1.54905,0.29688,-9.48343
190,190956,1.63763,-0.14605,-9.34696
191,191956,1.58736,0.40462,-9.67497
192,192956,1.56102,-0.15323,-9.27514
193,193956,2.06620,0.51954,-9.69891
194,194956,1.22823,-0.56264,-9.11233
195,195956,1.26653,0.06464,-9.57920
196,196956,1.69509,-0.13168,-9.48583
197,197956,1.46765,0.36871,-9.74679
198,198956,1.78368,-0.65362,-9.15782
199,199956,0.67038,0.17957,-9.57441
200,200956,2.75573,0.43335,-9.81144
201,201956,1.29526,-0.47405,-8.83700
202,202956,1.78847,1.45807,-10.22324
203,203956,1.91297,-0.71347,-9.03332
204,204956,1.31681,0.48842,-9.48822
205,205956,1.79326,-0.17717,-9.35654
206,206956,1.44610,0.02873,-9.54808
207,207956,1.64003,0.32801,-9.39006
208,208956,1.71904,-0.10774,-9.56484
209,209956,1.87466,0.19154,-9.39724
210,210956,1.06063,-0.40701,-9.10036
211,211956,1.71664,0.22266,-9.72525
212,212956,1.21147,-0.28012,-9.23444
213,213956,2.13323,0.72544,-9.90242
214,214956,0.74699,-1.33836,-8.86094
215,215956,1.86269,1.27132,-10.21845
216,216956,2.24576,-0.72544,-9.01417
217,217956,1.07021,0.65841,-9.47386
218,218956,2.17154,0.93613,-9.89524
219,219956,1.57538,-0.76854,-9.07881
220,220956,1.50116,0.38786,-9.51456
221,221956,1.68552,-0.21548,-9.25359
222,222956,1.52032,0.37589,-9.68694
223,223956,1.61130,-0.04788,-9.23204
224,224956,2.08296,0.35674,-9.67736
225,225956,1.36469,-0.49560,-9.20810
226,226956,1.23780,0.02634,-9.51695
227,227956,1.68791,-0.08380,-9.50977
228,228956,1.27850,0.18675,-9.48343
229,229956,2.11647,-0.11013,-9.41879
230,230956,0.51954,-0.51475,-9.34696
231,231956,2.71263,0.93374,-10.07241
232,232956,1.40061,-0.70868,-8.73884
233,233956,1.61848,1.51074,-10.11071
234,234956,2.09014,-0.48842,-9.18895
235,235956,1.40061,0.30167,-9.37569
236,236956,1.76453,-0.14126,-9.34936
237,237956,1.56820,-0.04310,-9.44034
238,238956,1.66636,0.37589,-9.45470
239,239956,1.70946,-0.19154,-9.43076
240,240956,1.95367,0.34237,-9.49301
241,241956,1.00796,-0.49081,-9.13148
242,242956,1.57060,0.18435,-9.74679
243,243956,1.32639,-0.24421,-9.29190
244,244956,2.03986,0.84994,-9.93833
245,245956,0.86191,-1.40300,-8.77236
246,246956,1.80523,1.33118,-10.20409
247,247956,2.43969,-0.70390,-9.17219
248,248956,1.10373,0.47645,-9.37809
249,249956,2.24097,1.08697,-10.00058
250,250956,1.53947,-0.85234,-9.00220
251,251956,1.47483,0.52672,-9.59596
252,252956,1.78607,-0.16281,-9.24880
253,253956,1.51553,0.22505,-9.61272
254,254956,1.63285,0.08859,-9.23204
255,255956,2.02789,0.34955,-9.72285
256,256956,1.42455,-0.37110,-9.19613
257,257956,1.07260,0.00479,-9.44991
258,258956,1.71185,-0.02155,-9.59596
259,259956,1.23780,0.08619,-9.37330
260,260956,2.25534,0.22745,-9.43076
261,261956,0.41899,-0.84515,-9.12430
262,262956,2.64320,1.07021,-10.12508
263,263956,1.60412,-0.84755,-8.76038
264,264956,1.47243,1.35033,-9.97664
265,265956,2.06380,-0.22984,-9.28471
266,266956,1.39821,0.09098,-9.45231
267,267956,1.70946,-0.00958,-9.35893
268,268956,1.54187,-0.02634,-9.44752
269,269956,1.69988,0.40941,-9.55287
270,270956,1.65679,-0.22266,-9.38288
271,271956,1.99437,0.45490,-9.61751
272,272956,1.09654,-0.53630,-9.16022
273,273956,1.55144,0.15083,-9.76355
274,274956,1.45807,-0.28491,-9.28711
275,275956,2.00395,0.77572,-9.90481
276,276956,1.08218,-1.24738,-8.73165
277,277956,1.49398,1.05345,-10.05804
278,278956,2.54264,-0.48602,-9.33978
279,279956,1.07021,0.22266,-9.21768
280,280956,2.13323,1.19710,-10.04846
281,281956,1.68312,-0.93134,-8.94234
282,282956,1.42455,0.53870,-9.58878
283,283956,1.74298,-0.22027,-9.27514
284,284956,1.40300,0.17238,-9.64624
285,285956,1.60890,0.17957,-9.23683
286,286956,2.01113,0.25618,-9.69412
287,287956,1.58257,-0.24421,-9.29669
288,288956,1.13006,-0.11492,-9.39485
289,289956,1.71904,0.10534,-9.72046
290,290956,1.11809,-0.03831,-9.35893
291,291956,2.31519,0.36392,-9.61990
292,292956,0.39983,-1.02232,-9.04290
293,293956,2.47800,1.24498,-10.18015
294,294956,1.71904,-0.92895,-8.76996
295,295956,1.38624,1.29047,-9.99340
296,296956,2.17633,0.01676,-9.33978
297,297956,1.40779,-0.11013,-9.26556
298,298956,1.70467,0.06225,-9.46907
299,299956,1.60172,-0.04788,-9.37330
300,300956,1.62566,0.45011,-9.57202
301,301956,1.58496,-0.22266,-9.36612
302,302956,2.05422,0.53391,-9.57441
303,303956,1.13725,-0.53151,-9.06205
304,304956,1.43652,0.15562,-9.71328
305,305956,1.53229,-0.21787,-9.34936
306,306956,1.75256,0.62728,-9.84256
307,307956,1.33596,-1.05584,-9.00938
308,308956,1.14443,0.71108,-10.00537
309,309956,2.68869,-0.13408,-9.60075
310,310956,1.09176,-0.14365,-9.02614
311,311956,2.02549,1.47004,-10.15620
312,312956,1.84114,-0.90501,-8.95192
313,313956,1.35751,0.60094,-9.50977
314,314956,1.81480,-0.23942,-9.28471
315,315956,1.36230,0.07661,-9.65582
316,316956,1.63045,0.23942,-9.34218
317,317956,1.95127,0.14126,-9.72525
318,318956,1.67355,-0.17478,-9.30387
319,319956,1.11091,-0.25618,-9.24880
320,320956,1.77650,0.15323,-9.70609
321,321956,1.17316,-0.08859,-9.36133
322,322956,2.31040,0.53151,-9.74679
323,323956,0.41180,-1.24498,-8.95192
324,324956,2.36308,1.37188,-10.32380
325,325956,1.86029,-0.89064,-8.86573
326,326956,1.37906,1.21386,-9.89763
327,327956,2.22661,0.28730,-9.50977
328,328956,1.38145,-0.34955,-9.22486
329,329956,1.56820,0.21548,-9.48104
330,330956,1.61609,-0.09816,-9.35654
331,331956,1.65679,0.35195,-9.61033
332,332956,1.54665,-0.21069,-9.32063
333,333956,1.98719,0.46208,-9.65103
334,334956,1.15640,-0.50039,-9.19134
335,335956,1.29287,0.15323,-9.74440
336,336956,1.55863,-0.15083,-9.46189
337,337956,1.61609,0.46687,-9.74919
338,338956,1.59214,-0.73023,-8.90164
339,339956,0.94092,0.32561,-9.69412
340,340956,2.73897,0.18675,-9.78510
341,341956,1.18034,-0.32322,-8.99023
342,342956,1.86508,1.49398,-10.19930
343,343956,1.93212,-0.70150,-9.00220
344,344956,1.42216,0.51236,-9.57202
345,345956,1.81480,-0.18435,-9.33739
346,346956,1.46046,0.02873,-9.58878
347,347956,1.70228,0.25857,-9.35415
348,348956,1.87227,0.06225,-9.56723
349,349956,1.80523,0.00479,-9.33739
350,350956,1.05345,-0.34716,-9.28711
351,351956,1.74537,0.20830,-9.71567
352,352956,1.20428,-0.23224,-9.29190
353,353956,2.30322,0.69192,-9.76595
354,354956,0.53391,-1.40300,-8.72686
355,355956,2.22900,1.43892,-10.22564
356,356956,1.99916,-0.98641,-8.85376
357,357956,1.23780,1.01514,-9.76116
358,358956,2.21703,0.48842,-9.65821
359,359956,1.45089,-0.53630,-9.07402
360,360956,1.59454,0.35674,-9.48583
361,361956,1.62806,-0.15562,-9.26077
362,362956,1.55623,0.36152,-9.54329
363,363956,1.58975,-0.19872,-9.23683
364,364956,2.07817,0.49081,-9.71328
365,365956,1.24498,-0.55306,-9.15303
366,366956,1.25696,0.06943,-9.64624
367,367956,1.65439,-0.13886,-9.44513
368,368956,1.53468,0.40701,-9.67257
369,369956,1.78368,-0.50996,-9.14824
370,370956,0.75657,0.05028,-9.64624
371,371956,2.69348,0.39504,-9.82102
372,372956,1.27611,-0.39983,-8.82024
373,373956,1.78368,1.43173,-10.08677
374,374956,1.95127,-0.66559,-9.03332
375,375956,1.37427,0.42138,-9.52413
376,376956,1.75016,-0.27054,-9.31584
377,377956,1.40300,0.03112,-9.57920
378,378956,1.67594,0.33279,-9.41879
379,379956,1.74777,-0.02634,-9.58160
380,380956,1.84114,0.17478,-9.45949
381,381956,1.01514,-0.42138,-9.25359
382,382956,1.77650,0.19154,-9.72525
383,383956,1.25217,-0.26815,-9.26077
384,384956,2.23379,0.66559,-9.92636
385,385956,0.63925,-1.46286,-8.85376
386,386956,2.00874,1.52271,-10.33098
387,387956,2.14760,-0.93134,-8.93037
388,388956,1.13006,0.90022,-9.55287
389,389956,2.26252,0.76854,-9.80904
390,390956,1.47004,-0.67995,-9.03332
391,391956,1.54187,0.41180,-9.47386
392,392956,1.69988,-0.21548,-9.31105
393,393956,1.56820,0.30406,-9.70370
394,394956,1.56102,-0.12929,-9.30866
395,395956,2.08056,0.43096,-9.69412
396,396956,1.32639,-0.52672,-9.16979
397,397956,1.29526,0.09337,-9.56484
398,398956,1.69749,-0.05507,-9.41161
399,399956,1.40779,0.33040,-9.52892
400,400956,1.94409,-0.41420,-9.22486
401,401956,0.62010,-0.05507,-9.46428
402,402956,2.77488,0.50518,-9.83059
403,403956,1.31202,-0.50039,-8.76996
404,404956,1.76692,1.51074,-10.17296
405,405956,1.92973,-0.59616,-9.05008
406,406956,1.36709,0.43335,-9.47146
407,407956,1.74537,-0.18914,-9.31823
408,408956,1.45328,0.06943,-9.52892
409,409956,1.64960,0.35913,-9.35415
410,410956,1.73101,-0.10295,-9.50019
411,411956,1.83156,0.26576,-9.48104
412,412956,0.95529,-0.42138,-9.20331
413,413956,1.66158,0.23703,-9.77074
414,414956,1.24498,-0.22505,-9.26317
415,415956,2.19069,0.73741,-9.85932
416,416956,0.77333,-1.29766,-8.80348
417,417956,1.85311,1.25696,-10.20648
418,418956,2.20027,-0.75417,-9.06684
419,419956,1.09176,0.61770,-9.44752
420,420956,2.23858,0.94332,-9.86651
421,421956,1.53468,-0.72784,-9.07642
422,422956,1.52750,0.44772,-9.60075
423,423956,1.76213,-0.17957,-9.28950
424,424956,1.53947,0.28491,-9.68455
425,425956,1.59693,-0.05507,-9.23922
426,426956,2.01352,0.39744,-9.67497
427,427956,1.35512,-0.48842,-9.16740
428,428956,1.20428,0.00239,-9.58399
429,429956,1.67115,-0.05028,-9.59596
430,430956,1.37427,0.29688,-9.56484
431,431956,2.02549,-0.26576,-9.34696
432,432956,0.52672,-0.28252,-9.43316
433,433956,2.74854,0.66080,-9.97903
434,434956,1.37188,-0.62968,-8.85615
435,435956,1.71185,1.45328,-10.25915
436,436956,1.96803,-0.57461,-9.11712
437,437956,1.34794,0.37828,-9.45231
438,438956,1.70228,-0.12210,-9.34457
439,439956,1.47483,-0.02873,-9.48822
440,440956,1.69509,0.34716,-9.41879
441,441956,1.69270,-0.19393,-9.43794
442,442956,1.86987,0.27773,-9.50737
443,443956,0.99359,-0.46926,-9.18655
444,444956,1.63524,0.23224,-9.72764
445,445956,1.18992,-0.27773,-9.24880
446,446956,2.09014,0.68474,-9.91199
447,447956,0.82600,-1.27850,-8.80109
448,448956,1.80523,1.26174,-10.22085
449,449956,2.32716,-0.70150,-9.14106
450,450956,1.12527,0.51475,-9.44513
451,451956,2.24576,1.02951,-9.92875
452,452956,1.57778,-0.80924,-8.95192
453,453956,1.46765,0.50518,-9.56723
454,454956,1.69270,-0.21308,-9.29669
455,455956,1.56581,0.28252,-9.67736
456,456956,1.57060,-0.06464,-9.22246
457,457956,2.05901,0.32561,-9.63906
458,458956,1.36469,-0.48123,-9.12191
459,459956,1.17316,-0.00958,-9.40921
460,460956,1.73340,-0.03831,-9.52892
461,461956,1.24977,0.16759,-9.55526
462,462956,2.13563,-0.06464,-9.44513
463,463956,0.51954,-0.55785,-9.32063
464,464956,2.72460,0.95529,-10.06283
465,465956,1.44849,-0.77812,-8.71250
466,466956,1.62566,1.46765,-10.03410
467,467956,2.13084,-0.42138,-9.13627
468,468956,1.37427,0.31125,-9.42597
469,469956,1.69509,-0.09816,-9.33739
470,470956,1.48441,-0.08859,-9.48343
471,471956,1.66636,0.37350,-9.45710
472,472956,1.68791,-0.16281,-9.36372
473,473956,1.95367,0.35195,-9.41400
474,474956,1.00078,-0.45490,-9.13388
475,475956,1.57778,0.21308,-9.71088
476,476956,1.33596,-0.29209,-9.27274
477,477956,2.02789,0.78051,-9.97185
478,478956,0.87867,-1.47722,-8.76038
479,479956,1.77171,1.30723,-10.22564
480,480956,2.37505,-0.77333,-9.14346
481,481956,1.11809,0.52194,-9.29429
482,482956,2.26970,1.07978,-9.88326
483,483956,1.64960,-0.75417,-8.93037
484,484956,1.52032,0.54588,-9.52653
485,485956,1.75016,-0.15083,-9.25838
486,486956,1.52271,0.28012,-9.65582
487,487956,1.59693,0.09098,-9.25119
488,488956,2.06380,0.30885,-9.72764
489,489956,1.35991,-0.40701,-9.23922
490,490956,1.09654,-0.00479,-9.39724
491,491956,1.67115,0.02394,-9.61751
492,492956,1.28569,0.15562,-9.45949
493,493956,2.22421,0.06225,-9.46907
494,494956,0.40462,-0.80924,-9.19852
495,495956,2.66714,1.04387,-10.04846
496,496956,1.58496,-0.77812,-8.76038
497,497956,1.60651,1.40779,-10.05086
498,498956,2.11647,-0.28970,-9.17698
499,499956,1.35272,0.17957,-9.41879
500,500956,1.68312,-0.01915,-9.40442
501,501956,1.55623,-0.04788,-9.45231
502,502956,1.73580,0.40701,-9.55526
503,503956,1.69031,-0.22266,-9.44273
504,504956,2.03747,0.35434,-9.58399
505,505956,1.05824,-0.55785,-9.08121
506,506956,1.49877,0.20830,-9.70131
507,507956,1.35272,-0.28012,-9.26317
508,508956,2.02310,0.71108,-9.94312
509,509956,0.99838,-1.39343,-8.77236
510,510956,1.63763,1.19950,-10.14423
511,511956,2.49236,-0.60573,-9.29429
512,512956,1.13964,0.30646,-9.30866
513,513956,2.19309,1.20668,-9.97424
514,514956,1.66636,-0.85234,-8.91361
515,515956,1.46525,0.54348,-9.56962
516,516956,1.82438,-0.21308,-9.30147
517,517956,1.48680,0.22745,-9.71088
518,518956,1.62566,0.15562,-9.29669
519,519956,2.02549,0.30406,-9.68215
520,520956,1.52989,-0.34237,-9.24162
521,521956,1.10612,-0.12929,-9.42118
522,522956,1.68791,-0.02873,-9.68694
523,523956,1.16598,0.07661,-9.35893
524,524956,2.29365,0.28730,-9.56723
525,525956,0.38547,-0.87867,-9.23444
526,526956,2.58574,1.15161,-10.28549
527,527956,1.64482,-0.83797,-8.78672
528,528956,1.49877,1.25456,-9.98382
529,529956,2.18830,-0.04310,-9.26795
530,530956,1.42694,0.08619,-9.24880
531,531956,1.59214,0.05267,-9.36612
532,532956,1.58975,-0.07661,-9.46428
533,533956,1.69270,0.38786,-9.59835
534,534956,1.56581,-0.24181,-9.33978
535,535956,2.02071,0.44772,-9.56723
536,536956,1.07260,-0.56264,-9.07642
537,537956,1.44131,0.22266,-9.68215
538,538956,1.45807,-0.21548,-9.30387
539,539956,1.89142,0.78290,-9.84496
540,540956,1.15879,-1.26893,-8.84179
541,541956,1.40540,1.01993,-10.11550
542,542956,2.53067,-0.36631,-9.38048
543,543956,1.09415,0.19393,-9.19134
544,544956,2.11887,1.36469,-10.13226
545,545956,1.77410,-0.94092,-8.94713
546,546956,1.45089,0.48363,-9.63187
547,547956,1.83396,-0.22266,-9.31344
548,548956,1.45089,0.20590,-9.71088
549,549956,1.64482,0.15083,-9.23444
550,550956,1.95846,0.22984,-9.64863
551,551956,1.54426,-0.20590,-9.30147
552,552956,1.03430,-0.09577,-9.39006
553,553956,1.70228,0.10774,-9.69173
554,554956,1.16119,-0.04549,-9.35893
555,555956,2.27689,0.37110,-9.65103
556,556956,0.38068,-1.03190,-9.03572
557,557956,2.44927,1.21147,-10.23042
558,558956,1.82438,-0.80445,-8.84418
559,559956,1.38145,1.13964,-9.88087
560,560956,2.14042,0.05267,-9.37091
561,561956,1.41976,-0.14605,-9.28471
562,562956,1.61369,0.09337,-9.39964
563,563956,1.60172,-0.10774,-9.35175
564,564956,1.70946,0.43096,-9.58878
565,565956,1.57299,-0.23942,-9.30866
566,566956,2.02071,0.46448,-9.63906
567,567956,1.19710,-0.54588,-9.15782
568,568956,1.38385,0.05986,-9.73961
569,569956,1.44849,-0.22984,-9.36372
570,570956,1.78368,0.69911,-9.89284
571,571956,1.34315,-1.05105,-8.88249
572,572956,1.11570,0.78290,-9.88087
573,573956,2.65756,-0.16041,-9.56723
574,574956,1.10133,-0.15083,-9.03572
575,575956,1.99676,1.50116,-10.08917
576,576956,1.83635,-0.91459,-8.91601
577,577956,1.41018,0.64404,-9.55526
578,578956,1.82438,-0.09337,-9.28471
579,579956,1.43173,0.14365,-9.57202
580,580956,1.60890,0.23224,-9.28471
581,581956,1.87466,0.18914,-9.66779
582,582956,1.66158,-0.19154,-9.25598
583,583956,1.03669,-0.23224,-9.33260
584,584956,1.70467,0.09816,-9.74440
585,585956,1.11570,-0.05267,-9.29190
586,586956,2.35589,0.43335,-9.60075
587,587956,0.44532,-1.18034,-8.88728
588,588956,2.46842,1.27372,-10.14902
589,589956,1.85311,-0.84276,-8.69813
590,590956,1.38864,1.12288,-9.86172
591,591956,2.17154,0.13886,-9.43555
592,592956,1.38385,-0.23463,-9.27993
593,593956,1.58257,0.20111,-9.44752
594,594956,1.58736,-0.01915,-9.36133
595,595956,1.62806,0.47166,-9.67257
596,596956,1.56341,-0.24660,-9.27753
597,597956,2.06859,0.45729,-9.60554
598,598956,1.15879,-0.55067,-9.18416
599,599956,1.37427,0.10534,-9.66060
600,600956,1.52750,-0.16999,-9.39485
601,601956,1.77410,0.59376,-9.82341
602,602956,1.45807,-0.94092,-8.94953
603,603956,1.07978,0.50996,-9.85453
604,604956,2.72700,-0.03831,-9.60314
605,605956,1.14203,-0.17238,-8.95671
606,606956,1.96325,1.41018,-10.06522
607,607956,1.88184,-0.82839,-8.93277
608,608956,1.32399,0.50518,-9.55047
609,609956,1.82199,-0.20111,-9.37330
610,610956,1.43173,0.04070,-9.61511
611,611956,1.61848,0.24181,-9.27514
612,612956,1.90339,0.11492,-9.56723
613,613956,1.72861,-0.13647,-9.29908
614,614956,1.07021,-0.20590,-9.32302
615,615956,1.72622,0.14365,-9.68694
616,616956,1.17316,-0.06225,-9.23683
617,617956,2.30562,0.57221,-9.73004
618,618956,0.44053,-1.21865,-8.94234
619,619956,2.38462,1.26174,-10.20648
620,620956,1.88424,-0.78051,-8.85855
621,621956,1.34315,1.17555,-9.86651
622,622956,2.21224,0.24660,-9.50259
623,623956,1.42934,-0.33758,-9.26077
624,624956,1.66636,0.14365,-9.45949
625,625956,1.56341,-0.13647,-9.27993
626,626956,1.56341,0.38786,-9.66300
627,627956,1.56820,-0.25379,-9.26556
628,628956,2.04465,0.51475,-9.61272
629,629956,1.19710,-0.49081,-9.20331
630,630956,1.35033,0.06704,-9.67976
631,631956,1.62806,-0.14126,-9.45231
632,632956,1.72622,0.53870,-9.80186
633,633956,1.59214,-0.84036,-8.92319
634,634956,0.96726,0.39025,-9.72046
635,635956,2.77249,0.09816,-9.66300
636,636956,1.16358,-0.28012,-8.88488
637,637956,1.91776,1.44849,-10.07001
638,638956,1.90818,-0.84755,-8.91840
639,639956,1.39821,0.54827,-9.64145
640,640956,1.84354,-0.14844,-9.36612
641,641956,1.42216,0.08619,-9.54808
642,642956,1.65200,0.23703,-9.28711
643,643956,1.81002,0.03352,-9.56244
644,644956,1.74777,-0.02873,-9.33499
645,645956,0.98641,-0.29449,-9.28232
646,646956,1.74298,0.13886,-9.77553
647,647956,1.17316,-0.16281,-9.25119
648,648956,2.33914,0.55067,-9.71088
649,649956,0.53151,-1.26893,-8.84179
650,650956,2.27928,1.29047,-10.12029
651,651956,1.98479,-0.87867,-8.80827
652,652956,1.28569,1.03669,-9.79228
653,653956,2.25294,0.47405,-9.65103
654,654956,1.50595,-0.38786,-9.19613
655,655956,1.66397,0.31125,-9.48822
656,656956,1.69509,-0.10295,-9.30387
657,657956,1.57778,0.38307,-9.63427
658,658956,1.49877,-0.16759,-9.25119
659,659956,2.06620,0.53151,-9.71328
660,660956,1.26414,-0.49081,-9.11473
661,661956,1.36469,0.08619,-9.51695
662,662956,1.65918,-0.12689,-9.39245
663,663956,1.54426,0.47884,-9.73004
664,664956,1.68791,-0.72784,-9.04529
665,665956,0.87388,0.35913,-9.74201
666,666956,2.77967,0.28252,-9.79947
667,667956,1.20428,-0.33040,-8.92558
668,668956,1.93212,1.50116,-10.20409
669,669956,1.89381,-0.80445,-8.98544
670,670956,1.36709,0.51715,-9.56723
671,671956,1.81002,-0.21548,-9.30866
672,672956,1.44370,0.00479,-9.52174
673,673956,1.72622,0.28970,-9.33499
674,674956,1.87466,0.02394,-9.57920
675,675956,1.81720,-0.00718,-9.40442
676,676956,1.01754,-0.31364,-9.20331
677,677956,1.70228,0.19872,-9.73243
678,678956,1.17316,-0.18675,-9.21049
679,679956,2.30322,0.66798,-9.83059
680,680956,0.58658,-1.27372,-8.91361
681,681956,2.14760,1.34554,-10.22085
682,682956,2.08774,-0.84994,-8.94953
683,683956,2.08774,-0.84994,-8.94953
684,684956,1.27850,0.92416,-9.66779
685,685956,2.26970,0.63207,-9.70609
686,686956,1.46525,-0.52912,-9.10275
687,687956,1.55384,0.31364,-9.49301
688,688956,1.66158,-0.10774,-9.29908
689,689956,1.58975,0.33040,-9.66779
690,690956,1.59454,-0.18196,-9.30147
691,691956,2.08535,0.48123,-9.69173
692,692956,1.27372,-0.51715,-9.16022
693,693956,1.26653,0.06704,-9.59357
694,694956,1.66876,-0.09816,-9.52413
695,695956,1.52271,0.43335,-9.67976
696,696956,1.80283,-0.51236,-9.12909
697,697956,0.75657,0.16041,-9.61990
698,698956,2.79882,0.42856,-9.80186
699,699956,1.26653,-0.43574,-8.93516
700,700956,1.85790,1.47722,-10.11790
701,701956,1.96803,-0.67516,-8.95431
702,702956,1.33596,0.53151,-9.51695
703,703956,1.76213,-0.15083,-9.27993
704,704956,1.44131,0.01915,-9.58638
705,705956,1.67115,0.27294,-9.45710
706,706956,1.75734,-0.08140,-9.57202
707,707956,1.85072,0.16041,-9.44513
708,708956,1.01035,-0.36392,-9.15303
709,709956,1.66636,0.20111,-9.73243
710,710956,1.19471,-0.26576,-9.23922
711,711956,2.28167,0.68714,-9.88566
712,712956,0.67038,-1.29287,-8.87770
713,713956,2.06859,1.34554,-10.25915
714,714956,2.17872,-0.80685,-8.97826
715,715956,1.19231,0.79248,-9.54089
716,716956,2.27449,0.81642,-9.77313
717,717956,1.51553,-0.68714,-8.95431
718,718956,1.54187,0.40941,-9.56723
719,719956,1.69270,-0.21069,-9.35415
720,720956,1.57538,0.33040,-9.68215
721,721956,1.59933,-0.08380,-9.23922
722,722956,2.06859,0.40223,-9.67976
723,723956,1.34794,-0.49321,-9.12191
724,724956,1.24977,0.05507,-9.51216
725,725956,1.66876,-0.10534,-9.47146
726,726956,1.34554,0.30646,-9.56484
727,727956,1.88663,-0.33279,-9.22486
728,728956,0.60094,-0.12689,-9.49062
729,729956,2.77249,0.60334,-9.86890
730,730956,1.28569,-0.48602,-8.79390
731,731956,1.73819,1.39821,-10.10353
732,732956,1.97522,-0.61292,-9.05727
733,733956,1.42216,0.42138,-9.45710
734,734956,1.83635,-0.10774,-9.24880
735,735956,1.48919,-0.04070,-9.46428
736,736956,1.70228,0.32082,-9.40442
737,737956,1.70946,-0.16999,-9.55765
738,738956,1.91776,0.21069,-9.48822
739,739956,1.03669,-0.41659,-9.17219
740,740956,1.63763,0.23942,-9.73004
741,741956,1.23780,-0.20590,-9.24401
742,742956,2.14042,0.72305,-9.87129
743,743956,0.82600,-1.40061,-8.76278
744,744956,1.85790,1.26414,-10.21127
745,745956,2.26491,-0.75657,-9.12191
746,746956,1.08457,0.56503,-9.44991
747,747956,2.18830,1.00078,-9.89045
748,748956,1.51553,-0.78769,-8.97107
749,749956,1.49877,0.50278,-9.55765
750,750956,1.75974,-0.20111,-9.25598
751,751956,1.53468,0.27773,-9.69173
752,752956,1.66158,-0.04070,-9.21049
753,753956,2.09971,0.37589,-9.67497
754,754956,1.29766,-0.45729,-9.17219
755,755956,1.16598,-0.02155,-9.43076
756,756956,1.67355,-0.02394,-9.54089
757,757956,1.27850,0.21548,-9.54089
758,758956,2.15718,-0.02394,-9.41640
759,759956,0.47884,-0.48842,-9.41879
760,760956,2.70784,0.90501,-10.05325
761,761956,1.46765,-0.69671,-8.80109
762,762956,1.62087,1.40300,-10.14184
763,763956,2.04944,-0.39025,-9.19852
764,764956,1.40300,0.27054,-9.42118
765,765956,1.75974,-0.05267,-9.34218
766,766956,1.53229,0.00479,-9.50259
767,767956,1.68791,0.38547,-9.47625
768,768956,1.68791,-0.18196,-9.46189
769,769956,1.97522,0.29449,-9.49301
770,770956,1.06303,-0.57461,-9.18416
771,771956,1.63763,0.18914,-9.72525
772,772956,1.37188,-0.28012,-9.21528
773,773956,2.06380,0.75657,-9.91678
774,774956,0.82121,-1.29047,-8.81306
775,775956,1.69509,1.20428,-10.29267
776,776956,2.35829,-0.64165,-9.21528
777,777956,1.02711,0.47645,-9.32063
778,778956,2.19309,1.08457,-9.97903
779,779956,1.62327,-0.86431,-8.93516
780,780956,1.43892,0.46448,-9.53611
781,781956,1.74298,-0.21069,-9.24641
782,782956,1.43892,0.26336,-9.60554
783,783956,1.64960,-0.00718,-9.20092
784,784956,2.02789,0.31843,-9.73004
785,785956,1.42455,-0.46208,-9.19134
786,786956,1.20189,-0.08140,-9.45231
787,787956,1.74298,0.00239,-9.63427
788,788956,1.24020,0.10534,-9.50019
789,789956,2.26491,0.17957,-9.59835
790,790956,0.45490,-0.82361,-9.23444
791,791956,2.64320,1.13485,-10.24000
792,792956,1.54426,-0.84276,-8.82742
793,793956,1.49877,1.42455,-10.11550
794,794956,2.09014,-0.27294,-9.21528
795,795956,1.38385,0.16520,-9.36133
796,796956,1.66636,0.00718,-9.34696
797,797956,1.52271,0.01437,-9.43316
798,798956,1.64721,0.48602,-9.51456
799,799956,1.55144,-0.22984,-9.32542
800,800956,1.99198,0.40701,-9.54329
801,801956,1.07739,-0.51715,-9.16740
802,802956,1.50116,0.17957,-9.73961
803,803956,1.39821,-0.22266,-9.26317
804,804956,1.98240,0.72784,-9.87129
805,805956,1.09176,-1.33357,-8.75081
806,806956,1.57538,1.02951,-10.06522
807,807956,2.51870,-0.50039,-9.26795
808,808956,1.10612,0.29449,-9.18416
809,809956,2.15718,1.25456,-9.99340
810,810956,1.73580,-0.85473,-8.90404
811,811956,1.47483,0.54348,-9.50498
812,812956,1.72622,-0.22984,-9.27274
813,813956,1.42216,0.14365,-9.66300
814,814956,1.56820,0.09337,-9.26556
815,815956,1.96325,0.26576,-9.74440
816,816956,1.49877,-0.27773,-9.28232
817,817956,1.06781,-0.11013,-9.40682
818,818956,1.78607,0.01676,-9.63666
819,819956,1.20189,-0.04310,-9.38288
820,820956,2.28167,0.24421,-9.51935
821,821956,0.39983,-1.00078,-9.03093
822,822956,2.54264,1.19231,-10.24479
823,823956,1.71425,-0.89783,-8.81545
824,824956,1.47004,1.30723,-10.00776
825,825956,2.13563,-0.09337,-9.35893
826,826956,1.43652,-0.00239,-9.37809
827,827956,1.67115,0.08380,-9.37091
828,828956,1.59454,-0.06943,-9.30626
829,829956,1.65918,0.36392,-9.52892
830,830956,1.59933,-0.30406,-9.30626
831,831956,2.07817,0.44532,-9.64863
832,832956,1.16358,-0.51236,-9.13388
833,833956,1.43413,0.17478,-9.64624
834,834956,1.51074,-0.17478,-9.34936
835,835956,1.84832,0.71826,-9.87608
836,836956,1.28329,-1.18034,-8.86094
837,837956,1.27372,0.92656,-9.98861
838,838956,2.61447,-0.30167,-9.41400
839,839956,1.11809,0.01197,-9.12191
840,840956,2.01592,1.39343,-10.08677
841,841956,1.75734,-0.83797,-8.91122
842,842956,1.34794,0.56503,-9.62469
843,843956,1.73580,-0.14844,-9.28711
844,844956,1.41258,0.14126,-9.67497
845,845956,1.63524,0.12450,-9.33020
846,846956,1.93451,0.17717,-9.66779
847,847956,1.63045,-0.17478,-9.29908
848,848956,1.00078,-0.15802,-9.32302
849,849956,1.66876,0.14365,-9.77792
850,850956,1.17795,-0.15083,-9.30866
851,851956,2.37265,0.50518,-9.74919
852,852956,0.43335,-1.24020,-8.97586
853,853956,2.44927,1.30245,-10.24000
854,854956,1.91776,-0.85473,-8.83700
855,855956,1.31681,1.14443,-9.90721
856,856956,2.22182,0.25379,-9.52413
857,857956,1.41737,-0.28252,-9.16740
858,858956,1.56341,0.22505,-9.43076
859,859956,1.58496,-0.07661,-9.37330
860,860956,1.70946,0.40941,-9.65342
861,861956,1.64482,-0.24660,-9.35654
862,862956,2.07338,0.44532,-9.68694
863,863956,1.18274,-0.62489,-9.13148
864,864956,1.32639,0.12689,-9.66779
865,865956,1.56341,-0.16041,-9.45949
866,866956,1.67115,0.61531,-9.81383
867,867956,1.60651,-0.84276,-9.05727
868,868956,0.95050,0.47884,-9.82820
869,869956,2.72460,0.16041,-9.68933
870,870956,1.21625,-0.29688,-8.91601
871,871956,1.96325,1.47004,-10.15860
872,872956,1.84832,-0.85234,-9.01417
873,873956,1.36469,0.51954,-9.63187
874,874956,1.82917,-0.32801,-9.37091
875,875956,1.42455,0.01676,-9.67976
876,876956,1.67115,0.26336,-9.34218
877,877956,1.81480,0.08859,-9.53611
878,878956,1.69270,-0.00479,-9.32542
879,879956,0.97444,-0.35434,-9.20571
880,880956,1.76932,0.19632,-9.66060
881,881956,1.21147,-0.18196,-9.20810
882,882956,2.26252,0.71108,-9.83778
883,883956,0.55545,-1.31681,-8.92319
884,884956,2.20745,1.40300,-10.33577
885,885956,2.01831,-0.90501,-8.92319
886,886956,1.24738,1.02951,-9.73482
887,887956,2.26013,0.51475,-9.63906
888,888956,1.43173,-0.50039,-9.14585
889,889956,1.55144,0.35674,-9.53371
890,890956,1.61369,-0.11732,-9.25119
891,891956,1.58736,0.39265,-9.64624
892,892956,1.62087,-0.23703,-9.25119
893,893956,2.12126,0.43814,-9.73243
894,894956,1.24498,-0.51236,-9.18176
895,895956,1.25456,0.07183,-9.59835
896,896956,1.60890,-0.08859,-9.43555
897,897956,1.48680,0.43335,-9.71328
898,898956,1.80523,-0.42138,-9.16740
899,899956,0.68235,-0.02873,-9.59596
900,900956,2.70305,0.51954,-9.85932
901,901956,1.28569,-0.50996,-8.85136
902,902956,1.83396,1.46525,-10.08198
903,903956,1.96325,-0.68714,-9.04769
904,904956,1.40540,0.53151,-9.58160
905,905956,1.82438,-0.11013,-9.38288
906,906956,1.48441,0.01676,-9.60075
907,907956,1.69988,0.33519,-9.45470
908,908956,1.73819,-0.01676,-9.55526
909,909956,1.82917,0.15562,-9.44273
910,910956,1.03908,-0.37350,-9.23922
911,911956,1.67594,0.16041,-9.76355
912,912956,1.15161,-0.25857,-9.24162
913,913956,2.17633,0.70629,-9.93833
914,914956,0.71587,-1.36469,-8.81306
915,915956,1.97043,1.29287,-10.23282
916,916956,2.22661,-0.76614,-9.08360
917,917956,1.15640,0.73023,-9.54808
918,918956,2.24097,0.86670,-9.85693
919,919956,1.49638,-0.66559,-9.03811
920,920956,1.45328,0.44053,-9.61511
921,921956,1.65200,-0.13886,-9.27993
922,922956,1.54426,0.27773,-9.65103
923,923956,1.62806,-0.06464,-9.21528
924,924956,2.04704,0.41659,-9.71806
925,925956,1.31681,-0.45011,-9.22246
926,926956,1.22823,0.06225,-9.55287
927,927956,1.72622,-0.06225,-9.50977
928,928956,1.37667,0.30646,-9.52653
929,929956,2.04704,-0.19632,-9.27035
930,930956,0.51715,-0.31125,-9.37569
931,931956,2.80840,0.79248,-9.99100
932,932956,1.41497,-0.65122,-8.79630
933,933956,1.69749,1.47243,-10.10353
934,934956,2.03028,-0.49081,-9.15303
935,935956,1.39821,0.36871,-9.48343
936,936956,1.78368,-0.08140,-9.27514
937,937956,1.53229,0.03352,-9.50498
938,938956,1.69988,0.37589,-9.55287
939,939956,1.65679,-0.15802,-9.48822
940,940956,1.96085,0.29209,-9.52413
941,941956,1.00796,-0.52433,-9.08600
942,942956,1.52271,0.20351,-9.63906
943,943956,1.29047,-0.28970,-9.20571
944,944956,2.09493,0.80924,-9.91199
945,945956,0.92656,-1.28569,-8.84418
946,946956,1.61609,1.18752,-10.21366
947,947956,2.40378,-0.58897,-9.20092
948,948956,1.08936,0.37110,-9.26795
949,949956,2.22421,1.07739,-9.93833
950,950956,1.64960,-0.85952,-8.95192
951,951956,1.46286,0.57940,-9.63906
952,952956,1.74298,-0.14605,-9.37809
953,953956,1.48441,0.26336,-9.72046
954,954956,1.56102,-0.01197,-9.27274
955,955956,2.03507,0.31843,-9.68215
956,956956,1.43652,-0.36392,-9.20092
957,957956,1.13246,-0.01915,-9.45710
958,958956,1.74298,0.00000,-9.60314
959,959956,1.22823,0.09577,-9.38766
960,960956,2.22421,0.18196,-9.55526
961,961956,0.43096,-0.77333,-9.16022
962,962956,2.63602,1.07500,-10.15141
963,963956,1.56102,-0.80685,-8.80827
964,964956,1.52271,1.35991,-10.05804
965,965956,2.09014,-0.28491,-9.27035
966,966956,1.41737,0.11971,-9.39724
967,967956,1.69031,0.00479,-9.39485
968,968956,1.53468,-0.02873,-9.43316
969,969956,1.69031,0.43574,-9.51695
970,970956,1.58736,-0.21787,-9.34696
971,971956,1.96803,0.45729,-9.60554
972,972956,1.07978,-0.56264,-9.20092
973,973956,1.50116,0.14365,-9.72046
974,974956,1.47483,-0.23224,-9.32542
975,975956,1.98240,0.64165,-9.88087
976,976956,1.14203,-1.11570,-8.82982
977,977956,1.42455,0.90261,-10.02931
978,978956,2.54025,-0.34955,-9.34218
979,979956,1.12527,0.12450,-9.13148
980,980956,2.09253,1.29766,-10.01495
981,981956,1.77889,-0.87867,-8.92319
982,982956,1.44849,0.56024,-9.52653
983,983956,1.77410,-0.16520,-9.21049
984,984956,1.48201,0.14844,-9.67976
985,985956,1.63285,0.16281,-9.26317
986,986956,1.93691,0.28012,-9.67257
987,987956,1.51792,-0.24181,-9.27514
988,988956,1.07739,-0.14126,-9.41161
989,989956,1.73580,0.05028,-9.65821
990,990956,1.15640,-0.04070,-9.31344
991,991956,2.31040,0.31364,-9.57920
992,992956,0.41180,-1.06063,-9.04290
993,993956,2.58095,1.23062,-10.26634
994,994956,1.73340,-0.87867,-8.80827
995,995956,1.41258,1.29287,-9.98143
996,996956,2.21224,-0.01676,-9.39724
997,997956,1.39343,-0.16281,-9.28471
998,998956,1.68073,0.10056,-9.44273
999,999956,1.58736,-0.11013,-9.39006
1000,1000956,1.60412,0.45011,-9.55047
1001,1001956,1.54665,-0.20351,-9.34936
1002,1002956,2.01113,0.43335,-9.56005
1003,1003956,1.17076,-0.51475,-9.07402
1004,1004956,1.43173,0.10534,-9.70131
1005,1005956,1.55144,-0.18914,-9.29908
1006,1006956,1.77889,0.60573,-9.76355
1007,1007956,1.40061,-0.93374,-8.93037
1008,1008956,1.10373,0.70629,-9.95270
1009,1009956,2.65038,-0.04788,-9.59596
1010,1010956,1.11570,-0.10774,-8.99980
1011,1011956,1.98958,1.47483,-10.09395
1012,1012956,1.84832,-0.91698,-8.95192
1013,1013956,1.37667,0.51236,-9.54808
1014,1014956,1.88663,-0.19872,-9.24880
1015,1015956,1.41976,0.07183,-9.59357
1016,1016956,1.61130,0.14365,-9.30387
1017,1017956,1.89381,0.13168,-9.62708
1018,1018956,1.66636,-0.16759,-9.35654
1019,1019956,1.03669,-0.26097,-9.31823
1020,1020956,1.76692,0.12689,-9.71806
1021,1021956,1.18034,-0.19872,-9.35893
1022,1022956,2.31759,0.59616,-9.77553
1023,1023956,0.45729,-1.32399,-8.99741
1024,1024956,2.29843,1.24259,-10.24718
1025,1025956,1.89860,-0.88585,-8.83221
1026,1026956,1.33596,1.01754,-9.79228
1027,1027956,2.17154,0.30885,-9.52892
1028,1028956,1.36230,-0.31843,-9.24162
1029,1029956,1.64482,0.26097,-9.41400
1030,1030956,1.58017,-0.06225,-9.32063
1031,1031956,1.58736,0.42377,-9.58160
1032,1032956,1.52511,-0.16041,-9.29190
1033,1033956,2.00634,0.49560,-9.71088
1034,1034956,1.23780,-0.56503,-9.14106
1035,1035956,1.39343,0.06704,-9.58638
1036,1036956,1.63763,-0.15083,-9.42118
1037,1037956,1.68312,0.55545,-9.82102
1038,1038956,1.66158,-0.75657,-9.02614
1039,1039956,0.85712,0.33998,-9.74201
1040,1040956,2.76770,0.19632,-9.67497
1041,1041956,1.14443,-0.30885,-8.87531
1042,1042956,1.88903,1.47962,-10.16817
1043,1043956,1.86748,-0.76375,-8.95671
1044,1044956,1.30484,0.51236,-9.56005
1045,1045956,1.78607,-0.12689,-9.31823
1046,1046956,1.39103,0.08380,-9.56962
1047,1047956,1.65439,0.28970,-9.31823
1048,1048956,1.81002,0.05507,-9.54329
1049,1049956,1.76453,0.00958,-9.43076
1050,1050956,1.00078,-0.35913,-9.20571
1051,1051956,1.67355,0.14365,-9.73961
1052,1052956,1.13964,-0.22745,-9.24880
1053,1053956,2.30801,0.67756,-9.82580
1054,1054956,0.58419,-1.29766,-8.92319
1055,1055956,2.07338,1.37906,-10.30225
1056,1056956,2.08774,-0.82600,-8.95192
1057,1057956,1.29526,0.84994,-9.67018
1058,1058956,2.28407,0.57940,-9.67018
1059,1059956,1.45807,-0.60573,-9.08600
1060,1060956,1.56102,0.39025,-9.46189
1061,1061956,1.66158,-0.15323,-9.32542
1062,1062956,1.60890,0.36152,-9.59596
1063,1063956,1.64242,-0.15562,-9.22725
1064,1064956,2.06141,0.50278,-9.69652
1065,1065956,1.32639,-0.50039,-9.18655
1066,1066956,1.25217,0.01676,-9.55287
1067,1067956,1.67834,-0.08380,-9.37091
1068,1068956,1.53468,0.45490,-9.64863
1069,1069956,1.88663,-0.47884,-9.21049
1070,1070956,0.68953,-0.06225,-9.55765
1071,1071956,2.81079,0.57700,-9.87369
1072,1072956,1.34554,-0.58419,-8.83460
1073,1073956,1.81241,1.55144,-10.16099
1074,1074956,1.93930,-0.76375,-9.03093
1075,1075956,1.37667,0.49799,-9.48583
1076,1076956,1.78607,-0.16281,-9.24880
1077,1077956,1.44610,0.00718,-9.46667
1078,1078956,1.62806,0.33040,-9.35175
1079,1079956,1.69270,-0.10056,-9.50737
1080,1080956,1.79086,0.16759,-9.43555
1081,1081956,1.05345,-0.34716,-9.16740
1082,1082956,1.69509,0.19632,-9.77792
1083,1083956,1.20907,-0.20830,-9.26795
1084,1084956,2.24097,0.78051,-9.91439
1085,1085956,0.70390,-1.43652,-8.83221
1086,1086956,1.97043,1.35512,-10.26394
1087,1087956,2.21224,-0.86910,-8.99980
1088,1088956,1.16837,0.73741,-9.57202
1089,1089956,2.31040,0.79966,-9.82102
1090,1090956,1.52511,-0.76136,-8.97347
1091,1091956,1.58496,0.42617,-9.50977
1092,1092956,1.69988,-0.17238,-9.29190
1093,1093956,1.59454,0.33519,-9.68455
1094,1094956,1.57778,-0.07422,-9.26317
1095,1095956,2.06141,0.38307,-9.66779
1096,1096956,1.30245,-0.46448,-9.16740
1097,1097956,1.15879,0.03591,-9.57920
1098,1098956,1.66397,-0.01676,-9.50737
1099,1099956,1.37188,0.28491,-9.56005
1100,1100956,2.01113,-0.13647,-9.32063
1101,1101956,0.46208,-0.37110,-9.37330
1102,1102956,2.73897,0.77812,-10.02213
1103,1103956,1.41976,-0.66080,-8.84658
1104,1104956,1.64482,1.46046,-10.16817
1105,1105956,2.03028,-0.53391,-9.12191
1106,1106956,1.41976,0.35674,-9.44034
1107,1107956,1.76453,-0.08859,-9.29190
1108,1108956,1.44849,0.03112,-9.50737
1109,1109956,1.66876,0.39504,-9.44991
1110,1110956,1.68312,-0.11013,-9.54568
1111,1111956,1.91776,0.23942,-9.52892
1112,1112956,1.01754,-0.49321,-9.19134
1113,1113956,1.64960,0.17717,-9.77313
1114,1114956,1.28090,-0.31364,-9.20810
1115,1115956,2.12126,0.79009,-9.87129
1116,1116956,0.88585,-1.40779,-8.74602
1117,1117956,1.86508,1.35512,-10.24958
1118,1118956,2.33914,-0.69671,-9.07402
1119,1119956,1.14682,0.57221,-9.43316
1120,1120956,2.25294,0.98402,-9.88087
1121,1121956,1.59214,-0.84994,-8.93516
1122,1122956,1.50835,0.52672,-9.52653
1123,1123956,1.74537,-0.12450,-9.31105
1124,1124956,1.48201,0.27533,-9.69173
1125,1125956,1.54905,-0.03112,-9.23683
1126,1126956,1.95846,0.32801,-9.68933
1127,1127956,1.36948,-0.43096,-9.18176
1128,1128956,1.18752,-0.01437,-9.42358
1129,1129956,1.75974,-0.03831,-9.56244
1130,1130956,1.29047,0.09577,-9.52174
1131,1131956,2.24097,0.09577,-9.48822
1132,1132956,0.43814,-0.75896,-9.22725
1133,1133956,2.68629,1.05345,-10.08917
1134,1134956,1.55623,-0.81163,-8.69335
1135,1135956,1.52750,1.39103,-10.04368
1136,1136956,2.07098,-0.32801,-9.16979
1137,1137956,1.40779,0.23942,-9.38527
1138,1138956,1.72143,-0.11492,-9.34218
1139,1139956,1.50116,-0.02873,-9.45470
1140,1140956,1.68312,0.45969,-9.50977
1141,1141956,1.57299,-0.22505,-9.40203
1142,1142956,1.91057,0.41659,-9.54089
1143,1143956,1.05345,-0.46448,-9.12191
1144,1144956,1.50595,0.18675,-9.76834
1145,1145956,1.35512,-0.23224,-9.31105
1146,1146956,2.02789,0.80924,-9.94791
1147,1147956,1.00556,-1.29526,-8.77714
1148,1148956,1.57778,1.18034,-10.15381
1149,1149956,2.44209,-0.55785,-9.25119
1150,1150956,1.03669,0.34716,-9.23683
1151,1151956,2.15718,1.23541,-9.96227
1152,1152956,1.61369,-0.86910,-8.86812
1153,1153956,1.43652,0.56743,-9.58638
1154,1154956,1.75974,-0.17957,-9.36372
1155,1155956,1.44370,0.19632,-9.69891
1156,1156956,1.60890,0.11971,-9.27993
1157,1157956,2.05662,0.24900,-9.72525
1158,1158956,1.46525,-0.38547,-9.22246
1159,1159956,1.12527,-0.12450,-9.39245
1160,1160956,1.81002,0.02394,-9.61033
1161,1161956,1.28329,0.05267,-9.38527
1162,1162956,2.36308,0.33998,-9.57920
1163,1163956,0.39744,-1.05345,-9.02853
1164,1164956,2.57616,1.30005,-10.08677
1165,1165956,1.61609,-0.87867,-8.70532
1166,1166956,1.43413,1.36230,-10.03649
1167,1167956,2.14999,-0.09577,-9.34696
1168,1168956,1.43892,-0.00479,-9.26795
1169,1169956,1.68552,0.05986,-9.34457
1170,1170956,1.58736,-0.09337,-9.38527
1171,1171956,1.63763,0.43335,-9.48583
1172,1172956,1.55863,-0.21787,-9.27035
1173,1173956,2.01352,0.45729,-9.52653
1174,1174956,1.13246,-0.57461,-9.11233
1175,1175956,1.45089,0.09577,-9.72285
1176,1176956,1.44131,-0.19872,-9.30387
1177,1177956,1.89860,0.67277,-9.92157
1178,1178956,1.26174,-1.08457,-8.87770
1179,1179956,1.31202,0.78290,-9.94551
1180,1180956,2.60010,-0.17478,-9.44513
1181,1181956,1.12049,0.11732,-9.08839
1182,1182956,2.06141,1.36709,-10.07001
1183,1183956,1.78607,-0.84276,-8.95910
1184,1184956,1.47962,0.55545,-9.52413
1185,1185956,1.86269,-0.12450,-9.33260
1186,1186956,1.44131,0.15323,-9.63187
1187,1187956,1.63285,0.22266,-9.20331
1188,1188956,1.91536,0.22984,-9.63906
1189,1189956,1.60890,-0.22745,-9.29429
1190,1190956,1.04627,-0.19393,-9.28950
1191,1191956,1.77889,0.06464,-9.62469
1192,1192956,1.15161,-0.06464,-9.33260
1193,1193956,2.31998,0.38547,-9.66060
1194,1194956,0.42377,-1.15879,-8.93037
1195,1195956,2.45406,1.38385,-10.24718
1196,1196956,1.75256,-0.90261,-8.76996
1197,1197956,1.36948,1.27850,-9.90960
1198,1198956,2.14760,0.09577,-9.38527
1199,1199956,1.41737,-0.19393,-9.23204
1200,1200956,1.66876,0.16281,-9.47625
1201,1201956,1.65679,-0.07901,-9.44991
1202,1202956,1.63045,0.38547,-9.65582
1203,1203956,1.57538,-0.24421,-9.32063
1204,1204956,2.00634,0.46448,-9.58878
1205,1205956,1.19231,-0.57940,-9.05487
1206,1206956,1.39582,0.08619,-9.63906
1207,1207956,1.55384,-0.24181,-9.40442
1208,1208956,1.73101,0.56264,-9.79707
1209,1209956,1.45567,-0.86670,-8.96868
1210,1210956,1.04387,0.50757,-9.81144
1211,1211956,2.69827,0.02394,-9.63906
1212,1212956,1.18034,-0.28970,-9.06445
1213,1213956,1.95127,1.39343,-10.12508
1214,1214956,1.87466,-0.90261,-8.96629
1215,1215956,1.34315,0.49799,-9.55287
1216,1216956,1.74058,-0.15562,-9.32063
1217,1217956,1.39821,0.10774,-9.56244
1218,1218956,1.62806,0.27773,-9.27035
1219,1219956,1.83875,0.09577,-9.60793
1220,1220956,1.69509,-0.06704,-9.31584
1221,1221956,1.04148,-0.24900,-9.27035
1222,1222956,1.74537,0.13168,-9.70609
1223,1223956,1.20668,-0.14605,-9.27993
1224,1224956,2.33674,0.56503,-9.75158
1225,1225956,0.48602,-1.29766,-8.90882
1226,1226956,2.39420,1.37427,-10.31901
1227,1227956,1.90339,-1.00078,-8.83700
1228,1228956,1.24977,1.17076,-9.82820
1229,1229956,2.26491,0.28491,-9.55765
1230,1230956,1.39103,-0.39504,-9.09078
1231,1231956,1.60651,0.28491,-9.45949
1232,1232956,1.61130,-0.15083,-9.31105
1233,1233956,1.60890,0.37350,-9.61272
1234,1234956,1.58736,-0.21548,-9.28950
1235,1235956,2.05422,0.45250,-9.63666
1236,1236956,1.23780,-0.56024,-9.04529
1237,1237956,1.33596,0.02155,-9.55765
1238,1238956,1.62087,-0.16041,-9.36612
1239,1239956,1.59933,0.48123,-9.73722
1240,1240956,1.66876,-0.57700,-9.10036
1241,1241956,0.85952,0.24660,-9.68455
1242,1242956,2.66235,0.36152,-9.77313
1243,1243956,1.25217,-0.33279,-8.91601
1244,1244956,1.87227,1.49159,-10.18015
1245,1245956,1.94170,-0.72544,-9.01178
1246,1246956,1.40300,0.49321,-9.55287
1247,1247956,1.80762,-0.13886,-9.33260
1248,1248956,1.44131,0.05746,-9.58878
1249,1249956,1.64960,0.25857,-9.27753
1250,1250956,1.86748,0.02873,-9.58160
1251,1251956,1.80283,0.06464,-9.40682
1252,1252956,1.00556,-0.36152,-9.24162
1253,1253956,1.71904,0.14844,-9.73004
1254,1254956,1.24020,-0.17957,-9.31344
1255,1255956,2.35829,0.64883,-9.85932
1256,1256956,0.54348,-1.32878,-8.86333
1257,1257956,2.23379,1.46765,-10.34774
1258,1258956,2.03986,-1.01993,-8.90882
1259,1259956,1.16837,1.02472,-9.70849
1260,1260956,2.22421,0.56982,-9.71088
1261,1261956,1.44131,-0.59616,-9.05966
1262,1262956,1.58257,0.35195,-9.48583
1263,1263956,1.65679,-0.15562,-9.30147
1264,1264956,1.57538,0.35195,-9.69173
1265,1265956,1.53947,-0.16759,-9.29429
1266,1266956,2.03268,0.44053,-9.71567
1267,1267956,1.26414,-0.51715,-9.08839
1268,1268956,1.26893,0.05986,-9.52413
1269,1269956,1.63285,-0.07901,-9.49301
1270,1270956,1.42216,0.42617,-9.64863
1271,1271956,1.85790,-0.50278,-9.14824
1272,1272956,0.63446,-0.02155,-9.60554
1273,1273956,2.73897,0.50278,-9.90002
1274,1274956,1.26893,-0.49081,-8.90164
1275,1275956,1.82678,1.53947,-10.16099
1276,1276956,1.98240,-0.65601,-9.02135
1277,1277956,1.32639,0.45729,-9.42837
1278,1278956,1.69270,-0.11013,-9.30387
1279,1279956,1.44610,0.01197,-9.58399
1280,1280956,1.67834,0.34716,-9.36612
1281,1281956,1.72143,-0.06943,-9.57920
1282,1282956,1.84593,0.16759,-9.42358
1283,1283956,0.99120,-0.44293,-9.13627
1284,1284956,1.65439,0.15323,-9.70370
1285,1285956,1.13725,-0.26336,-9.25119
1286,1286956,2.17633,0.82121,-9.86411
1287,1287956,0.78290,-1.39343,-8.83939
1288,1288956,2.03747,1.42455,-10.31901
1289,1289956,2.20027,-0.84276,-8.99502
1290,1290956,1.09415,0.69911,-9.51216
1291,1291956,2.26013,0.81642,-9.85932
1292,1292956,1.52032,-0.74939,-9.00699
1293,1293956,1.50595,0.42138,-9.61272
1294,1294956,1.68791,-0.21308,-9.31584
1295,1295956,1.57778,0.31125,-9.73961
1296,1296956,1.53229,-0.09337,-9.29908
1297,1297956,2.07817,0.40701,-9.70370
1298,1298956,1.35272,-0.53630,-9.17698
1299,1299956,1.22583,0.00718,-9.51935
1300,1300956,1.70946,-0.07183,-9.54089
1301,1301956,1.35033,0.24900,-9.55765
1302,1302956,2.02071,-0.25139,-9.33499
1303,1303956,0.52433,-0.45250,-9.38048
1304,1304956,2.75573,0.80445,-10.02692
1305,1305956,1.35751,-0.68714,-8.83221
1306,1306956,1.60412,1.48680,-10.12029
1307,1307956,2.00874,-0.48842,-9.09318
1308,1308956,1.38145,0.37589,-9.45470
1309,1309956,1.71904,-0.08859,-9.31584
1310,1310956,1.51074,-0.00718,-9.45949
1311,1311956,1.70228,0.37828,-9.49540
1312,1312956,1.65200,-0.17717,-9.51935
1313,1313956,1.91776,0.33758,-9.43794
1314,1314956,1.02472,-0.44532,-9.12909
1315,1315956,1.60412,0.20351,-9.68215
1316,1316956,1.24977,-0.29449,-9.23683
1317,1317956,2.08296,0.76375,-9.92157
1318,1318956,0.93134,-1.22583,-8.78672
1319,1319956,1.68073,1.26653,-10.18015
1320,1320956,2.34153,-0.67516,-9.15782
1321,1321956,1.07260,0.44532,-9.35175
1322,1322956,2.21942,1.08936,-10.09395
1323,1323956,1.63524,-0.79966,-8.99741
1324,1324956,1.46286,0.46208,-9.61511
1325,1325956,1.75734,-0.24421,-9.33739
1326,1326956,1.47004,0.24660,-9.71328
1327,1327956,1.56341,0.01676,-9.24641
1328,1328956,2.03028,0.36392,-9.68455
1329,1329956,1.45567,-0.38786,-9.20810
1330,1330956,1.18513,-0.01915,-9.50259
1331,1331956,1.75256,-0.01197,-9.69652
1332,1332956,1.23780,0.09337,-9.50977
1333,1333956,2.20027,0.09098,-9.51456
1334,1334956,0.44053,-0.84036,-9.17698
1335,1335956,2.67911,1.11091,-10.20409
1336,1336956,1.60412,-0.88825,-8.79151
1337,1337956,1.53708,1.50835,-10.07959
1338,1338956,2.19788,-0.32082,-9.25119
1339,1339956,1.39582,0.16281,-9.31344
1340,1340956,1.68552,-0.05507,-9.26077
1341,1341956,1.51792,-0.06464,-9.39006
1342,1342956,1.62566,0.40462,-9.50259
1343,1343956,1.63045,-0.23463,-9.35415
1344,1344956,1.92015,0.44772,-9.54089
1345,1345956,1.01514,-0.48123,-9.12191
1346,1346956,1.49638,0.16520,-9.75158
1347,1347956,1.44849,-0.24900,-9.29190
1348,1348956,1.99676,0.67277,-9.91918
1349,1349956,1.14203,-1.21865,-8.83700
1350,1350956,1.51074,0.90740,-10.00537
1351,1351956,2.57856,-0.40701,-9.33739
1352,1352956,1.16598,0.18914,-9.23922
1353,1353956,2.16436,1.36230,-10.10114
1354,1354956,1.75495,-0.86431,-8.98304
1355,1355956,1.39103,0.47884,-9.63666
1356,1356956,1.76453,-0.17238,-9.35175
1357,1357956,1.42934,0.18675,-9.63427
1358,1358956,1.59454,0.09337,-9.20092
1359,1359956,2.00874,0.27294,-9.63427
1360,1360956,1.56341,-0.29688,-9.21049
1361,1361956,1.10612,-0.12929,-9.33020
1362,1362956,1.80762,0.06225,-9.61511
1363,1363956,1.19471,-0.07422,-9.33739
1364,1364956,2.35589,0.27054,-9.63427
1365,1365956,0.42377,-1.05584,-9.06205
1366,1366956,2.55222,1.24738,-10.19691
1367,1367956,1.69509,-0.92895,-8.72447
1368,1368956,1.41976,1.31921,-9.94791
1369,1369956,2.16675,-0.02873,-9.38048
1370,1370956,1.42216,-0.08859,-9.31105
1371,1371956,1.63045,0.09816,-9.38048
1372,1372956,1.61609,-0.04788,-9.42837
1373,1373956,1.69509,0.40462,-9.63187
1374,1374956,1.63285,-0.24660,-9.30626
1375,1375956,2.07577,0.44772,-9.59596
1376,1376956,1.18034,-0.52433,-9.05966
1377,1377956,1.44131,0.15802,-9.75637
1378,1378956,1.49638,-0.19632,-9.34696
1379,1379956,1.75974,0.73263,-9.82580
1380,1380956,1.36948,-1.02711,-8.90404
1381,1381956,1.20189,0.75417,-9.98622
1382,1382956,2.63362,-0.15562,-9.56723
1383,1383956,1.10133,-0.09337,-9.05966
1384,1384956,1.99916,1.43652,-10.08198
1385,1385956,1.82199,-0.87149,-8.98783
1386,1386956,1.41737,0.51236,-9.58399
1387,1387956,1.79326,-0.26097,-9.29190
1388,1388956,1.43892,0.09816,-9.62708
1389,1389956,1.64721,0.22984,-9.32302
1390,1390956,1.84114,0.17957,-9.63906
1391,1391956,1.65200,-0.13408,-9.24880
1392,1392956,1.04148,-0.25139,-9.30866
1393,1393956,1.74058,0.09816,-9.75877
1394,1394956,1.11091,-0.18435,-9.36851
1395,1395956,2.37265,0.55067,-9.72046
1396,1396956,0.46926,-1.26174,-8.82982
1397,1397956,2.30562,1.46046,-10.28070
1398,1398956,1.90339,-0.97683,-8.81306
1399,1399956,1.25696,1.09894,-9.84735
1400,1400956,2.19548,0.28970,-9.55047
1401,1401956,1.41737,-0.35913,-9.17219
1402,1402956,1.57538,0.30406,-9.40442
1403,1403956,1.61130,-0.09337,-9.29429
1404,1404956,1.60890,0.41420,-9.63906
1405,1405956,1.55144,-0.25379,-9.29190
1406,1406956,2.06141,0.53630,-9.77792
1407,1407956,1.18992,-0.57221,-9.21528
1408,1408956,1.37906,0.07183,-9.60793
1409,1409956,1.61369,-0.15562,-9.38288
1410,1410956,1.54187,0.50278,-9.76834
1411,1411956,1.66158,-0.64643,-9.07881
1412,1412956,0.87149,0.16759,-9.66779
1413,1413956,2.73418,0.31843,-9.73722
1414,1414956,1.24498,-0.40462,-8.84418
1415,1415956,1.85790,1.41976,-10.09874
1416,1416956,1.94409,-0.72065,-9.06684
1417,1417956,1.33596,0.51954,-9.51935
1418,1418956,1.73819,-0.20830,-9.28232
1419,1419956,1.42216,0.03831,-9.52413
1420,1420956,1.66636,0.31603,-9.38048
1421,1421956,1.79805,0.00958,-9.61033
1422,1422956,1.82438,0.04549,-9.39006
1423,1423956,1.02951,-0.37589,-9.28471
1424,1424956,1.76213,0.13408,-9.77553
1425,1425956,1.21147,-0.22505,-9.30626
1426,1426956,2.29365,0.66080,-9.88805
1427,1427956,0.64883,-1.29047,-8.83221
1428,1428956,2.14042,1.33357,-10.29746
1429,1429956,2.10450,-0.93613,-8.97826
1430,1430956,1.18034,0.92416,-9.73722
1431,1431956,2.30322,0.59616,-9.78510
1432,1432956,1.52989,-0.59855,-9.16261
1433,1433956,1.60890,0.37828,-9.53132
1434,1434956,1.67355,-0.16759,-9.33020
1435,1435956,1.55144,0.35674,-9.67497
1436,1436956,1.56581,-0.15083,-9.21289
1437,1437956,2.02549,0.44772,-9.75877
1438,1438956,1.24977,-0.49081,-9.12191
1439,1439956,1.28090,0.05746,-9.58399
1440,1440956,1.67594,-0.10056,-9.44034
1441,1441956,1.47004,0.30406,-9.55287
1442,1442956,1.97043,-0.33758,-9.26795
1443,1443956,0.64165,-0.18196,-9.52413
1444,1444956,2.76291,0.61292,-9.93354
1445,1445956,1.39821,-0.56503,-8.82503
1446,1446956,1.75974,1.52032,-10.17057
1447,1447956,2.00634,-0.65122,-9.13627
1448,1448956,1.42216,0.40223,-9.50977
1449,1449956,1.73101,-0.15083,-9.31344
1450,1450956,1.48441,-0.03591,-9.48583
1451,1451956,1.66636,0.36152,-9.40203
1452,1452956,1.70707,-0.12929,-9.50259
1453,1453956,1.89860,0.22505,-9.48104
1454,1454956,0.91937,-0.43096,-9.15782
1455,1455956,1.60890,0.24181,-9.68933
1456,1456956,1.26893,-0.28491,-9.22725
1457,1457956,2.21224,0.73981,-9.91199
1458,1458956,0.79009,-1.32399,-8.79630
1459,1459956,1.75974,1.29766,-10.25676
1460,1460956,2.21224,-0.78769,-9.09078
1461,1461956,1.06781,0.54348,-9.42597
1462,1462956,2.22421,0.98881,-9.92875
1463,1463956,1.56581,-0.84994,-8.98783
1464,1464956,1.51792,0.47645,-9.56484
1465,1465956,1.71425,-0.22745,-9.32302
1466,1466956,1.51792,0.25857,-9.67018
1467,1467956,1.59214,-0.07422,-9.18176
1468,1468956,2.08296,0.40701,-9.70609
1469,1469956,1.38385,-0.47405,-9.14346
1470,1470956,1.17795,-0.01197,-9.47146
1471,1471956,1.74537,-0.03831,-9.60075
1472,1472956,1.32160,0.23942,-9.50977
1473,1473956,2.17872,0.00958,-9.48583
1474,1474956,0.51475,-0.61770,-9.27035
1475,1475956,2.67672,0.99359,-10.03649
1476,1476956,1.51553,-0.74460,-8.71968
1477,1477956,1.55384,1.39103,-10.02452
1478,1478956,2.09493,-0.38786,-9.16500
1479,1479956,1.39821,0.24181,-9.31105
1480,1480956,1.69749,-0.08140,-9.27753
1481,1481956,1.54187,-0.02634,-9.47625
1482,1482956,1.71185,0.39983,-9.47864
1483,1483956,1.65679,-0.21548,-9.39006
1484,1484956,1.96564,0.39983,-9.56484
1485,1485956,1.04387,-0.54827,-9.10515
1486,1486956,1.55863,0.20590,-9.73004
1487,1487956,1.35512,-0.19154,-9.18895
1488,1488956,2.04465,0.71347,-9.86890
1489,1489956,1.07500,-1.17316,-8.83460
1490,1490956,1.58257,1.06303,-10.11071
1491,1491956,2.49476,-0.44532,-9.24162
1492,1492956,1.12049,0.24660,-9.13148
1493,1493956,2.25055,1.22344,-10.03649
1494,1494956,1.71664,-0.85712,-8.95431
1495,1495956,1.42455,0.50518,-9.54329
1496,1496956,1.72383,-0.23942,-9.20331
1497,1497956,1.41018,0.15802,-9.67018
1498,1498956,1.64482,0.04310,-9.24880
1499,1499956,1.95127,0.31843,-9.72046
1500,1500956,1.46765,-0.32561,-9.30626
1501,1501956,1.11809,-0.13168,-9.34218
1502,1502956,1.67115,0.03831,-9.64145
1503,1503956,1.18034,-0.01915,-9.37809
1504,1504956,2.24337,0.34955,-9.60314
1505,1505956,0.38307,-1.02951,-9.09557
1506,1506956,2.53785,1.24020,-10.18015
1507,1507956,1.67355,-0.90740,-8.73165
1508,1508956,1.41737,1.26653,-9.92875
1509,1509956,2.15718,-0.06943,-9.32781
1510,1510956,1.36230,-0.05028,-9.33260
1511,1511956,1.59693,-0.01915,-9.43076
1512,1512956,1.56581,-0.08619,-9.41400
1513,1513956,1.63763,0.41659,-9.59357
1514,1514956,1.61369,-0.27773,-9.38288
1515,1515956,2.03507,0.47405,-9.61272
1516,1516956,1.17795,-0.56982,-9.11233
1517,1517956,1.46046,0.18435,-9.71088
1518,1518956,1.47962,-0.17957,-9.31823
1519,1519956,1.83156,0.56743,-9.91918
1520,1520956,1.43413,-1.00078,-8.93995
1521,1521956,1.14443,0.62728,-9.93833
1522,1522956,2.61447,-0.03831,-9.57202
1523,1523956,1.14682,-0.06225,-9.14585
1524,1524956,2.07817,1.38145,-10.21845
1525,1525956,1.89381,-0.79727,-8.97107
1526,1526956,1.89381,-0.79727,-8.97107
1527,1527956,1.41976,0.56743,-9.56005
1528,1528956,1.84354,-0.20111,-9.31823
1529,1529956,1.43652,0.10056,-9.61511
1530,1530956,1.66397,0.18435,-9.33978
1531,1531956,1.84354,0.16041,-9.58878
1532,1532956,1.62087,-0.10534,-9.29429
1533,1533956,1.05105,-0.20830,-9.24401
1534,1534956,1.69509,0.16759,-9.67257
1535,1535956,1.15640,-0.11732,-9.23683
1536,1536956,2.30322,0.59376,-9.75398
1537,1537956,0.49321,-1.36709,-8.84658
1538,1538956,2.31759,1.51314,-10.28788
1539,1539956,1.88184,-1.01514,-8.73405
1540,1540956,1.26174,1.22823,-9.80426
1541,1541956,2.23379,0.28730,-9.56244
1542,1542956,1.39103,-0.38786,-9.16500
1543,1543956,1.66158,0.22984,-9.53611
1544,1544956,1.64482,-0.16041,-9.29908
1545,1545956,1.64003,0.41659,-9.62708
1546,1546956,1.58496,-0.20590,-9.23922
1547,1547956,2.09014,0.45969,-9.61511
1548,1548956,1.21625,-0.59137,-9.07881
1549,1549956,1.29526,0.08619,-9.63906
1550,1550956,1.59693,-0.15802,-9.42597
1551,1551956,1.57778,0.47405,-9.73004
1552,1552956,1.70228,-0.61052,-9.04290
1553,1553956,0.84994,0.16041,-9.63906
1554,1554956,2.72939,0.41659,-9.78031
1555,1555956,1.32639,-0.46926,-8.92080
1556,1556956,1.80523,1.43413,-10.12268
1557,1557956,1.96085,-0.67516,-9.02614
1558,1558956,1.45567,0.46687,-9.49540
1559,1559956,1.75974,-0.21787,-9.26317
1560,1560956,1.43413,0.04070,-9.55765
1561,1561956,1.73580,0.31603,-9.31344
1562,1562956,1.84593,-0.01197,-9.54568
1563,1563956,1.82678,0.08619,-9.39006
1564,1564956,1.01514,-0.35195,-9.24641
1565,1565956,1.66876,0.19154,-9.75877
1566,1566956,1.24259,-0.22505,-9.18416
1567,1567956,2.29604,0.70629,-9.83778
1568,1568956,0.65122,-1.37667,-8.82982
1569,1569956,2.09253,1.42934,-10.38844
1570,1570956,2.12366,-0.92416,-8.94713
1571,1571956,1.16598,0.89304,-9.56005
1572,1572956,2.30083,0.75417,-9.69412
1573,1573956,1.51553,-0.61531,-9.13148
1574,1574956,1.53947,0.39983,-9.60075
1575,1575956,1.67834,-0.15802,-9.33978
1576,1576956,1.56820,0.34716,-9.67736
1577,1577956,1.59933,-0.06464,-9.26077
1578,1578956,2.06380,0.46208,-9.71328
1579,1579956,1.28569,-0.56264,-9.17458
1580,1580956,1.20907,0.00239,-9.52413
1581,1581956,1.72383,-0.03591,-9.54089
1582,1582956,1.36469,0.28491,-9.55526
1583,1583956,2.09971,-0.16520,-9.23922
1584,1584956,0.54109,-0.40701,-9.40203
1585,1585956,2.76291,0.79727,-10.07001
1586,1586956,1.41976,-0.68714,-8.83221
1587,1587956,1.69031,1.55144,-10.16099
1588,1588956,2.04704,-0.53151,-9.16500
1589,1589956,1.36230,0.30646,-9.48104
1590,1590956,1.74058,-0.20351,-9.28950
1591,1591956,1.46046,-0.01915,-9.48343
1592,1592956,1.71664,0.35434,-9.41400
1593,1593956,1.71185,-0.15323,-9.42597
1594,1594956,1.89142,0.33758,-9.52653
1595,1595956,1.06542,-0.52433,-9.16500
1596,1596956,1.58017,0.23224,-9.74679
1597,1597956,1.27850,-0.33279,-9.28950
1598,1598956,2.09253,0.78051,-9.93833
1599,1599956,0.92656,-1.31921,-8.78193
1600,1600956,1.71664,1.18034,-10.11311
1601,1601956,2.41575,-0.59855,-9.21528
1602,1602956,1.12288,0.39744,-9.32781
1603,1603956,2.18112,1.16598,-9.93594
1604,1604956,1.64482,-0.87628,-8.99023
1605,1605956,1.46525,0.48602,-9.54808
1606,1606956,1.67355,-0.16281,-9.31344
1607,1607956,1.49877,0.30646,-9.65821
1608,1608956,1.61609,-0.00239,-9.25119
1609,1609956,2.02071,0.32322,-9.68933
1610,1610956,1.44131,-0.33279,-9.30387
1611,1611956,1.06303,-0.05507,-9.41161
1612,1612956,1.72861,0.03112,-9.59596
1613,1613956,1.18034,0.07422,-9.45949
1614,1614956,2.25294,0.12689,-9.57202
1615,1615956,0.39265,-0.89783,-9.10515
1616,1616956,2.64799,1.11330,-10.15860
1617,1617956,1.62087,-0.89064,-8.75320
1618,1618956,1.45807,1.40061,-10.04846
1619,1619956,2.17872,-0.15562,-9.29908
1620,1620956,1.35751,0.14126,-9.33739
1621,1621956,1.66158,-0.02155,-9.40921
1622,1622956,1.57538,-0.06225,-9.55047
1623,1623956,1.64003,0.38068,-9.64145
1624,1624956,1.54187,-0.26097,-9.29669
1625,1625956,1.95606,0.48602,-9.54329
1626,1626956,1.14922,-0.51475,-9.15303
1627,1627956,1.47004,0.11732,-9.69891
1628,1628956,1.43413,-0.28970,-9.31584
1629,1629956,1.89142,0.67038,-9.91439
1630,1630956,1.26653,-1.06303,-8.82024
1631,1631956,1.30245,0.83797,-9.94791
1632,1632956,2.56658,-0.20830,-9.49062
1633,1633956,1.12049,-0.00958,-9.12191
1634,1634956,2.05422,1.42216,-10.09874
1635,1635956,1.83156,-0.85712,-9.03332
1636,1636956,1.40540,0.61052,-9.60314
1637,1637956,1.76932,-0.14605,-9.28711
1638,1638956,1.45807,0.20590,-9.55765
1639,1639956,1.60172,0.18435,-9.21289
1640,1640956,1.88903,0.18435,-9.60075
1641,1641956,1.61609,-0.22745,-9.26077
1642,1642956,1.04627,-0.14365,-9.32063
1643,1643956,1.74058,0.08140,-9.69412
1644,1644956,1.15401,-0.04788,-9.34218
1645,1645956,2.41336,0.45729,-9.70849
1646,1646956,0.46208,-1.12527,-8.94474
1647,1647956,2.49476,1.35751,-10.26155
1648,1648956,1.78847,-0.95289,-8.78193
1649,1649956,1.33596,1.19710,-9.89284
1650,1650956,2.21703,0.17478,-9.56005
1651,1651956,1.43652,-0.25618,-9.31105
1652,1652956,1.60412,0.20590,-9.45710
1653,1653956,1.60651,-0.10056,-9.32781
1654,1654956,1.65918,0.42377,-9.62469
1655,1655956,1.58496,-0.23463,-9.27514
1656,1656956,2.06859,0.43096,-9.64863
1657,1657956,1.27372,-0.56743,-9.10036
1658,1658956,1.40300,0.12929,-9.60554
1659,1659956,1.64003,-0.18675,-9.33739
1660,1660956,1.61369,0.56503,-9.82580
1661,1661956,1.59454,-0.65601,-9.08360
1662,1662956,0.90740,0.31364,-9.69412
1663,1663956,2.72460,0.29928,-9.72285
1664,1664956,1.25696,-0.39025,-8.89685
1665,1665956,1.82438,1.47004,-10.06044
1666,1666956,1.93451,-0.74939,-8.98304
1667,1667956,1.46525,0.50996,-9.50498
1668,1668956,1.80762,-0.18675,-9.33260
1669,1669956,1.41497,0.08619,-9.55047
1670,1670956,1.62806,0.28491,-9.30147
1671,1671956,1.82678,0.03352,-9.62230
1672,1672956,1.75495,0.00718,-9.40921
1673,1673956,0.99359,-0.39744,-9.20571
1674,1674956,1.70467,0.18196,-9.72764
1675,1675956,1.20668,-0.19872,-9.28950
1676,1676956,2.30562,0.69432,-9.87608
1677,1677956,0.56743,-1.30963,-8.82742
1678,1678956,2.13563,1.39821,-10.32140
1679,1679956,2.09971,-0.95289,-8.89685
1680,1680956,1.23780,0.99599,-9.58638
1681,1681956,2.29125,0.64165,-9.72285
1682,1682956,1.42455,-0.59616,-9.11951
1683,1683956,1.57538,0.31843,-9.51456
1684,1684956,1.70228,-0.15323,-9.33499
1685,1685956,1.59933,0.36871,-9.70609
1686,1686956,1.53468,-0.12210,-9.24401
1687,1687956,1.99198,0.51715,-9.62230
1688,1688956,1.25456,-0.48842,-9.13627
1689,1689956,1.18752,0.02155,-9.54329
1690,1690956,1.69509,-0.08619,-9.50019
1691,1691956,1.35991,0.27294,-9.57681
1692,1692956,2.01831,-0.17478,-9.27993
1693,1693956,0.58419,-0.37589,-9.31823
1694,1694956,2.65756,0.80685,-9.95749
1695,1695956,1.42934,-0.66559,-8.85855
1696,1696956,1.65679,1.45328,-10.10593
1697,1697956,2.08535,-0.51715,-9.03332
1698,1698956,1.38385,0.37110,-9.41161
1699,1699956,1.72143,-0.16041,-9.27514
1700,1700956,1.52511,-0.05267,-9.50498
1701,1701956,1.69031,0.38547,-9.44991
1702,1702956,1.66876,-0.13408,-9.53132
1703,1703956,1.89860,0.29449,-9.46189
1704,1704956,1.01993,-0.51236,-9.16740
1705,1705956,1.56581,0.16520,-9.70609
1706,1706956,1.24498,-0.26815,-9.22965
1707,1707956,2.13563,0.74460,-9.94551
1708,1708956,0.88346,-1.34075,-8.75560
1709,1709956,1.80762,1.27132,-10.29746
1710,1710956,2.28167,-0.76136,-9.10036
1711,1711956,1.05824,0.56024,-9.35415
1712,1712956,2.25055,1.04627,-9.91439
1713,1713956,1.60651,-0.75417,-8.97347
1714,1714956,1.48919,0.50039,-9.56005
1715,1715956,1.73101,-0.21069,-9.27274
1716,1716956,1.50595,0.23703,-9.62230
1717,1717956,1.54187,0.01197,-9.17458
1718,1718956,2.00155,0.33279,-9.61272
1719,1719956,1.44610,-0.40462,-9.23683
1720,1720956,1.11330,-0.06464,-9.49301
1721,1721956,1.75495,-0.02634,-9.63666
1722,1722956,1.24020,0.10774,-9.41400
1723,1723956,2.23618,0.25379,-9.55047
1724,1724956,0.48363,-0.88825,-9.21289
1725,1725956,2.66953,1.21147,-10.16817
1726,1726956,1.60412,-0.87388,-8.74362
1727,1727956,1.44610,1.42216,-10.01016
1728,1728956,2.19309,-0.17238,-9.25838
1729,1729956,1.47004,0.07183,-9.35893
1730,1730956,1.66158,-0.04070,-9.37569
1731,1731956,1.55863,-0.10056,-9.42118
1732,1732956,1.67594,0.45011,-9.56005
1733,1733956,1.62087,-0.24900,-9.37330
1734,1734956,1.93451,0.46448,-9.54329
1735,1735956,1.09176,-0.52194,-9.15303
1736,1736956,1.43173,0.11492,-9.71567
1737,1737956,1.38385,-0.24421,-9.28471
1738,1738956,1.86269,0.74939,-9.96467
1739,1739956,1.17795,-1.05345,-8.85376
1740,1740956,1.43413,0.83558,-10.00537
1741,1741956,2.59531,-0.33998,-9.44752
1742,1742956,1.05584,-0.00239,-9.11233
1743,1743956,2.02310,1.32639,-10.12029
1744,1744956,1.79565,-0.85473,-8.90404
1745,1745956,1.40540,0.49560,-9.50259
1746,1746956,1.75974,-0.18196,-9.23683
1747,1747956,1.46765,0.13886,-9.57920
1748,1748956,1.59454,0.10534,-9.16500
1749,1749956,1.92494,0.22266,-9.53371
1750,1750956,1.57538,-0.26576,-9.22007
1751,1751956,1.10852,-0.15802,-9.36372
1752,1752956,1.73580,0.09577,-9.67257
1753,1753956,1.19231,-0.02394,-9.31584
1754,1754956,2.32238,0.52433,-9.71567
1755,1755956,0.43574,-1.20189,-9.05248
1756,1756956,2.48279,1.38145,-10.32859
1757,1757956,1.86269,-0.93853,-8.81306
1758,1758956,1.34794,1.28569,-9.90960
1759,1759956,2.20506,0.03352,-9.45470
1760,1760956,1.35512,-0.20351,-9.27274
1761,1761956,1.66876,0.14605,-9.44273
1762,1762956,1.60651,-0.11253,-9.37809
1763,1763956,1.64721,0.41659,-9.67497
1764,1764956,1.59214,-0.30885,-9.33978
1765,1765956,2.03507,0.46208,-9.67018
1766,1766956,1.18034,-0.60334,-9.12191
1767,1767956,1.36469,0.11971,-9.66779
1768,1768956,1.55384,-0.22984,-9.38288
1769,1769956,1.73819,0.55067,-9.86411
1770,1770956,1.46286,-0.85234,-8.92080
1771,1771956,1.11570,0.43814,-9.81623
1772,1772956,2.66953,0.11492,-9.66539
1773,1773956,1.15640,-0.23703,-8.98065
1774,1774956,1.98000,1.42216,-10.12268
1775,1775956,1.93930,-0.82361,-8.96150
1776,1776956,1.45328,0.50757,-9.51216
1777,1777956,1.78129,-0.19872,-9.24162
1778,1778956,1.41018,0.06225,-9.58638
1779,1779956,1.64960,0.23703,-9.27753
1780,1780956,1.81720,0.11492,-9.59596
1781,1781956,1.68312,-0.08859,-9.36851
1782,1782956,1.02951,-0.35434,-9.31344
1783,1783956,1.75256,0.09098,-9.70849
1784,1784956,1.13964,-0.12450,-9.27514
1785,1785956,2.26731,0.63686,-9.75877
1786,1786956,0.47405,-1.27611,-8.92319
1787,1787956,2.34153,1.34315,-10.32619
1788,1788956,1.92015,-0.97444,-8.75320
1789,1789956,1.29526,1.11809,-9.75398
1790,1790956,2.30083,0.31125,-9.56005
1791,1791956,1.42455,-0.37828,-9.13627
1792,1792956,1.61609,0.23224,-9.50019
1793,1793956,1.67834,-0.16999,-9.35175
1794,1794956,1.64721,0.34477,-9.68933
1795,1795956,1.59933,-0.27773,-9.33260
1796,1796956,2.06620,0.42377,-9.66300
1797,1797956,1.22583,-0.54827,-9.17219
1798,1798956,1.25935,0.11732,-9.61511
1799,1799956,1.56341,-0.13408,-9.33020
1800,1800956,1.65918,0.51475,-9.67497
1801,1801956,1.63763,-0.71347,-8.98544
1802,1802956,0.85234,0.21308,-9.64863
1803,1803956,2.74376,0.29928,-9.76355
1804,1804956,1.25935,-0.44053,-8.91840
1805,1805956,1.83635,1.53468,-10.07720
1806,1806956,1.89381,-0.78051,-8.94474
1807,1807956,1.35272,0.54588,-9.50977
1808,1808956,1.78368,-0.15802,-9.34457
1809,1809956,1.43173,-0.02873,-9.54568
1810,1810956,1.68312,0.28012,-9.36851
1811,1811956,1.78847,0.07422,-9.65342
1812,1812956,1.72861,0.06943,-9.41161
1813,1813956,1.01754,-0.30406,-9.23444
1814,1814956,1.73580,0.22027,-9.73961
1815,1815956,1.18513,-0.23463,-9.25598
1816,1816956,2.31759,0.75178,-9.87129
1817,1817956,0.58658,-1.33596,-8.87291
1818,1818956,2.18112,1.35272,-10.22324
1819,1819956,2.08535,-0.84276,-8.89685
1820,1820956,1.24020,0.88585,-9.68455
1821,1821956,2.27928,0.59855,-9.68933
1822,1822956,1.46765,-0.55545,-9.16740
1823,1823956,1.55863,0.33758,-9.55047
1824,1824956,1.58496,-0.13886,-9.28950
1825,1825956,1.56581,0.36871,-9.65582
1826,1826956,1.55144,-0.21787,-9.30147
1827,1827956,2.07098,0.45729,-9.71088
1828,1828956,1.25696,-0.49081,-9.15064
1829,1829956,1.23780,0.08619,-9.63187
1830,1830956,1.59214,-0.13647,-9.44991
1831,1831956,1.52032,0.47166,-9.72764
1832,1832956,1.79805,-0.58658,-9.11233
1833,1833956,0.78051,0.03352,-9.58160
1834,1834956,2.74376,0.46208,-9.87129
1835,1835956,1.25935,-0.58419,-8.87531
1836,1836956,1.85790,1.58736,-10.21127
1837,1837956,1.99198,-0.83558,-9.00938
1838,1838956,1.30484,0.45250,-9.49540
1839,1839956,1.78607,-0.14365,-9.32302
1840,1840956,1.41737,-0.02155,-9.52653
1841,1841956,1.65918,0.36392,-9.36612
1842,1842956,1.78607,0.00239,-9.58399
1843,1843956,1.77650,0.12210,-9.39724
1844,1844956,1.03669,-0.39504,-9.11712
1845,1845956,1.72383,0.16759,-9.71328
1846,1846956,1.15640,-0.28730,-9.31584
1847,1847956,2.18351,0.77093,-9.92636
1848,1848956,0.60813,-1.38624,-8.90164
1849,1849956,2.04225,1.35512,-10.25915
1850,1850956,2.12366,-0.82121,-9.00938
1851,1851956,1.16358,0.75896,-9.64863
1852,1852956,2.26252,0.77572,-9.76116
1853,1853956,1.49159,-0.68714,-9.04529
1854,1854956,1.57060,0.40941,-9.45949
1855,1855956,1.64482,-0.15083,-9.31584
1856,1856956,1.62087,0.35434,-9.73243
1857,1857956,1.55623,-0.13647,-9.22486
1858,1858956,2.04704,0.47645,-9.67976
1859,1859956,1.29287,-0.46208,-9.19852
1860,1860956,1.24977,0.10056,-9.56723
1861,1861956,1.65918,-0.12210,-9.49780
1862,1862956,1.50356,0.39983,-9.71088
1863,1863956,1.93930,-0.43814,-9.16500
1864,1864956,0.65122,-0.03112,-9.54808
1865,1865956,2.81558,0.55545,-9.93354
1866,1866956,1.31921,-0.55067,-8.81784
1867,1867956,1.77171,1.47962,-10.17296
1868,1868956,1.98000,-0.69192,-9.02614
1869,1869956,1.34315,0.42617,-9.51216
1870,1870956,1.79805,-0.18675,-9.29669
1871,1871956,1.46765,0.02155,-9.50498
1872,1872956,1.65439,0.38547,-9.38766
1873,1873956,1.78607,-0.01676,-9.48583
1874,1874956,1.84832,0.17478,-9.48822
1875,1875956,0.97444,-0.42617,-9.22725
1876,1876956,1.68552,0.19872,-9.76355
1877,1877956,1.27611,-0.23942,-9.24162
1878,1878956,2.22421,0.79248,-9.84975
1879,1879956,0.73741,-1.43652,-8.81066
1880,1880956,2.00874,1.41018,-10.22564
1881,1881956,2.22661,-0.85952,-9.03572
1882,1882956,1.16119,0.77093,-9.53850
1883,1883956,2.25534,0.89783,-9.82820
1884,1884956,1.47483,-0.74220,-8.95192
1885,1885956,1.58257,0.37589,-9.47625
1886,1886956,1.70707,-0.25857,-9.25838
1887,1887956,1.64721,0.29449,-9.70849
1888,1888956,1.59933,-0.11732,-9.31344
1889,1889956,2.06620,0.45011,-9.73482
1890,1890956,1.32639,-0.44772,-9.10994
1891,1891956,1.18992,0.05028,-9.52413
1892,1892956,1.73819,-0.04788,-9.52892
1893,1893956,1.41258,0.25857,-9.58638
1894,1894956,2.05662,-0.14126,-9.28232
1895,1895956,0.59616,-0.35674,-9.39724
1896,1896956,2.72221,0.76854,-10.02931
1897,1897956,1.40540,-0.65362,-8.87052
1898,1898956,1.66876,1.45567,-10.22085
1899,1899956,2.05183,-0.54827,-9.21768
1900,1900956,1.39821,0.33279,-9.51695
1901,1901956,1.71664,-0.14844,-9.30387
1902,1902956,1.46525,-0.00479,-9.51935
1903,1903956,1.68312,0.39265,-9.41640
1904,1904956,1.70946,-0.10534,-9.51216
1905,1905956,1.89142,0.22027,-9.45470
1906,1906956,1.01275,-0.43574,-9.13627
1907,1907956,1.67355,0.21787,-9.77074
1908,1908956,1.25696,-0.31364,-9.22007
1909,1909956,2.13563,0.86431,-9.90002
1910,1910956,0.75417,-1.45328,-8.75560
1911,1911956,1.84114,1.48919,-10.30225
1912,1912956,2.23858,-0.84036,-9.13867
1913,1913956,1.11091,0.63207,-9.49062
1914,1914956,2.26970,0.95768,-9.89763
1915,1915956,1.52750,-0.85473,-8.99023
1916,1916956,1.51074,0.47645,-9.58160
1917,1917956,1.70228,-0.13647,-9.31344
1918,1918956,1.54665,0.37110,-9.67976
1919,1919956,1.57060,-0.03112,-9.28232
1920,1920956,2.02549,0.38307,-9.69891
1921,1921956,1.35751,-0.51954,-9.19373
1922,1922956,1.20428,-0.00479,-9.49062
1923,1923956,1.69270,-0.09577,-9.50259
1924,1924956,1.33118,0.21069,-9.55526
1925,1925956,2.07338,-0.04788,-9.36851
1926,1926956,0.57221,-0.45250,-9.40203
1927,1927956,2.72700,0.81163,-9.97664
1928,1928956,1.46286,-0.67756,-8.82982
1929,1929956,1.65439,1.42934,-10.11071
1930,1930956,2.08056,-0.44293,-9.08360
1931,1931956,1.37667,0.30885,-9.40682
1932,1932956,1.73101,-0.12210,-9.33978
1933,1933956,1.48201,-0.06225,-9.50977
1934,1934956,1.68552,0.42138,-9.44752
1935,1935956,1.66397,-0.12929,-9.42597
1936,1936956,1.88184,0.23942,-9.48822
1937,1937956,0.92177,-0.45490,-9.11233
1938,1938956,1.65200,0.22266,-9.75398
1939,1939956,1.25456,-0.28730,-9.22725
1940,1940956,2.14520,0.68714,-9.92397
1941,1941956,0.75896,-1.35751,-8.75320
1942,1942956,1.90339,1.32639,-10.28310
1943,1943956,2.32238,-0.80685,-9.12191
1944,1944956,1.07260,0.62010,-9.36612
1945,1945956,2.27210,1.01993,-9.93115
1946,1946956,1.61848,-0.76614,-8.97826
1947,1947956,1.50835,0.46926,-9.59357
1948,1948956,1.71185,-0.15083,-9.28950
1949,1949956,1.56820,0.30885,-9.65342
1950,1950956,1.63285,-0.01197,-9.22486
1951,1951956,2.06859,0.37589,-9.73243
1952,1952956,1.35272,-0.50757,-9.20331
1953,1953956,1.14443,0.00958,-9.54329
1954,1954956,1.71904,-0.03352,-9.56962
1955,1955956,1.26893,0.19154,-9.51216
1956,1956956,2.19309,-0.04788,-9.39006
1957,1957956,0.50757,-0.53630,-9.29669
1958,1958956,2.70545,0.96486,-10.05565
1959,1959956,1.43892,-0.77333,-8.86094
1960,1960956,1.61848,1.45807,-10.12987
1961,1961956,2.07338,-0.44053,-9.14824
1962,1962956,1.41018,0.33040,-9.48104
1963,1963956,1.69749,-0.07422,-9.34218
1964,1964956,1.55384,-0.04549,-9.47146
1965,1965956,1.70707,0.39983,-9.50977
1966,1966956,1.68791,-0.15083,-9.49062
1967,1967956,1.96803,0.33998,-9.50977
1968,1968956,0.99838,-0.47645,-9.10994
1969,1969956,1.56341,0.24900,-9.64624
1970,1970956,1.29047,-0.20351,-9.16740
1971,1971956,2.10450,0.76136,-9.92397
1972,1972956,0.86431,-1.29766,-8.79151
1973,1973956,1.72622,1.13964,-10.19930
1974,1974956,2.40378,-0.59855,-9.15782
1975,1975956,1.11330,0.45011,-9.33260
1976,1976956,2.21224,1.10612,-9.92157
1977,1977956,1.63524,-0.83797,-8.86094
1978,1978956,1.52750,0.44772,-9.54808
1979,1979956,1.71185,-0.19632,-9.29190
1980,1980956,1.57778,0.27054,-9.72285
1981,1981956,1.58017,0.00958,-9.26317
1982,1982956,2.03986,0.37110,-9.73004
1983,1983956,1.45089,-0.43096,-9.17219
1984,1984956,1.22344,-0.05267,-9.52653
1985,1985956,1.77650,-0.07901,-9.59117
1986,1986956,1.30245,0.20590,-9.49780
1987,1987956,2.16675,-0.02394,-9.48343
1988,1988956,0.52672,-0.67995,-9.25838
1989,1989956,2.75094,1.04866,-10.16817
1990,1990956,1.49159,-0.87149,-8.76278
1991,1991956,1.60651,1.50595,-10.07241
1992,1992956,2.15478,-0.46926,-9.14346
1993,1993956,1.38864,0.23703,-9.47146
1994,1994956,1.69270,-0.12210,-9.37809
1995,1995956,1.52032,-0.07422,-9.44752
1996,1996956,1.61848,0.38307,-9.50977
1997,1997956,1.64242,-0.15083,-9.51216
1998,1998956,1.92973,0.32322,-9.55287
1999,1999956,1.00078,-0.51954,-9.08839
2000,2000956,1.62566,0.16520,-9.69652
2001,2001956,1.30005,-0.29449,-9.27035
2002,2002956,2.11887,0.75417,-10.00537
2003,2003956,0.92177,-1.26653,-8.76517
2004,2004956,1.73819,1.17076,-10.14184
2005,2005956,2.37265,-0.58658,-9.19613
2006,2006956,1.13964,0.40701,-9.32542
2007,2007956,2.19309,1.09176,-9.92397
2008,2008956,1.60890,-0.82361,-8.98544
2009,2009956,1.50595,0.47405,-9.60314
2010,2010956,1.72622,-0.15083,-9.25119
2011,2011956,1.58496,0.24181,-9.65342
2012,2012956,1.55144,0.02873,-9.22725
2013,2013956,2.03268,0.37828,-9.72525
2014,2014956,1.35751,-0.34955,-9.19613
2015,2015956,1.18513,0.01437,-9.43076
2016,2016956,1.75495,-0.04070,-9.56962
2017,2017956,1.28569,0.28012,-9.48343
2018,2018956,2.20027,-0.06464,-9.42597
2019,2019956,0.44532,-0.55067,-9.27514
2020,2020956,2.71502,0.94810,-10.09395
2021,2021956,1.47722,-0.73981,-8.68138
2022,2022956,1.62327,1.49398,-10.03170
2023,2023956,2.10690,-0.42856,-9.18176
2024,2024956,1.30963,0.27294,-9.48104
2025,2025956,1.71904,-0.09816,-9.41400
2026,2026956,1.51553,-0.06943,-9.48104
2027,2027956,1.65679,0.41180,-9.45231
2028,2028956,1.58257,-0.16999,-9.37569
2029,2029956,1.89381,0.33279,-9.54089
2030,2030956,1.06781,-0.47645,-9.22965
2031,2031956,1.56820,0.14365,-9.78031
2032,2032956,1.30005,-0.31603,-9.26795
2033,2033956,2.06859,0.82361,-9.97185
2034,2034956,0.92416,-1.32639,-8.77475
2035,2035956,1.68552,1.13725,-10.21127
2036,2036956,2.39420,-0.61770,-9.16740
2037,2037956,1.12767,0.37110,-9.29669
2038,2038956,2.18112,1.16358,-9.93594
2039,2039956,1.61130,-0.85473,-8.93756
2040,2040956,1.44370,0.46926,-9.57202
2041,2041956,1.69031,-0.15083,-9.27035
2042,2042956,1.49159,0.25379,-9.63666
2043,2043956,1.62327,0.01197,-9.16979
2044,2044956,2.00874,0.33758,-9.67497
2045,2045956,1.46046,-0.35434,-9.18895
2046,2046956,1.12049,-0.11492,-9.41400
2047,2047956,1.72622,-0.02394,-9.58878
2048,2048956,1.26174,0.13168,-9.47625
2049,2049956,2.17633,0.05028,-9.46189
2050,2050956,0.43335,-0.72065,-9.21528
2051,2051956,2.67432,1.01035,-10.09156
2052,2052956,1.47722,-0.81163,-8.75799
2053,2053956,1.52750,1.29766,-10.06283
2054,2054956,2.09732,-0.40462,-9.19134
2055,2055956,1.35512,0.17478,-9.42837
2056,2056956,1.70467,-0.08140,-9.35415
2057,2057956,1.45328,-0.04788,-9.45470
2058,2058956,1.67355,0.41420,-9.52174
2059,2059956,1.60651,-0.21069,-9.42597
2060,2060956,2.02549,0.37110,-9.58878
2061,2061956,1.12288,-0.48363,-9.11473
2062,2062956,1.50835,0.18196,-9.70131
2063,2063956,1.35033,-0.20590,-9.21049
2064,2064956,1.97761,0.74460,-9.89045
2065,2065956,1.04627,-1.30245,-8.84179
2066,2066956,1.59454,1.10373,-10.10353
2067,2067956,2.45885,-0.44772,-9.34696
2068,2068956,1.07739,0.23942,-9.28950
2069,2069956,2.17872,1.26174,-10.11071
2070,2070956,1.71185,-0.91698,-9.00699
2071,2071956,1.44370,0.59616,-9.51216
2072,2072956,1.70228,-0.19154,-9.26795
2073,2073956,1.50356,0.21069,-9.70609
2074,2074956,1.58257,0.14365,-9.23922
2075,2075956,1.97282,0.26815,-9.66779
2076,2076956,1.53947,-0.25139,-9.21768
2077,2077956,1.08936,-0.17238,-9.32063
2078,2078956,1.72622,0.03591,-9.57920
2079,2079956,1.19231,0.07422,-9.48583
2080,2080956,2.27689,0.22505,-9.61511
2081,2081956,0.39744,-0.83079,-9.16022
2082,2082956,2.60729,1.12049,-10.19451
2083,2083956,1.63524,-0.79009,-8.73884
2084,2084956,1.50835,1.32878,-10.01495
2085,2085956,2.18830,-0.12689,-9.26317
2086,2086956,1.38624,0.06704,-9.33499
2087,2087956,1.67594,0.03831,-9.38527
2088,2088956,1.52511,0.00718,-9.36851
2089,2089956,1.66636,0.40941,-9.53371
2090,2090956,1.57299,-0.19393,-9.34936
2091,2091956,2.03268,0.53630,-9.60554
2092,2092956,1.09654,-0.52194,-9.13388
2093,2093956,1.44370,0.15323,-9.66539
2094,2094956,1.46765,-0.22505,-9.33499
2095,2095956,1.85790,0.74699,-9.91199
2096,2096956,1.20428,-1.03190,-8.88488
2097,2097956,1.30245,0.78530,-9.96946
2098,2098956,2.60010,-0.19154,-9.50259
2099,2099956,1.10133,-0.03831,-9.03572
2100,2100956,2.06859,1.35272,-10.07480
2101,2101956,1.87227,-0.85234,-8.95192
2102,2102956,1.45328,0.54109,-9.54329
2103,2103956,1.73101,-0.15323,-9.29190
2104,2104956,1.37427,0.16999,-9.61990
2105,2105956,1.59454,0.18196,-9.25359
2106,2106956,1.88903,0.22266,-9.66060
2107,2107956,1.57299,-0.16520,-9.33499
2108,2108956,0.99838,-0.17478,-9.34696
2109,2109956,1.74777,0.11732,-9.70370
2110,2110956,1.18513,-0.08859,-9.36133
2111,2111956,2.31759,0.49081,-9.73482
2112,2112956,0.42138,-1.18992,-8.99980
2113,2113956,2.43730,1.34794,-10.25915
2114,2114956,1.79326,-0.91937,-8.76517
2115,2115956,1.31202,1.16119,-9.91678
2116,2116956,2.22182,0.06225,-9.45949
2117,2117956,1.37906,-0.16999,-9.29669
2118,2118956,1.62327,0.15083,-9.48822
2119,2119956,1.54905,-0.10295,-9.38527
2120,2120956,1.64242,0.45729,-9.57202
2121,2121956,1.58736,-0.27294,-9.23683
2122,2122956,2.07817,0.51715,-9.61511
2123,2123956,1.18992,-0.56982,-9.18176
2124,2124956,1.34794,0.10534,-9.71088
2125,2125956,1.53468,-0.20590,-9.33020
2126,2126956,1.72143,0.61292,-9.80186
2127,2127956,1.52032,-0.91698,-8.94474
2128,2128956,1.16358,0.50278,-9.82580
2129,2129956,2.65278,0.02634,-9.62230
2130,2130956,1.19231,-0.13647,-8.96629
2131,2131956,1.93930,1.49877,-10.11071
2132,2132956,1.82438,-0.81642,-8.98783
2133,2133956,1.38145,0.47645,-9.55287
2134,2134956,1.79326,-0.24421,-9.33978
2135,2135956,1.41258,0.07901,-9.54329
2136,2136956,1.62806,0.28012,-9.31823
2137,2137956,1.85790,0.12929,-9.65103
2138,2138956,1.69988,-0.11253,-9.34696
2139,2139956,0.98881,-0.33758,-9.22965
2140,2140956,1.69749,0.16281,-9.73243
2141,2141956,1.12288,-0.10295,-9.29669
2142,2142956,2.36308,0.55306,-9.77074
2143,2143956,0.44772,-1.30005,-8.92319
2144,2144956,2.34392,1.44610,-10.25437
2145,2145956,1.86987,-0.90501,-8.85855
2146,2146956,1.24738,1.09894,-9.85693
2147,2147956,2.24816,0.37350,-9.56244
2148,2148956,1.45328,-0.34955,-9.16740
2149,2149956,1.66636,0.27533,-9.52892
2150,2150956,1.62087,-0.10534,-9.33739
2151,2151956,1.62806,0.34955,-9.61511
2152,2152956,1.55863,-0.15083,-9.27993
2153,2153956,2.03268,0.49321,-9.73482
2154,2154956,1.20428,-0.47645,-9.17698
2155,2155956,1.30245,0.08140,-9.61033
2156,2156956,1.64482,-0.21548,-9.43316
2157,2157956,1.64482,0.51236,-9.77553
2158,2158956,1.64242,-0.63207,-9.05727
2159,2159956,0.91937,0.19393,-9.61751
2160,2160956,2.65756,0.25857,-9.68694
2161,2161956,1.27611,-0.37110,-8.93995
2162,2162956,1.91057,1.42934,-10.15620
2163,2163956,1.95846,-0.74220,-9.01896
2164,2164956,1.40061,0.47405,-9.44991
2165,2165956,1.79326,-0.14605,-9.24162
2166,2166956,1.49877,0.01197,-9.64384
2167,2167956,1.70467,0.28730,-9.36612
2168,2168956,1.85072,0.09577,-9.61272
2169,2169956,1.80044,0.05028,-9.37091
2170,2170956,1.02951,-0.31843,-9.23683
2171,2171956,1.72383,0.09816,-9.71328
2172,2172956,1.16598,-0.16999,-9.29190
2173,2173956,2.31998,0.62489,-9.76834
2174,2174956,0.48123,-1.29287,-8.84418
2175,2175956,2.22900,1.41258,-10.34295
2176,2176956,2.01113,-0.87628,-8.88728
2177,2177956,1.25217,1.04387,-9.81623
2178,2178956,2.25773,0.46687,-9.64145
2179,2179956,1.44849,-0.56264,-9.15064
2180,2180956,1.63524,0.28730,-9.49780
2181,2181956,1.65439,-0.09816,-9.27514
2182,2182956,1.61369,0.39504,-9.67976
2183,2183956,1.55384,-0.15562,-9.25838
2184,2184956,2.02310,0.48842,-9.62230
2185,2185956,1.23062,-0.52194,-9.13388
2186,2186956,1.28090,0.04549,-9.57681
2187,2187956,1.63524,-0.08619,-9.49062
2188,2188956,1.53947,0.37828,-9.66779
2189,2189956,1.78847,-0.45969,-9.17698
2190,2190956,0.75657,-0.03591,-9.59596
2191,2191956,2.77727,0.56982,-9.85214
2192,2192956,1.29526,-0.47405,-8.80109
2193,2193956,1.81959,1.45807,-10.06044
2194,2194956,2.02549,-0.68953,-9.01656
2195,2195956,1.42934,0.56503,-9.49062
2196,2196956,1.80044,-0.16041,-9.28711
2197,2197956,1.47004,0.03831,-9.52174
2198,2198956,1.68073,0.29209,-9.37569
2199,2199956,1.78607,-0.06464,-9.60314
2200,2200956,1.81959,0.08380,-9.38527
2201,2201956,1.03430,-0.42377,-9.20331
2202,2202956,1.72143,0.19154,-9.77074
2203,2203956,1.19710,-0.28970,-9.18655
2204,2204956,2.25294,0.70629,-9.87129
2205,2205956,0.60813,-1.40779,-8.88249
2206,2206956,1.96325,1.29287,-10.28788
2207,2207956,2.09971,-0.86431,-8.97586
2208,2208956,1.11570,0.82121,-9.56005
2209,2209956,2.27928,0.68714,-9.74201
2210,2210956,1.45807,-0.66080,-9.06205
2211,2211956,1.58975,0.42138,-9.51456
2212,2212956,1.64721,-0.15562,-9.27035
2213,2213956,1.54905,0.35674,-9.63906
2214,2214956,1.55863,-0.09098,-9.20092
2215,2215956,2.05183,0.42377,-9.60075
2216,2216956,1.27132,-0.53151,-9.09557
2217,2217956,1.13964,0.01915,-9.56723
2218,2218956,1.62806,-0.07422,-9.54089
2219,2219956,1.42694,0.31125,-9.66779
2220,2220956,1.93691,-0.22027,-9.22486
2221,2221956,0.65362,-0.26576,-9.48583
2222,2222956,2.74376,0.69432,-10.01734
2223,2223956,1.41737,-0.56503,-8.90882
2224,2224956,1.75974,1.47243,-10.17775
2225,2225956,1.97043,-0.62010,-9.08360
2226,2226956,1.41258,0.41899,-9.49062
2227,2227956,1.78368,-0.16520,-9.32302
2228,2228956,1.48680,0.00958,-9.49780
2229,2229956,1.70946,0.38307,-9.38288
2230,2230956,1.74537,-0.09337,-9.56484
2231,2231956,1.86508,0.16520,-9.46189
2232,2232956,0.99120,-0.50518,-9.17698
2233,2233956,1.63524,0.19393,-9.75637
2234,2234956,1.22583,-0.20351,-9.28711
2235,2235956,2.16196,0.73502,-9.91199
2236,2236956,0.73023,-1.44849,-8.72686
2237,2237956,1.91776,1.40779,-10.21366
2238,2238956,2.21224,-0.81163,-8.94234
2239,2239956,1.11330,0.71347,-9.41161
2240,2240956,2.24816,0.84515,-9.80426
2241,2241956,1.50356,-0.78290,-8.99502
2242,2242956,1.57778,0.46208,-9.54089
2243,2243956,1.76453,-0.19632,-9.32063
2244,2244956,1.52032,0.30885,-9.73722
2245,2245956,1.58017,-0.08859,-9.27274
2246,2246956,2.03507,0.42856,-9.66539
2247,2247956,1.37188,-0.49081,-9.10275
2248,2248956,1.26653,-0.01437,-9.47146
2249,2249956,1.70467,-0.05267,-9.45949
2250,2250956,1.31442,0.26097,-9.50498
2251,2251956,2.04944,-0.08140,-9.39485
2252,2252956,0.62010,-0.46687,-9.44273
2253,2253956,2.71024,0.86910,-10.01734
2254,2254956,1.36948,-0.69671,-8.80827
2255,2255956,1.64003,1.46046,-10.11311
2256,2256956,2.05662,-0.52912,-9.19134
2257,2257956,1.42216,0.32561,-9.46907
2258,2258956,1.68552,-0.11013,-9.32542
2259,2259956,1.45567,-0.02155,-9.59596
2260,2260956,1.65679,0.39504,-9.52653
2261,2261956,1.66636,-0.10056,-9.53132
2262,2262956,1.87945,0.29209,-9.47625
2263,2263956,0.94092,-0.49799,-9.16740
2264,2264956,1.64242,0.21069,-9.76116
2265,2265956,1.23780,-0.28491,-9.20571
2266,2266956,2.14281,0.72065,-9.90721
2267,2267956,0.74699,-1.32878,-8.74602
2268,2268956,1.84354,1.26653,-10.23521
2269,2269956,2.24816,-0.81163,-9.11951
2270,2270956,1.12767,0.57221,-9.40921
2271,2271956,2.31519,0.95768,-9.90002
2272,2272956,1.58736,-0.76136,-8.99741
2273,2273956,1.52511,0.46208,-9.54568
2274,2274956,1.77650,-0.13647,-9.22486
2275,2275956,1.53708,0.28970,-9.64863
2276,2276956,1.56341,-0.04310,-9.17937
2277,2277956,1.99916,0.39504,-9.68215
2278,2278956,1.35751,-0.44532,-9.18176
2279,2279956,1.10612,-0.00718,-9.44752
2280,2280956,1.70228,0.02873,-9.57202
2281,2281956,1.27372,0.13886,-9.46667
2282,2282956,2.18351,0.00000,-9.42837
2283,2283956,0.46448,-0.72305,-9.34936
2284,2284956,2.66235,1.03190,-10.11311
2285,2285956,1.49398,-0.79248,-8.75081
2286,2286956,1.60890,1.46286,-10.07959
2287,2287956,2.06620,-0.38786,-9.14585
2288,2288956,1.35512,0.30406,-9.39485
2289,2289956,1.74058,-0.07661,-9.38766
2290,2290956,1.49159,-0.07901,-9.50977
2291,2291956,1.68552,0.41180,-9.48583
2292,2292956,1.67834,-0.19872,-9.40203
2293,2293956,1.97761,0.35195,-9.54329
2294,2294956,1.04148,-0.56743,-9.19613
2295,2295956,1.60172,0.16999,-9.81383
2296,2296956,1.33118,-0.26815,-9.23922
2297,2297956,2.07817,0.75657,-9.85932
2298,2298956,0.93134,-1.31681,-8.72208
2299,2299956,1.70946,1.23301,-10.19691
2300,2300956,2.41575,-0.59376,-9.14346
2301,2301956,1.07978,0.43574,-9.30147
2302,2302956,2.26252,1.13006,-10.05325
2303,2303956,1.63045,-0.88585,-8.97107
2304,2304956,1.52032,0.49081,-9.60793
2305,2305956,1.73819,-0.22505,-9.22486
2306,2306956,1.51314,0.15323,-9.68694
2307,2307956,1.58736,0.01197,-9.21768
2308,2308956,2.03986,0.31125,-9.68933
2309,2309956,1.46286,-0.37350,-9.20571
2310,2310956,1.10133,-0.04549,-9.46907
2311,2311956,1.73101,0.02155,-9.64145
2312,2312956,1.23780,0.10534,-9.35893
2313,2313956,2.20745,0.17478,-9.55526
2314,2314956,0.49560,-0.83797,-9.15064
2315,2315956,2.61926,1.11091,-10.17057
2316,2316956,1.60412,-0.81403,-8.74602
2317,2317956,1.51553,1.42455,-10.03649
2318,2318956,2.14520,-0.26097,-9.34457
2319,2319956,1.42216,0.11971,-9.43076
2320,2320956,1.64721,-0.00718,-9.33499
2321,2321956,1.52750,-0.05267,-9.46189
2322,2322956,1.69270,0.42617,-9.50977
2323,2323956,1.59214,-0.21548,-9.41879
2324,2324956,1.98479,0.45250,-9.52413
2325,2325956,1.14682,-0.47405,-9.12191
2326,2326956,1.53468,0.22984,-9.77553
2327,2327956,1.38145,-0.21787,-9.26077
2328,2328956,2.05422,0.66559,-9.95509
2329,2329956,1.05584,-1.31681,-8.73405
2330,2330956,1.52032,1.12527,-10.07720
2331,2331956,2.48039,-0.48842,-9.31105
2332,2332956,1.08218,0.27773,-9.24880
2333,2333956,2.20506,1.27611,-10.06522
2334,2334956,1.70946,-0.90261,-8.96629
2335,2335956,1.40540,0.50039,-9.52892
2336,2336956,1.75974,-0.23942,-9.28471
2337,2337956,1.46765,0.17238,-9.64145
2338,2338956,1.58975,0.09098,-9.23683
2339,2339956,2.05662,0.29928,-9.61751
2340,2340956,1.55144,-0.32082,-9.26077
2341,2341956,1.11091,-0.10534,-9.44034
2342,2342956,1.76692,0.09816,-9.73004
2343,2343956,1.15401,0.02873,-9.32781
2344,2344956,2.28886,0.35913,-9.59117
2345,2345956,0.38068,-1.04866,-9.09318
2346,2346956,2.56658,1.17316,-10.17057
2347,2347956,1.69270,-0.85473,-8.83460
2348,2348956,1.44370,1.27132,-10.00537
2349,2349956,2.14520,-0.08140,-9.29908
2350,2350956,1.41737,-0.00239,-9.31823
2351,2351956,1.64721,0.02873,-9.34218
2352,2352956,1.50595,-0.07422,-9.44513
2353,2353956,1.68791,0.37110,-9.58399
2354,2354956,1.60890,-0.27773,-9.39724
2355,2355956,1.98240,0.45729,-9.67257
2356,2356956,1.11330,-0.55785,-9.08839
2357,2357956,1.49877,0.13168,-9.69173
2358,2358956,1.46525,-0.22027,-9.32063
2359,2359956,1.87466,0.77333,-9.92875
2360,2360956,1.13006,-1.16598,-8.82263
2361,2361956,1.35751,0.94332,-10.02692
2362,2362956,2.56898,-0.31125,-9.39245
2363,2363956,1.02711,0.10774,-9.13867
2364,2364956,2.08056,1.33836,-10.07241
2365,2365956,1.71904,-0.89064,-8.97586
2366,2366956,1.32639,0.54588,-9.59357
2367,2367956,1.70946,-0.22984,-9.27274
2368,2368956,1.37906,0.16520,-9.66060
2369,2369956,1.37906,0.16520,-9.66060
2370,2370956,1.62087,0.18914,-9.24880
2371,2371956,1.94888,0.25618,-9.61751
2372,2372956,1.56820,-0.24421,-9.24880
2373,2373956,1.07739,-0.18196,-9.38048
2374,2374956,1.73340,0.08859,-9.68694
2375,2375956,1.19950,-0.05267,-9.33978
2376,2376956,2.38223,0.47405,-9.67018
2377,2377956,0.42377,-1.12288,-9.00938
2378,2378956,2.53307,1.30005,-10.31183
2379,2379956,1.75495,-0.87388,-8.81545
2380,2380956,1.41976,1.25935,-9.98382
2381,2381956,2.24576,0.03591,-9.41161
2382,2382956,1.42455,-0.12929,-9.21049
2383,2383956,1.67355,0.05986,-9.48343
2384,2384956,1.56820,-0.07422,-9.46428
2385,2385956,1.69270,0.39744,-9.53611
2386,2386956,1.66397,-0.26576,-9.27993
2387,2387956,2.10211,0.43096,-9.62708
2388,2388956,1.06063,-0.59616,-9.11473
2389,2389956,1.43652,0.11492,-9.71567
2390,2390956,1.47483,-0.23224,-9.30866
2391,2391956,1.73819,0.65362,-9.88326
2392,2392956,1.37427,-0.98641,-8.93037
2393,2393956,1.18992,0.66559,-9.84017
2394,2394956,2.57377,-0.04310,-9.50259
2395,2395956,1.15161,-0.13886,-9.00699
2396,2396956,2.02789,1.46286,-10.11311
2397,2397956,1.85311,-0.88346,-8.98783
2398,2398956,1.35272,0.52433,-9.50259
2399,2399956,1.79086,-0.16999,-9.26077
2400,2400956,1.49877,0.12689,-9.62230
2401,2401956,1.59693,0.21069,-9.25838
2402,2402956,1.90339,0.15562,-9.63906
2403,2403956,1.64482,-0.19872,-9.28950
2404,2404956,1.07260,-0.20830,-9.27514
2405,2405956,1.77171,0.14844,-9.70370
2406,2406956,1.16598,-0.02155,-9.24641
2407,2407956,2.37265,0.39265,-9.66300
2408,2408956,0.44293,-1.11330,-9.03332
2409,2409956,2.51152,1.25217,-10.27831
2410,2410956,1.77889,-0.92177,-8.76038
2411,2411956,1.38624,1.23541,-9.94073
2412,2412956,2.25294,0.10774,-9.51216
2413,2413956,1.36709,-0.18435,-9.30147
2414,2414956,1.61369,0.12210,-9.43794
2415,2415956,1.57060,-0.13647,-9.30866
2416,2416956,1.67115,0.38547,-9.53850
2417,2417956,1.62566,-0.19872,-9.34936
2418,2418956,2.05422,0.46208,-9.60075
2419,2419956,1.16598,-0.54348,-9.10994
2420,2420956,1.38385,0.09816,-9.72525
2421,2421956,1.45089,-0.18675,-9.24162
2422,2422956,1.73580,0.67756,-9.71806
2423,2423956,1.42694,-0.88346,-8.92558
2424,2424956,1.07021,0.53870,-9.82102
2425,2425956,2.62644,0.06225,-9.55287
2426,2426956,1.14682,-0.28491,-9.00220
2427,2427956,1.97043,1.47483,-10.16099
2428,2428956,1.94649,-0.85234,-8.94953
2429,2429956,1.38145,0.55545,-9.50259
2430,2430956,1.73340,-0.21548,-9.31823
2431,2431956,1.45807,0.06704,-9.66539
2432,2432956,1.69031,0.27533,-9.31823
2433,2433956,1.88663,0.13886,-9.61751
2434,2434956,1.64242,-0.14126,-9.27993
2435,2435956,1.01275,-0.22505,-9.31344
2436,2436956,1.75256,0.14844,-9.73482
2437,2437956,1.16837,-0.08380,-9.23204
2438,2438956,2.36547,0.58419,-9.68215
2439,2439956,0.49560,-1.31681,-8.85615
2440,2440956,2.38223,1.42216,-10.34056
2441,2441956,1.91776,-1.00556,-8.76757
2442,2442956,1.31681,1.15161,-9.87129
2443,2443956,2.28167,0.20830,-9.57202
2444,2444956,1.44370,-0.31125,-9.20331
2445,2445956,1.56820,0.16759,-9.43316
2446,2446956,1.59933,-0.16281,-9.34218
2447,2447956,1.68552,0.42377,-9.65342
2448,2448956,1.57060,-0.19632,-9.30626
2449,2449956,2.09493,0.50278,-9.63187
2450,2450956,1.18034,-0.55545,-9.06924
2451,2451956,1.37427,0.09577,-9.63187
2452,2452956,1.62327,-0.19872,-9.39006
2453,2453956,1.61130,0.52672,-9.80186
2454,2454956,1.58736,-0.84036,-9.03332
2455,2455956,0.96486,0.29928,-9.76595
2456,2456956,2.70784,0.21787,-9.67497
2457,2457956,1.24020,-0.32082,-8.90882
2458,2458956,1.86987,1.52271,-10.13226
2459,2459956,1.89621,-0.78769,-9.06684
2460,2460956,1.35512,0.53870,-9.55526
2461,2461956,1.78129,-0.19872,-9.32302
2462,2462956,1.45567,0.12929,-9.61511
2463,2463956,1.65679,0.28730,-9.31823
2464,2464956,1.82917,0.07661,-9.64624
2465,2465956,1.73101,-0.07422,-9.32542
2466,2466956,1.00078,-0.37110,-9.19613
2467,2467956,1.72383,0.19154,-9.68455
2468,2468956,1.15161,-0.17957,-9.31584
2469,2469956,2.34632,0.57940,-9.80186
2470,2470956,0.49560,-1.25456,-8.85615
2471,2471956,2.27689,1.40300,-10.24718
2472,2472956,1.92494,-0.91459,-8.83700
2473,2473956,1.20907,1.08936,-9.74919
2474,2474956,2.28167,0.41180,-9.58638
2475,2475956,1.44370,-0.42377,-9.04769
2476,2476956,1.60412,0.31125,-9.40203
2477,2477956,1.60412,-0.09577,-9.36133
2478,2478956,1.60172,0.33040,-9.65582
2479,2479956,1.56820,-0.20590,-9.24641
2480,2480956,2.08296,0.46687,-9.66779
2481,2481956,1.26893,-0.53630,-9.01896
2482,2482956,1.30723,0.03352,-9.53850
2483,2483956,1.61369,-0.12210,-9.39006
2484,2484956,1.54187,0.38786,-9.68933
2485,2485956,1.78607,-0.60334,-9.12909
2486,2486956,0.84036,0.05746,-9.57920
2487,2487956,2.75812,0.50518,-9.75877
2488,2488956,1.30723,-0.43096,-8.86573
2489,2489956,1.82678,1.48441,-10.18015
2490,2490956,1.96564,-0.68474,-8.99980
2491,2491956,1.38624,0.48363,-9.48822
2492,2492956,1.79805,-0.14605,-9.26556
2493,2493956,1.47243,0.03352,-9.57441
2494,2494956,1.71664,0.31125,-9.32063
2495,2495956,1.80044,0.01437,-9.57681
2496,2496956,1.77410,0.02873,-9.41640
2497,2497956,1.04387,-0.33519,-9.12430
2498,2498956,1.71904,0.25618,-9.68215
2499,2499956,1.18274,-0.19154,-9.20331
2500,2500956,2.27449,0.65841,-9.81144
2501,2501956,0.59855,-1.41018,-8.80587
2502,2502956,2.15718,1.42694,-10.33816
2503,2503956,2.13084,-0.96247,-8.94953
2504,2504956,1.18752,0.93853,-9.68215
2505,2505956,2.23379,0.62249,-9.69412
2506,2506956,1.45089,-0.61292,-9.08360
2507,2507956,1.55623,0.32322,-9.54808
2508,2508956,1.73101,-0.15083,-9.32302
2509,2509956,1.63524,0.39504,-9.69412
2510,2510956,1.57060,-0.11013,-9.29908
2511,2511956,2.02310,0.40223,-9.68455
2512,2512956,1.24738,-0.49799,-9.12430
2513,2513956,1.22104,0.03591,-9.56723
2514,2514956,1.66636,-0.08380,-9.46428
2515,2515956,1.43173,0.33279,-9.64145
2516,2516956,1.89621,-0.49321,-9.23204
2517,2517956,0.72305,-0.07183,-9.56005
2518,2518956,2.74136,0.59616,-9.88087
2519,2519956,1.32639,-0.54348,-8.86333
2520,2520956,1.70467,1.46286,-10.14902
2521,2521956,1.98000,-0.67995,-9.04051
2522,2522956,1.38145,0.43814,-9.49062
2523,2523956,1.72143,-0.11253,-9.33260
2524,2524956,1.43413,0.01915,-9.54329
2525,2525956,1.63524,0.34477,-9.34936
2526,2526956,1.70707,0.04070,-9.48104
2527,2527956,1.88184,0.13408,-9.43076
2528,2528956,0.99120,-0.48602,-9.17698
2529,2529956,1.67115,0.20111,-9.77792
2530,2530956,1.26893,-0.22745,-9.22965
2531,2531956,2.23379,0.70629,-9.84496
2532,2532956,0.63925,-1.45328,-8.75081
2533,2533956,1.98719,1.41018,-10.28310
2534,2534956,2.12845,-0.87628,-8.92798
2535,2535956,1.15879,0.77812,-9.54808
2536,2536956,2.28646,0.81403,-9.82102
2537,2537956,1.44610,-0.69671,-9.04051
2538,2538956,1.51074,0.43814,-9.60075
2539,2539956,1.65200,-0.19154,-9.23683
2540,2540956,1.58736,0.32322,-9.57441
2541,2541956,1.59693,-0.07661,-9.19613
2542,2542956,1.99916,0.39983,-9.66300
2543,2543956,1.30005,-0.51236,-9.08360
2544,2544956,1.22583,0.00239,-9.52653
2545,2545956,1.74298,-0.06225,-9.51695
2546,2546956,1.45328,0.34477,-9.55526
2547,2547956,2.03507,-0.22745,-9.29908
2548,2548956,0.64165,-0.33758,-9.41161
2549,2549956,2.75094,0.71347,-9.99819
2550,2550956,1.46765,-0.64404,-8.89207
2551,2551956,1.70228,1.44849,-10.08917
2552,2552956,2.03986,-0.54588,-9.07642
2553,2553956,1.40540,0.36152,-9.39485
2554,2554956,1.73101,-0.12929,-9.28232
2555,2555956,1.44610,-0.02394,-9.48104
2556,2556956,1.68791,0.33519,-9.40921
2557,2557956,1.75974,-0.10534,-9.49780
2558,2558956,1.91297,0.18196,-9.44991
2559,2559956,0.93613,-0.53391,-9.13388
2560,2560956,1.62327,0.19393,-9.72046
2561,2561956,1.23301,-0.21548,-9.20331
2562,2562956,2.21942,0.79248,-9.86172
2563,2563956,0.65601,-1.41497,-8.72926
2564,2564956,1.93930,1.45328,-10.27112
2565,2565956,2.22421,-0.85473,-8.93037
2566,2566956,1.13725,0.75417,-9.45949
2567,2567956,2.31280,0.82839,-9.84017
2568,2568956,1.49398,-0.77812,-8.99980
2569,2569956,1.50595,0.47405,-9.59596
2570,2570956,1.76213,-0.18675,-9.25838
2571,2571956,1.58257,0.28730,-9.63187
2572,2572956,1.60890,-0.08380,-9.25119
2573,2573956,2.03268,0.37589,-9.70370
2574,2574956,1.33118,-0.44532,-9.16500
2575,2575956,1.24738,-0.05746,-9.47864
2576,2576956,1.70228,-0.02873,-9.55765
2577,2577956,1.27372,0.28491,-9.53850
2578,2578956,2.04704,-0.16041,-9.30866
2579,2579956,0.60334,-0.43574,-9.41640
2580,2580956,2.73178,0.79009,-10.01495
2581,2581956,1.43652,-0.66798,-8.80587
2582,2582956,1.69509,1.49398,-10.08198
2583,2583956,2.03268,-0.54348,-9.06445
2584,2584956,1.40061,0.36631,-9.43076
2585,2585956,1.79565,-0.13168,-9.39485
2586,2586956,1.47243,-0.10056,-9.54329
2587,2587956,1.66158,0.33040,-9.43316
2588,2588956,1.71425,-0.09098,-9.57681
2589,2589956,1.91297,0.26336,-9.45470
2590,2590956,1.01754,-0.45969,-9.16022
2591,2591956,1.65918,0.18435,-9.80186
2592,2592956,1.21865,-0.25618,-9.33978
2593,2593956,2.25294,0.70629,-9.98622
2594,2594956,0.76614,-1.35033,-8.76038
2595,2595956,1.97522,1.44849,-10.24958
2596,2596956,2.22421,-0.80445,-8.97586
2597,2597956,1.06303,0.78530,-9.45710
2598,2598956,2.29125,0.85473,-9.87848
2599,2599956,1.52989,-0.73263,-8.97586
2600,2600956,1.52989,0.47166,-9.54089
2601,2601956,1.73101,-0.15802,-9.26795
2602,2602956,1.58017,0.30885,-9.70609
2603,2603956,1.55144,-0.08859,-9.23444
2604,2604956,2.03747,0.38786,-9.67736
2605,2605956,1.31921,-0.39744,-9.20331
2606,2606956,1.21386,0.01915,-9.45710
2607,2607956,1.75974,-0.01915,-9.52174
2608,2608956,1.40300,0.26336,-9.56723
2609,2609956,2.04465,-0.10774,-9.36372
2610,2610956,0.54827,-0.45729,-9.42837
2611,2611956,2.73657,0.78530,-9.97424
2612,2612956,1.43652,-0.71826,-8.79151
2613,2613956,1.67115,1.42934,-10.14902
2614,2614956,1.97522,-0.49321,-9.10994
2615,2615956,1.39103,0.36392,-9.49780
2616,2616956,1.77171,-0.08859,-9.36612
2617,2617956,1.49638,0.02634,-9.57202
2618,2618956,1.77410,0.38547,-9.45470
2619,2619956,1.77410,-0.05986,-9.52413
2620,2620956,1.91057,0.25379,-9.46189
2621,2621956,1.02472,-0.50039,-9.21528
2622,2622956,1.65439,0.22984,-9.74919
2623,2623956,1.27372,-0.22745,-9.19613
2624,2624956,2.21224,0.79727,-9.88326
2625,2625956,0.78051,-1.40779,-8.71968
2626,2626956,1.93451,1.31442,-10.33337
2627,2627956,2.25294,-0.78051,-9.02135
2628,2628956,1.10612,0.72305,-9.47625
2629,2629956,2.29365,0.91219,-9.92397
2630,2630956,1.48680,-0.76136,-8.99741
2631,2631956,1.56341,0.46926,-9.54568
2632,2632956,1.75256,-0.14844,-9.18416
2633,2633956,1.57299,0.29209,-9.68694
2634,2634956,1.54426,-0.08619,-9.25359
2635,2635956,2.02549,0.37589,-9.74440
2636,2636956,1.37188,-0.42856,-9.21528
2637,2637956,1.19231,-0.05267,-9.43794
2638,2638956,1.69270,0.00239,-9.55047
2639,2639956,1.38385,0.33040,-9.58399
2640,2640956,2.09493,-0.26576,-9.35893
2641,2641956,0.50757,-0.30167,-9.42837
2642,2642956,2.74376,0.67038,-9.95030
2643,2643956,1.36948,-0.65362,-8.76517
2644,2644956,1.67355,1.48201,-10.12987
2645,2645956,2.01592,-0.54348,-9.09078
2646,2646956,1.38145,0.37828,-9.41161
2647,2647956,1.82199,-0.13168,-9.29429
2648,2648956,1.52511,-0.02873,-9.47625
2649,2649956,1.69031,0.33998,-9.43555
2650,2650956,1.73819,-0.15802,-9.54568
2651,2651956,1.94649,0.27533,-9.51216
2652,2652956,1.02951,-0.50518,-9.19373
2653,2653956,1.61369,0.17717,-9.81862
2654,2654956,1.22823,-0.27533,-9.28232
2655,2655956,2.16436,0.67995,-9.91678
2656,2656956,0.78530,-1.35033,-8.78672
2657,2657956,1.95127,1.26893,-10.25437
2658,2658956,2.29843,-0.75896,-9.05727
2659,2659956,1.15640,0.74460,-9.47386
2660,2660956,2.30322,0.92656,-9.93115
2661,2661956,1.52989,-0.79727,-9.02135
2662,2662956,1.57299,0.45011,-9.61751
2663,2663956,1.75256,-0.18435,-9.27993
2664,2664956,1.58257,0.26336,-9.70609
2665,2665956,1.65439,0.02873,-9.19852
2666,2666956,2.10450,0.40462,-9.66539
2667,2667956,1.41258,-0.43814,-9.16500
2668,2668956,1.14922,-0.08619,-9.50259
2669,2669956,1.78129,-0.04549,-9.60554
2670,2670956,1.37188,0.17478,-9.53611
2671,2671956,2.10450,-0.05028,-9.45470
2672,2672956,0.52672,-0.66319,-9.32542
2673,2673956,2.69827,0.87388,-9.99100
2674,2674956,1.49159,-0.76854,-8.68138
2675,2675956,1.64721,1.45807,-10.03649
2676,2676956,2.05901,-0.48123,-9.08121
2677,2677956,1.36230,0.38068,-9.38288
2678,2678956,1.74298,-0.05028,-9.31105
2679,2679956,1.53947,-0.09337,-9.48583
2680,2680956,1.67834,0.41420,-9.40442
2681,2681956,1.66158,-0.14126,-9.38288
2682,2682956,1.94170,0.31125,-9.44752
2683,2683956,1.04387,-0.50996,-9.09078
2684,2684956,1.58975,0.20111,-9.71328
2685,2685956,1.26174,-0.28252,-9.28232
2686,2686956,2.12366,0.74939,-9.92636
2687,2687956,0.78769,-1.38624,-8.74602
2688,2688956,1.74058,1.27611,-10.20888
2689,2689956,2.24097,-0.76854,-9.07881
2690,2690956,0.99120,0.53870,-9.35893
2691,2691956,2.19309,0.99359,-9.93833
2692,2692956,1.58257,-0.78769,-8.96150
2693,2693956,1.52271,0.47405,-9.62469
2694,2694956,1.73580,-0.16759,-9.27753
2695,2695956,1.53468,0.23942,-9.69412
2696,2696956,1.60172,0.06704,-9.23683
2697,2697956,2.03028,0.38547,-9.62230
2698,2698956,1.35512,-0.40941,-9.16979
2699,2699956,1.12288,-0.03112,-9.43555
2700,2700956,1.79805,0.07183,-9.53611
2701,2701956,1.33118,0.22505,-9.44513
2702,2702956,2.19548,0.14365,-9.42118
2703,2703956,0.47405,-0.67516,-9.31823
2704,2704956,2.63123,1.01514,-10.09874
2705,2705956,1.50595,-0.63925,-8.72926
2706,2706956,1.60172,1.34315,-10.05565
2707,2707956,2.10450,-0.34955,-9.18416
2708,2708956,1.44610,0.22505,-9.41161
2709,2709956,1.70946,-0.08859,-9.38527
2710,2710956,1.47004,-0.10534,-9.50498
2711,2711956,1.65918,0.40223,-9.52174
2712,2712956,1.66636,-0.16281,-9.46907
2713,2713956,1.93930,0.35195,-9.52653
2714,2714956,1.01035,-0.54588,-9.17219
2715,2715956,1.52750,0.22984,-9.84735
2716,2716956,1.35272,-0.23942,-9.35654
2717,2717956,2.09493,0.74220,-9.91918
2718,2718956,0.91219,-1.33118,-8.74123
2719,2719956,1.68312,1.16837,-10.15381
2720,2720956,2.36308,-0.72784,-9.15303
2721,2721956,1.10852,0.45250,-9.32781
2722,2722956,2.24576,1.10133,-9.93115
2723,2723956,1.62327,-0.88585,-8.95910
2724,2724956,1.47962,0.45729,-9.59117
2725,2725956,1.73101,-0.16999,-9.19373
2726,2726956,1.47722,0.23224,-9.65821
2727,2727956,1.62087,0.05746,-9.28232
2728,2728956,2.00634,0.36871,-9.77553
2729,2729956,1.43173,-0.35674,-9.24880
2730,2730956,1.08457,-0.10774,-9.45470
2731,2731956,1.73340,0.06464,-9.70131
2732,2732956,1.19471,0.09337,-9.40921
2733,2733956,2.28407,0.21069,-9.51216
2734,2734956,0.44053,-0.85234,-9.20810
2735,2735956,2.60968,1.13485,-10.11790
2736,2736956,1.64482,-0.79487,-8.73884
2737,2737956,1.58736,1.27850,-10.02931
2738,2738956,2.15239,-0.26097,-9.16022
2739,2739956,1.43173,0.15083,-9.34936
2740,2740956,1.73101,-0.01676,-9.39485
2741,2741956,1.52271,0.00718,-9.54808
2742,2742956,1.68791,0.45011,-9.60075
2743,2743956,1.62566,-0.22745,-9.43794
2744,2744956,1.98958,0.39025,-9.56962
2745,2745956,1.06781,-0.53151,-9.12670
2746,2746956,1.51074,0.20830,-9.73004
2747,2747956,1.38864,-0.17717,-9.27035
2748,2748956,1.96564,0.79248,-9.87608
2749,2749956,1.04866,-1.26893,-8.71489
2750,2750956,1.58496,1.13246,-10.11071
2751,2751956,2.46603,-0.47405,-9.24880
2752,2752956,1.04148,0.25857,-9.19852
2753,2753956,2.16675,1.22823,-10.02213
2754,2754956,1.68073,-0.95050,-8.94953
2755,2755956,1.42455,0.51715,-9.59357
2756,2756956,1.80523,-0.15323,-9.24162
2757,2757956,1.50835,0.21787,-9.65582
2758,2758956,1.57299,0.13647,-9.24880
2759,2759956,1.98958,0.33519,-9.69173
2760,2760956,1.55384,-0.35434,-9.22007
2761,2761956,1.12288,-0.14126,-9.31105
2762,2762956,1.76692,0.04070,-9.65342
2763,2763956,1.28569,0.09098,-9.41879
2764,2764956,2.31040,0.32082,-9.63427
2765,2765956,0.47645,-0.97683,-9.20092
2766,2766956,2.54743,1.15879,-10.13944
2767,2767956,1.64721,-0.83079,-8.71489
2768,2768956,1.42455,1.34315,-9.90721
2769,2769956,2.16436,-0.13647,-9.29669
2770,2770956,1.43173,0.05986,-9.37569
2771,2771956,1.66636,0.06225,-9.36612
2772,2772956,1.53468,-0.09577,-9.41400
2773,2773956,1.68073,0.39504,-9.58638
2774,2774956,1.65918,-0.21548,-9.36612
2775,2775956,2.04225,0.43335,-9.61751
2776,2776956,1.08697,-0.54109,-9.11951
2777,2777956,1.48441,0.14365,-9.76595
2778,2778956,1.38864,-0.27294,-9.30387
2779,2779956,1.95846,0.72544,-9.90721
2780,2780956,1.11091,-1.18992,-8.83700
2781,2781956,1.36948,0.91459,-10.04607
2782,2782956,2.53067,-0.39504,-9.34696
2783,2783956,1.08457,0.13408,-9.05727
2784,2784956,2.15478,1.32639,-10.03170
2785,2785956,1.75495,-0.92656,-8.93277
2786,2786956,1.41976,0.51954,-9.60075
2787,2787956,1.79565,-0.16999,-9.24880
2788,2788956,1.49877,0.17478,-9.58160
2789,2789956,1.57538,0.15323,-9.23683
2790,2790956,1.91536,0.29449,-9.68694
2791,2791956,1.50356,-0.24660,-9.30147
2792,2792956,1.05345,-0.13168,-9.41879
2793,2793956,1.79326,0.06943,-9.67976
2794,2794956,1.18513,-0.02873,-9.40203
2795,2795956,2.26970,0.36871,-9.61990
2796,2796956,0.44532,-0.97444,-9.03811
2797,2797956,2.51870,1.23780,-10.19691
2798,2798956,1.74058,-0.84755,-8.81306
2799,2799956,1.40779,1.29287,-9.99579
2800,2800956,2.15478,-0.00479,-9.37091
2801,2801956,1.45807,-0.02155,-9.25598
2802,2802956,1.64242,0.06943,-9.40203
2803,2803956,1.59693,-0.08619,-9.40682
2804,2804956,1.69270,0.44532,-9.55287
2805,2805956,1.66158,-0.28012,-9.36372
2806,2806956,2.07577,0.49799,-9.61033
2807,2807956,1.13964,-0.54348,-9.12670
2808,2808956,1.50116,0.12689,-9.69173
2809,2809956,1.49638,-0.17717,-9.30626
2810,2810956,1.91536,0.73023,-9.90481
2811,2811956,1.22104,-1.08218,-8.82263
2812,2812956,1.32399,0.85473,-9.95030
2813,2813956,2.60250,-0.24900,-9.36612
2814,2814956,1.07260,0.04070,-9.12430
2815,2815956,2.01592,1.36469,-10.07001
2816,2816956,1.77889,-0.89783,-8.94713
2817,2817956,1.39103,0.50278,-9.58878
2818,2818956,1.82917,-0.20590,-9.31584
2819,2819956,1.52989,0.16520,-9.64863
2820,2820956,1.64960,0.16281,-9.26317
2821,2821956,1.91536,0.22984,-9.70849
2822,2822956,1.61130,-0.16520,-9.32781
2823,2823956,1.12527,-0.18914,-9.38048
2824,2824956,1.76213,0.09098,-9.63666
2825,2825956,1.19231,-0.05746,-9.28471
2826,2826956,2.33914,0.50757,-9.70131
2827,2827956,0.43574,-1.14682,-9.04529
2828,2828956,2.48518,1.31921,-10.19930
2829,2829956,1.80523,-0.94571,-8.72926
2830,2830956,1.35033,1.16837,-9.96706
2831,2831956,2.24576,0.08859,-9.43076
2832,2832956,1.48680,-0.11971,-9.20810
2833,2833956,1.64721,0.09816,-9.29669
2834,2834956,1.52750,-0.10295,-9.42597
2835,2835956,1.66397,0.45729,-9.67736
2836,2836956,1.60890,-0.22505,-9.32063
2837,2837956,2.12366,0.47166,-9.59596
2838,2838956,1.12288,-0.57940,-9.05008
2839,2839956,1.34794,0.07422,-9.67497
2840,2840956,1.42455,-0.24421,-9.34457
2841,2841956,1.81959,0.72065,-9.87608
2842,2842956,1.32399,-1.08697,-8.83939
2843,2843956,1.24020,0.85234,-9.99100
2844,2844956,2.54982,-0.24421,-9.50737
2845,2845956,1.05345,0.02873,-9.06924
2846,2846956,2.08296,1.42934,-10.11071
2847,2847956,1.77410,-0.84036,-8.91122
2848,2848956,1.35512,0.45969,-9.56005
2849,2849956,1.77410,-0.21787,-9.33739
2850,2850956,1.42934,0.07901,-9.57681
2851,2851956,1.65439,0.16759,-9.26317
2852,2852956,1.94170,0.15802,-9.63427
2853,2853956,1.63045,-0.21308,-9.32542
2854,2854956,1.01993,-0.15802,-9.36133
2855,2855956,1.81241,0.17238,-9.72285
2856,2856956,1.19710,-0.08619,-9.33499
2857,2857956,2.30083,0.48842,-9.75158
2858,2858956,0.35913,-1.20189,-9.03332
2859,2859956,2.40857,1.34075,-10.22564
2860,2860956,1.81002,-0.88825,-8.77475
2861,2861956,1.35272,1.24977,-9.92636
2862,2862956,2.20506,0.16281,-9.43076
2863,2863956,1.42455,-0.10534,-9.20810
2864,2864956,1.60412,0.15323,-9.40921
2865,2865956,1.59214,-0.07661,-9.39724
2866,2866956,1.70467,0.46448,-9.60075
2867,2867956,1.59454,-0.23942,-9.30147
2868,2868956,2.01352,0.52672,-9.63187
2869,2869956,1.19950,-0.57700,-9.11233
2870,2870956,1.44370,0.13886,-9.63427
2871,2871956,1.51314,-0.23224,-9.31105
2872,2872956,1.73819,0.59855,-9.80904
2873,2873956,1.32878,-0.86670,-8.92319
2874,2874956,1.19710,0.63207,-9.85214
2875,2875956,2.66475,0.07661,-9.56005
2876,2876956,1.13246,-0.14605,-9.00459
2877,2877956,1.98479,1.47004,-10.13705
2878,2878956,1.88903,-0.82839,-8.97586
2879,2879956,1.35991,0.55545,-9.51695
2880,2880956,1.77889,-0.19154,-9.30387
2881,2881956,1.48441,0.11013,-9.59596
2882,2882956,1.63524,0.17957,-9.30147
2883,2883956,1.95846,0.14605,-9.61990
2884,2884956,1.67115,-0.15323,-9.28711
2885,2885956,0.99120,-0.27054,-9.30387
2886,2886956,1.72622,0.11492,-9.73482
2887,2887956,1.14682,-0.11971,-9.34696
2888,2888956,2.37026,0.55067,-9.75398
2889,2889956,0.41659,-1.31442,-8.93756
2890,2890956,2.40857,1.40779,-10.29507
2891,2891956,1.82438,-1.01035,-8.72447
2892,2892956,1.33596,1.21625,-9.90242
2893,2893956,2.25294,0.11492,-9.57920
2894,2894956,1.39582,-0.24421,-9.21289
2895,2895956,1.63763,0.21308,-9.43316
2896,2896956,1.59214,-0.10295,-9.32302
2897,2897956,1.61130,0.41180,-9.60793
2898,2898956,1.57299,-0.19154,-9.40203
2899,2899956,1.99198,0.47166,-9.71567
2900,2900956,1.09894,-0.54588,-9.17698
2901,2901956,1.37427,0.16520,-9.65582
2902,2902956,1.56581,-0.17957,-9.32781
2903,2903956,1.76932,0.60573,-9.86172
2904,2904956,1.45567,-0.97205,-8.92319
2905,2905956,1.11091,0.46448,-9.76834
2906,2906956,2.67193,0.10534,-9.56005
2907,2907956,1.13485,-0.27294,-8.95431
2908,2908956,1.98240,1.48919,-10.13944
2909,2909956,1.92015,-0.86910,-9.10275
2910,2910956,1.41018,0.47884,-9.57920
2911,2911956,1.77650,-0.19632,-9.31105
2912,2912956,1.46046,0.05986,-9.59357
2913,2913956,1.66636,0.23942,-9.22725
2914,2914956,1.93691,0.13886,-9.61033
2915,2915956,1.71664,-0.10534,-9.33978
2916,2916956,1.02951,-0.24181,-9.26795
2917,2917956,1.70946,0.09098,-9.68455
2918,2918956,1.13485,-0.13168,-9.33978
2919,2919956,2.32477,0.46926,-9.73004
2920,2920956,0.43096,-1.24738,-8.88009
2921,2921956,2.37265,1.40540,-10.30943
2922,2922956,1.86987,-0.92895,-8.77475
2923,2923956,1.29766,1.18992,-9.77313
2924,2924956,2.26252,0.24660,-9.53132
2925,2925956,1.43652,-0.32801,-9.22725
2926,2926956,1.63763,0.21069,-9.47386
2927,2927956,1.59933,-0.08859,-9.34218
2928,2928956,1.64242,0.35913,-9.66539
2929,2929956,1.53229,-0.24900,-9.30866
2930,2930956,2.05422,0.46687,-9.66779
2931,2931956,1.23780,-0.50278,-9.05966
2932,2932956,1.36948,0.09816,-9.63666
2933,2933956,1.59693,-0.22505,-9.34696
2934,2934956,1.66876,0.59616,-9.81144
2935,2935956,1.58496,-0.80206,-8.98065
2936,2936956,1.03908,0.41659,-9.74201
2937,2937956,2.71742,0.17957,-9.64863
2938,2938956,1.17555,-0.25618,-8.95910
2939,2939956,1.86508,1.50595,-10.15381
2940,2940956,1.90818,-0.82839,-9.00220
2941,2941956,1.45089,0.51954,-9.50977
2942,2942956,1.80044,-0.17478,-9.27274
2943,2943956,1.44849,0.06943,-9.61033
2944,2944956,1.64960,0.24181,-9.33260
2945,2945956,1.83635,0.10774,-9.58160
2946,2946956,1.74777,-0.01197,-9.34218
2947,2947956,1.02951,-0.36152,-9.23444
2948,2948956,1.72143,0.12450,-9.67976
2949,2949956,1.16837,-0.24181,-9.18655
2950,2950956,2.33914,0.69671,-9.83778
2951,2951956,0.46208,-1.39103,-8.96389
2952,2952956,2.25055,1.47483,-10.31183
2953,2953956,2.02549,-0.93374,-8.88488
2954,2954956,1.32878,0.96726,-9.78510
2955,2955956,2.26491,0.43574,-9.63187
2956,2956956,1.38624,-0.37350,-9.16500
2957,2957956,1.60172,0.31364,-9.50019
2958,2958956,1.67834,-0.17238,-9.36851
2959,2959956,1.65439,0.40941,-9.64145
2960,2960956,1.54665,-0.18435,-9.28232
2961,2961956,1.98479,0.47884,-9.66779
2962,2962956,1.14443,-0.48363,-9.14106
2963,2963956,1.30723,0.13168,-9.57441
2964,2964956,1.64242,-0.18196,-9.41400
2965,2965956,1.63285,0.49081,-9.73482
2966,2966956,1.60412,-0.77572,-8.99741
2967,2967956,0.88585,0.26576,-9.71567
2968,2968956,2.70784,0.25139,-9.70849
2969,2969956,1.20428,-0.37350,-8.95192
2970,2970956,1.86029,1.46525,-10.11790
2971,2971956,1.88903,-0.77333,-8.95431
2972,2972956,1.41497,0.57221,-9.53611
2973,2973956,1.84114,-0.17238,-9.29429
2974,2974956,1.47483,0.02394,-9.57920
2975,2975956,1.69270,0.31364,-9.28711
2976,2976956,1.85311,0.05028,-9.66300
2977,2977956,1.77410,0.04549,-9.36612
2978,2978956,0.97444,-0.30885,-9.25598
2979,2979956,1.73101,0.16041,-9.67976
2980,2980956,1.14682,-0.20111,-9.27035
2981,2981956,2.31519,0.71108,-9.85693
2982,2982956,0.58179,-1.32399,-8.87291
2983,2983956,2.15478,1.34315,-10.19930
2984,2984956,2.07577,-0.87149,-8.89207
2985,2985956,1.25696,0.90261,-9.73004
2986,2986956,2.25534,0.57461,-9.66300
2987,2987956,1.47962,-0.50996,-9.07642
2988,2988956,1.56820,0.32082,-9.42118
2989,2989956,1.66397,-0.08140,-9.28232
2990,2990956,1.64960,0.37589,-9.71088
2991,2991956,1.59454,-0.22984,-9.30387
2992,2992956,2.09014,0.41659,-9.67018
2993,2993956,1.27132,-0.52912,-9.11473
2994,2994956,1.29047,0.02873,-9.65342
2995,2995956,1.67594,-0.16281,-9.49301
2996,2996956,1.56581,0.49799,-9.80426
2997,2997956,1.77410,-0.71347,-9.15303
2998,2998956,0.83797,0.11732,-9.73482
2999,2999956,2.79164,0.37828,-9.83059
3000,3000956,1.20428,-0.50039,-8.88488
3001,3001956,1.83396,1.48680,-10.16578
3002,3002956,1.94409,-0.75178,-9.00699
3003,3003956,1.38624,0.46687,-9.51935
3004,3004956,1.80044,-0.20111,-9.25119
3005,3005956,1.48441,0.05986,-9.55765
3006,3006956,1.72383,0.31364,-9.35415
3007,3007956,1.78129,0.00479,-9.53611
3008,3008956,1.76692,0.09098,-9.34218
3009,3009956,0.96486,-0.36631,-9.19373
3010,3010956,1.68552,0.10534,-9.78989
3011,3011956,1.19231,-0.24900,-9.24641
3012,3012956,2.28886,0.73263,-9.75398
3013,3013956,0.67038,-1.37667,-8.86333
3014,3014956,2.05901,1.34794,-10.27112
3015,3015956,2.09732,-0.75178,-8.88249
3016,3016956,1.17076,0.81163,-9.53132
3017,3017956,2.26970,0.67038,-9.72046
3018,3018956,1.50835,-0.67277,-9.11233
3019,3019956,1.54905,0.34477,-9.55765
3020,3020956,1.64960,-0.11492,-9.35893
3021,3021956,1.56581,0.33758,-9.64145
3022,3022956,1.56820,-0.13886,-9.20092
3023,3023956,2.05183,0.45490,-9.76834
3024,3024956,1.29526,-0.46687,-9.15303
3025,3025956,1.20428,0.05028,-9.46907
3026,3026956,1.71425,-0.01915,-9.44273
3027,3027956,1.49877,0.34716,-9.64624
3028,3028956,1.88424,-0.37110,-9.20331
3029,3029956,0.61292,-0.16281,-9.42597
3030,3030956,2.76770,0.69432,-9.96227
3031,3031956,1.38385,-0.52433,-8.78672
3032,3032956,1.72383,1.44131,-10.06762
3033,3033956,2.01352,-0.55306,-9.03572
3034,3034956,1.31202,0.38547,-9.49062
3035,3035956,1.75495,-0.17957,-9.32542
3036,3036956,1.44610,-0.03591,-9.55526
3037,3037956,1.67115,0.29209,-9.41879
3038,3038956,1.71664,-0.05507,-9.59596
3039,3039956,1.89381,0.25379,-9.46907
3040,3040956,1.00796,-0.47645,-9.17219
3041,3041956,1.68312,0.17478,-9.72046
3042,3042956,1.26893,-0.29688,-9.25598
3043,3043956,2.23379,0.78051,-9.87369
3044,3044956,0.82121,-1.38145,-8.76278
3045,3045956,2.00155,1.32639,-10.26155
3046,3046956,2.22182,-0.72784,-9.09078
3047,3047956,1.12288,0.65122,-9.54089
3048,3048956,2.23858,0.88346,-9.90481
3049,3049956,1.51553,-0.75178,-9.05487
3050,3050956,1.48919,0.41420,-9.55047
3051,3051956,1.62806,-0.13647,-9.24641
3052,3052956,1.50595,0.33519,-9.59117
3053,3053956,1.56341,-0.08380,-9.17219
3054,3054956,2.05422,0.35674,-9.72285
3055,3055956,1.33596,-0.48842,-9.19373
3056,3056956,1.23301,-0.01437,-9.48104
3057,3057956,1.72861,0.00000,-9.43555
3058,3058956,1.35272,0.25139,-9.54568
3059,3059956,2.05183,-0.10534,-9.34457
3060,3060956,0.48842,-0.48602,-9.37091
3061,3061956,2.73657,0.79727,-9.97664
3062,3062956,1.42934,-0.61052,-8.79151
3063,3063956,1.54665,1.42455,-10.23282
3064,3064956,2.00634,-0.52912,-9.17219
3065,3065956,1.40300,0.36871,-9.47146
3066,3066956,1.75016,-0.05267,-9.35415
3067,3067956,1.47004,0.00718,-9.47864
3068,3068956,1.67594,0.40701,-9.41879
3069,3069956,1.70228,-0.11492,-9.49301
3070,3070956,1.89381,0.24181,-9.50498
3071,3071956,1.01754,-0.41420,-9.16979
3072,3072956,1.68552,0.17717,-9.78271
3073,3073956,1.25696,-0.26815,-9.25359
3074,3074956,2.16675,0.83079,-9.89284
3075,3075956,0.81642,-1.37667,-8.73884
3076,3076956,1.89860,1.35033,-10.19691
3077,3077956,2.31998,-0.72544,-9.15543
3078,3078956,1.13964,0.58419,-9.46189
3079,3079956,2.25055,0.99599,-9.91678
3080,3080956,1.56102,-0.84515,-8.97826
3081,3081956,1.51553,0.39025,-9.51935
3082,3082956,1.72143,-0.21787,-9.28950
3083,3083956,1.52271,0.24660,-9.68455
3084,3084956,1.56820,-0.01915,-9.25119
3085,3085956,2.05901,0.39265,-9.66779
3086,3086956,1.35033,-0.42138,-9.13388
3087,3087956,1.17316,0.00479,-9.43555
3088,3088956,1.69509,-0.01437,-9.54329
3089,3089956,1.35272,0.26576,-9.51695
3090,3090956,2.13084,-0.07183,-9.29669
3091,3091956,0.51475,-0.54348,-9.29190
3092,3092956,2.67672,0.89783,-10.03170
3093,3093956,1.38145,-0.68474,-8.77236
3094,3094956,1.60651,1.43652,-10.11311
3095,3095956,2.05183,-0.44772,-9.17219
3096,3096956,1.42934,0.28491,-9.51935
3097,3097956,1.78607,-0.15083,-9.29669
3098,3098956,1.46525,-0.08859,-9.46428
3099,3099956,1.63285,0.32801,-9.46907
3100,3100956,1.65679,-0.09098,-9.50259
3101,3101956,1.92015,0.31603,-9.44273
3102,3102956,0.97205,-0.47166,-9.16979
3103,3103956,1.59933,0.16520,-9.74201
3104,3104956,1.29287,-0.26815,-9.20810
3105,3105956,2.13084,0.79966,-9.88087
3106,3106956,0.84994,-1.43413,-8.75799
3107,3107956,1.80283,1.29526,-10.25437
3108,3108956,2.33435,-0.71587,-9.13388
3109,3109956,1.10133,0.50757,-9.45710
3110,3110956,2.22900,1.05584,-9.99579
3111,3111956,1.56581,-0.80445,-8.96629
3112,3112956,1.44849,0.46926,-9.50019
3113,3113956,1.71185,-0.18196,-9.22007
3114,3114956,1.56341,0.28491,-9.59117
3115,3115956,1.60412,-0.00718,-9.23922
3116,3116956,2.01831,0.41899,-9.74201
3117,3117956,1.35033,-0.41420,-9.19852
3118,3118956,1.11809,0.01197,-9.53611
3119,3119956,1.70946,0.00479,-9.59357
3120,3120956,1.30723,0.15562,-9.57920
3121,3121956,2.11169,-0.02155,-9.44991
3122,3122956,0.41659,-0.57700,-9.30626
3123,3123956,2.72700,0.98881,-10.12987
3124,3124956,1.51553,-0.71108,-8.84179
3125,3125956,1.62087,1.48201,-10.14663
3126,3126956,2.05662,-0.44293,-9.15543
3127,3127956,1.35751,0.29209,-9.40921
3128,3128956,1.73819,-0.10534,-9.28950
3129,3129956,1.50356,-0.05267,-9.50977
3130,3130956,1.64003,0.36392,-9.50977
3131,3131956,1.65679,-0.11971,-9.52653
3132,3132956,1.99198,0.35195,-9.54329
3133,3133956,1.04148,-0.48842,-9.15782
3134,3134956,1.57538,0.23224,-9.79228
3135,3135956,1.30005,-0.30406,-9.21049
3136,3136956,2.15957,0.78769,-9.88805
3137,3137956,0.97205,-1.34794,-8.80587
3138,3138956,1.72861,1.19231,-10.15620
3139,3139956,2.29125,-0.61531,-9.10275
3140,3140956,1.03669,0.46208,-9.31584
3141,3141956,2.18351,1.14443,-10.00776
3142,3142956,1.54426,-0.80685,-8.98544
3143,3143956,1.45328,0.56503,-9.56484
3144,3144956,1.72383,-0.21787,-9.28232
3145,3145956,1.54665,0.24900,-9.72764
3146,3146956,1.58017,0.03831,-9.18895
3147,3147956,2.05901,0.30646,-9.68455
3148,3148956,1.39343,-0.44772,-9.22965
3149,3149956,1.13964,-0.08619,-9.45231
3150,3150956,1.74298,-0.00479,-9.60075
3151,3151956,1.31921,0.17957,-9.56005
3152,3152956,2.18830,0.01197,-9.49540
3153,3153956,0.48123,-0.64165,-9.38527
3154,3154956,2.78685,0.91937,-10.13944
3155,3155956,1.51553,-0.74699,-8.79151
3156,3156956,1.65918,1.41018,-10.08917
3157,3157956,2.08774,-0.40462,-9.09078
3158,3158956,1.39103,0.22984,-9.36612
3159,3159956,1.75016,-0.05028,-9.39006
3160,3160956,1.59933,-0.09337,-9.50737
3161,3161956,1.73101,0.39025,-9.54089
3162,3162956,1.63524,-0.18675,-9.51695
3163,3163956,1.98240,0.32082,-9.55526
3164,3164956,1.11809,-0.50757,-9.18176
3165,3165956,1.62566,0.19632,-9.72525
3166,3166956,1.40061,-0.26576,-9.24162
3167,3167956,2.08535,0.82121,-9.93115
3168,3168956,0.98881,-1.32399,-8.75560
3169,3169956,1.66158,1.17076,-10.11311
3170,3170956,2.38941,-0.57461,-9.23922
3171,3171956,1.03430,0.36871,-9.32302
3172,3172956,2.18351,1.21865,-10.04607
3173,3173956,1.72861,-0.89783,-8.92319
3174,3174956,1.49877,0.51236,-9.52653
3175,3175956,1.73580,-0.17717,-9.21528
3176,3176956,1.51553,0.29928,-9.60793
3177,3177956,1.57538,0.04788,-9.23444
3178,3178956,2.00155,0.32801,-9.70849
3179,3179956,1.43892,-0.39983,-9.19134
3180,3180956,1.18992,-0.02873,-9.46428
3181,3181956,1.74298,0.00958,-9.61272
3182,3182956,1.26414,0.11732,-9.48583
3183,3183956,2.26491,0.00718,-9.40921
3184,3184956,0.45729,-0.62728,-9.22246
3185,3185956,2.69348,0.91698,-10.04368
3186,3186956,1.49638,-0.78290,-8.75320
3187,3187956,1.58736,1.38624,-10.07959
3188,3188956,2.11169,-0.32322,-9.09318
3189,3189956,1.37188,0.18435,-9.38527
3190,3190956,1.72383,-0.04070,-9.41161
3191,3191956,1.56820,-0.00718,-9.46667
3192,3192956,1.70467,0.38786,-9.45949
3193,3193956,1.61848,-0.16999,-9.48104
3194,3194956,1.94170,0.39744,-9.59357
3195,3195956,0.99599,-0.53151,-9.17937
3196,3196956,1.53947,0.16041,-9.74679
3197,3197956,1.28569,-0.27294,-9.21528
3198,3198956,2.04704,0.80445,-9.92397
3199,3199956,1.03190,-1.33118,-8.84897
3200,3200956,1.64721,1.07500,-10.05086
3201,3201956,2.42533,-0.52912,-9.24641
3202,3202956,1.00078,0.28012,-9.27035
3203,3203956,2.17633,1.20907,-9.95030
3204,3204956,1.65200,-0.88825,-8.93037
3205,3205956,1.50595,0.54827,-9.55287
3206,3206956,1.74298,-0.22505,-9.24162
3207,3207956,1.56581,0.28012,-9.63906
3208,3208956,1.53708,0.02873,-9.16979
3209,3209956,2.03028,0.32082,-9.68215
3210,3210956,1.41018,-0.41899,-9.20810
3211,3211956,1.41018,-0.41899,-9.20810
3212,3212956,1.14443,-0.06225,-9.44273
3213,3213956,1.75016,0.02155,-9.56962
3214,3214956,1.28569,0.13647,-9.49780
3215,3215956,2.25773,0.00000,-9.45710
3216,3216956,0.39983,-0.60094,-9.23204
3217,3217956,2.76291,0.89064,-10.12029
3218,3218956,1.48201,-0.77572,-8.82503
3219,3219956,1.54905,1.43892,-10.14423
3220,3220956,2.09971,-0.33040,-9.23683
3221,3221956,1.37667,0.16759,-9.42118
3222,3222956,1.71185,-0.11013,-9.28232
3223,3223956,1.51553,-0.02634,-9.39006
3224,3224956,1.67355,0.35195,-9.47625
3225,3225956,1.66636,-0.21548,-9.42837
3226,3226956,1.99437,0.33998,-9.47625
3227,3227956,1.02951,-0.48842,-9.07642
3228,3228956,1.60890,0.19154,-9.70849
3229,3229956,1.37667,-0.25618,-9.20571
3230,3230956,2.09014,0.77333,-9.90481
3231,3231956,1.03669,-1.31681,-8.77954
3232,3232956,1.59214,1.16119,-10.09874
3233,3233956,2.50912,-0.56503,-9.19852
3234,3234956,1.10852,0.31843,-9.26077
3235,3235956,2.19788,1.29766,-9.99100
3236,3236956,1.64003,-0.89783,-8.92319
3237,3237956,1.47243,0.51475,-9.49540
3238,3238956,1.74537,-0.21069,-9.26077
3239,3239956,1.50595,0.28252,-9.65342
3240,3240956,1.54426,0.04788,-9.22725
3241,3241956,2.02549,0.29449,-9.71806
3242,3242956,1.43652,-0.35434,-9.22246
3243,3243956,1.10612,-0.04788,-9.47864
3244,3244956,1.71904,0.01915,-9.62708
3245,3245956,1.24020,0.16999,-9.50259
3246,3246956,2.25055,0.01915,-9.47146
3247,3247956,0.44532,-0.64883,-9.22725
3248,3248956,2.67672,0.98162,-10.07720
3249,3249956,1.45567,-0.81403,-8.78193
3250,3250956,1.54187,1.41497,-10.10593
3251,3251956,2.13802,-0.35434,-9.20571
3252,3252956,1.37188,0.24660,-9.36372
3253,3253956,1.68791,0.00239,-9.32542
3254,3254956,1.50356,0.01676,-9.44273
3255,3255956,1.66397,0.36392,-9.51695
3256,3256956,1.60172,-0.20351,-9.36133
3257,3257956,1.94649,0.37589,-9.52892
3258,3258956,1.00317,-0.45969,-9.09797
3259,3259956,1.53468,0.21069,-9.67736
3260,3260956,1.30005,-0.24660,-9.22725
3261,3261956,1.99198,0.81163,-9.91199
3262,3262956,0.99599,-1.27372,-8.73884
3263,3263956,1.61848,1.23301,-10.21606
3264,3264956,2.46603,-0.53870,-9.24162
3265,3265956,1.07978,0.30885,-9.22246
3266,3266956,2.26013,1.23062,-10.02931
3267,3267956,1.70467,-0.93853,-8.94953
3268,3268956,1.44131,0.47166,-9.53850
3269,3269956,1.72143,-0.22027,-9.25598
3270,3270956,1.50595,0.22027,-9.63666
3271,3271956,1.62087,0.05028,-9.23683
3272,3272956,2.01113,0.30406,-9.74440
3273,3273956,1.40300,-0.38307,-9.33020
3274,3274956,1.15401,-0.03352,-9.45949
3275,3275956,1.74298,0.07422,-9.65582
3276,3276956,1.15640,0.06943,-9.52653
3277,3277956,2.23618,0.13408,-9.54329
3278,3278956,0.48363,-0.89064,-9.16740
3279,3279956,2.66475,1.11330,-10.10832
3280,3280956,1.54426,-0.86910,-8.80109
3281,3281956,1.51314,1.37188,-10.08917
3282,3282956,2.14281,-0.25857,-9.28950
3283,3283956,1.44131,0.13647,-9.40203
3284,3284956,1.72143,-0.05746,-9.38288
3285,3285956,1.54187,-0.02155,-9.43076
3286,3286956,1.64721,0.42377,-9.50259
3287,3287956,1.65679,-0.21069,-9.37569
3288,3288956,1.98719,0.41659,-9.48343
3289,3289956,1.04148,-0.59855,-9.14824
3290,3290956,1.53947,0.12689,-9.78031
3291,3291956,1.35751,-0.28730,-9.30866
3292,3292956,2.05662,0.76375,-9.92636
3293,3293956,1.03190,-1.22344,-8.75320
3294,3294956,1.49638,1.27611,-10.17057
3295,3295956,2.47082,-0.52433,-9.24641
3296,3296956,1.02711,0.32082,-9.19852
3297,3297956,2.18591,1.31681,-10.07001
3298,3298956,1.65679,-0.92895,-8.93516
3299,3299956,1.40779,0.60094,-9.56484
3300,3300956,1.72143,-0.19872,-9.22965
3301,3301956,1.50356,0.21787,-9.60314
3302,3302956,1.58975,0.08619,-9.22007
3303,3303956,1.98719,0.25857,-9.71328
3304,3304956,1.48441,-0.34237,-9.30147
3305,3305956,1.13964,-0.08859,-9.40203
3306,3306956,1.75016,0.00479,-9.60314
3307,3307956,1.20428,0.05028,-9.33739
3308,3308956,2.28646,0.23703,-9.56005
3309,3309956,0.43814,-0.89783,-9.10994
3310,3310956,2.64320,1.19471,-10.11550
3311,3311956,1.64242,-0.84755,-8.74123
3312,3312956,1.47004,1.33118,-9.99100
3313,3313956,2.12605,-0.14605,-9.25359
3314,3314956,1.35991,0.10774,-9.31105
3315,3315956,1.62806,0.00239,-9.38766
3316,3316956,1.53708,-0.07661,-9.44273
3317,3317956,1.69031,0.35434,-9.53611
3318,3318956,1.64721,-0.21548,-9.32781
3319,3319956,2.03507,0.43096,-9.55047
3320,3320956,1.04627,-0.52912,-9.12191
3321,3321956,1.46765,0.11013,-9.71567
3322,3322956,1.43413,-0.21308,-9.27514
3323,3323956,1.96325,0.74699,-9.93594
3324,3324956,1.07739,-1.32160,-8.79630
3325,3325956,1.39103,1.07978,-10.01734
3326,3326956,2.54504,-0.52672,-9.30147
3327,3327956,1.06063,0.12450,-9.13627
3328,3328956,2.17154,1.40061,-10.09874
3329,3329956,1.74058,-0.95050,-8.93037
3330,3330956,1.41976,0.52912,-9.53371
3331,3331956,1.79565,-0.22984,-9.30866
3332,3332956,1.48201,0.16520,-9.67976
3333,3333956,1.60890,0.09816,-9.24401
3334,3334956,1.98240,0.23703,-9.64384
3335,3335956,1.51553,-0.31364,-9.21289
3336,3336956,1.06542,-0.12210,-9.35654
3337,3337956,1.73580,0.01437,-9.59596
3338,3338956,1.18034,-0.02873,-9.34218
3339,3339956,2.29365,0.35913,-9.60314
3340,3340956,0.42617,-1.06063,-9.07402
3341,3341956,2.53307,1.24259,-10.25915
3342,3342956,1.70467,-0.90980,-8.76757
3343,3343956,1.41976,1.25696,-9.93354
3344,3344956,2.16436,-0.11971,-9.34218
3345,3345956,1.45089,-0.01915,-9.41161
3346,3346956,1.66158,0.11971,-9.38766
3347,3347956,1.56341,-0.07901,-9.40442
3348,3348956,1.69031,0.35913,-9.55526
3349,3349956,1.62327,-0.24900,-9.25838
3350,3350956,2.05183,0.45250,-9.56723
3351,3351956,1.10373,-0.52912,-9.12670
3352,3352956,1.49638,0.22505,-9.69173
3353,3353956,1.49638,-0.21548,-9.26556
3354,3354956,1.91536,0.77572,-9.97424
3355,3355956,1.24020,-1.18274,-8.81545
3356,3356956,1.32639,1.04148,-10.07001
3357,3357956,2.56180,-0.35434,-9.41400
3358,3358956,1.06542,0.05028,-9.06684
3359,3359956,2.14281,1.34554,-10.11311
3360,3360956,1.80762,-0.96486,-8.95431
3361,3361956,1.40540,0.54827,-9.51216
3362,3362956,1.74777,-0.20830,-9.24880
3363,3363956,1.45089,0.21069,-9.61751
3364,3364956,1.67115,0.13168,-9.28950
3365,3365956,2.05183,0.21548,-9.66300
3366,3366956,1.59693,-0.24660,-9.28232
3367,3367956,1.10133,-0.18675,-9.34218
3368,3368956,1.76453,0.08140,-9.64863
3369,3369956,1.20428,-0.01676,-9.37330
3370,3370956,2.34392,0.36152,-9.68455
3371,3371956,0.44532,-1.12288,-9.05248
3372,3372956,2.53546,1.29766,-10.30943
3373,3373956,1.73340,-0.93853,-8.82503
3374,3374956,1.37906,1.25456,-9.97424
3375,3375956,2.23140,-0.03112,-9.38766
3376,3376956,1.44610,0.00479,-9.25838
3377,3377956,1.67594,0.12450,-9.40203
3378,3378956,1.58496,-0.08859,-9.47386
3379,3379956,1.68791,0.42138,-9.56005
3380,3380956,1.55384,-0.25139,-9.34218
3381,3381956,2.03747,0.47166,-9.64863
3382,3382956,1.13006,-0.58179,-9.08600
3383,3383956,1.45089,0.11971,-9.62708
3384,3384956,1.47243,-0.22505,-9.28471
3385,3385956,1.92254,0.73502,-9.90002
3386,3386956,1.29766,-1.10373,-8.88728
3387,3387956,1.28329,0.83797,-9.97903
3388,3388956,2.60250,-0.29449,-9.40442
3389,3389956,1.11091,-0.01676,-9.01417
3390,3390956,2.13323,1.45567,-10.09874
3391,3391956,1.81241,-0.90022,-8.99502
3392,3392956,1.41258,0.58179,-9.59117
3393,3393956,1.76453,-0.25139,-9.32781
3394,3394956,1.45328,0.09098,-9.64624
3395,3395956,1.65200,0.14605,-9.26795
3396,3396956,1.97282,0.21787,-9.64145
3397,3397956,1.66397,-0.20830,-9.27993
3398,3398956,1.12527,-0.09577,-9.30626
3399,3399956,1.77650,0.09098,-9.55526
3400,3400956,1.16837,-0.03352,-9.33020
3401,3401956,2.32956,0.39744,-9.67257
3402,3402956,0.40941,-1.07978,-8.97586
3403,3403956,2.48279,1.27850,-10.14902
3404,3404956,1.75495,-0.93134,-8.67419
3405,3405956,1.37906,1.27850,-9.93115
3406,3406956,2.21942,0.04310,-9.39245
3407,3407956,1.40779,-0.09337,-9.23922
3408,3408956,1.58257,0.08619,-9.38288
3409,3409956,1.58975,-0.10774,-9.40203
3410,3410956,1.64721,0.39744,-9.58638
3411,3411956,1.56581,-0.22505,-9.32542
3412,3412956,2.06859,0.45490,-9.63427
3413,3413956,1.10373,-0.52433,-9.06684
3414,3414956,1.43652,0.12450,-9.67736
3415,3415956,1.48441,-0.23224,-9.32542
3416,3416956,1.87945,0.70150,-9.86890
3417,3417956,1.45807,-1.08218,-8.90164
3418,3418956,1.27372,0.70150,-9.96946
3419,3419956,2.64799,-0.11492,-9.56005
3420,3420956,1.06063,-0.13647,-8.99262
3421,3421956,2.00874,1.44849,-10.07959
3422,3422956,1.86987,-0.93853,-8.91361
3423,3423956,1.41258,0.50757,-9.57681
3424,3424956,1.78847,-0.24181,-9.34457
3425,3425956,1.49398,0.08619,-9.65103
3426,3426956,1.64960,0.25379,-9.27274
3427,3427956,1.96803,0.16520,-9.61511
3428,3428956,1.71185,-0.19632,-9.35175
3429,3429956,1.06063,-0.15083,-9.32542
3430,3430956,1.73580,0.14844,-9.72764
3431,3431956,1.13964,-0.05507,-9.35175
3432,3432956,2.31519,0.42377,-9.68455
3433,3433956,0.42856,-1.06781,-9.01896
3434,3434956,2.42533,1.27611,-10.26394
3435,3435956,1.78847,-0.90980,-8.73405
3436,3436956,1.36948,1.22823,-9.93594
3437,3437956,2.22900,0.09098,-9.50498
3438,3438956,1.41737,-0.20351,-9.22486
3439,3439956,1.62566,0.14844,-9.40442
3440,3440956,1.65918,-0.11253,-9.40442
3441,3441956,1.66158,0.38786,-9.69652
3442,3442956,1.59693,-0.23942,-9.27753
3443,3443956,2.08296,0.45969,-9.60314
3444,3444956,1.15401,-0.58658,-9.09557
3445,3445956,1.35751,0.16281,-9.66779
3446,3446956,1.53468,-0.19872,-9.35175
3447,3447956,1.78129,0.64404,-9.88805
3448,3448956,1.50835,-0.91937,-8.90882
3449,3449956,1.10852,0.56024,-9.87848
3450,3450956,2.69827,0.00000,-9.57441
3451,3451956,1.09415,-0.23463,-8.97107
3452,3452956,1.98719,1.49159,-10.14902
3453,3453956,1.94170,-0.92416,-8.94713
3454,3454956,1.36230,0.60094,-9.53371
3455,3455956,1.79565,-0.25379,-9.33020
3456,3456956,1.44131,0.08140,-9.67736
3457,3457956,1.64721,0.23224,-9.31344
3458,3458956,1.93451,0.13168,-9.62948
3459,3459956,1.69270,-0.16041,-9.29669
3460,3460956,1.01993,-0.28012,-9.25119
3461,3461956,1.78847,0.15562,-9.62230
3462,3462956,1.18274,-0.17957,-9.18895
3463,3463956,2.31998,0.59137,-9.68215
3464,3464956,0.43574,-1.29047,-8.83221
3465,3465956,2.35111,1.48201,-10.26394
3466,3466956,1.92254,-0.92177,-8.76278
3467,3467956,1.29287,1.07978,-9.85932
3468,3468956,2.25773,0.22984,-9.51695
3469,3469956,1.41258,-0.31364,-9.21049
3470,3470956,1.59693,0.24181,-9.46189
3471,3471956,1.58017,-0.13168,-9.34218
3472,3472956,1.60651,0.41899,-9.71328
3473,3473956,1.53229,-0.20830,-9.28950
3474,3474956,2.06859,0.46926,-9.66060
3475,3475956,1.18992,-0.58179,-9.19134
3476,3476956,1.40061,0.13886,-9.71806
3477,3477956,1.56341,-0.14126,-9.48822
3478,3478956,1.70467,0.62010,-9.85214
3479,3479956,1.51074,-0.90501,-8.95192
3480,3480956,0.99359,0.46208,-9.75158
3481,3481956,2.70305,0.16041,-9.63906
3482,3482956,1.09415,-0.27533,-8.87531
3483,3483956,1.89142,1.53229,-10.19451
3484,3484956,1.83635,-0.86431,-8.96868
3485,3485956,1.38864,0.60813,-9.53850
3486,3486956,1.78847,-0.16041,-9.30147
3487,3487956,1.46525,0.13408,-9.61751
3488,3488956,1.65679,0.22984,-9.30866
3489,3489956,1.87945,0.07661,-9.67976
3490,3490956,1.73580,-0.07901,-9.37091
3491,3491956,1.01514,-0.34955,-9.25119
3492,3492956,1.70707,0.12929,-9.66779
3493,3493956,1.15640,-0.16281,-9.23922
3494,3494956,2.31519,0.69192,-9.79707
3495,3495956,0.50996,-1.29526,-8.84897
3496,3496956,2.23379,1.38864,-10.20648
3497,3497956,1.95846,-0.90261,-8.83460
3498,3498956,1.18274,0.93853,-9.75877
3499,3499956,2.15239,0.43335,-9.63906
3500,3500956,1.44131,-0.41420,-9.19373
3501,3501956,1.62327,0.26336,-9.43076
3502,3502956,1.61609,-0.15562,-9.35654
3503,3503956,1.64960,0.40462,-9.67497
3504,3504956,1.61848,-0.18675,-9.27993
3505,3505956,2.12605,0.47884,-9.64863
3506,3506956,1.21147,-0.45969,-9.09797
3507,3507956,1.30963,0.13886,-9.58160
3508,3508956,1.61609,-0.16281,-9.32781
3509,3509956,1.55144,0.58658,-9.73722
3510,3510956,1.74777,-0.79248,-9.04769
3511,3511956,0.83318,0.31603,-9.66060
3512,3512956,2.76530,0.27054,-9.79947
3513,3513956,1.14682,-0.43574,-8.88249
3514,3514956,1.89860,1.59454,-10.16099
3515,3515956,1.98479,-0.84036,-8.96868
3516,3516956,1.40300,0.50757,-9.56244
3517,3517956,1.79565,-0.26097,-9.28471
3518,3518956,1.43652,0.09577,-9.50498
3519,3519956,1.64003,0.29688,-9.31105
3520,3520956,1.81720,0.02634,-9.61751
3521,3521956,1.81720,0.04549,-9.41640
3522,3522956,0.97444,-0.41180,-9.23444
3523,3523956,1.70228,0.17238,-9.74201
3524,3524956,1.21386,-0.29209,-9.32542
3525,3525956,2.27928,0.71826,-9.84975
3526,3526956,0.71587,-1.34075,-8.77714
3527,3527956,2.12605,1.32399,-10.18015
3528,3528956,2.10690,-0.79487,-8.95671
3529,3529956,1.23062,0.79248,-9.68694
3530,3530956,2.26252,0.57461,-9.67018
3531,3531956,1.43892,-0.57221,-9.09797
3532,3532956,1.53708,0.32322,-9.51216
3533,3533956,1.64960,-0.10056,-9.35893
3534,3534956,1.65439,0.40701,-9.65342
3535,3535956,1.59933,-0.19872,-9.22486
3536,3536956,2.11887,0.40701,-9.76595
3537,3537956,1.27132,-0.56024,-9.22007
3538,3538956,1.30723,0.06704,-9.50977
3539,3539956,1.66636,-0.09816,-9.43794
3540,3540956,1.54187,0.45011,-9.73243
3541,3541956,1.84354,-0.57221,-9.13627
3542,3542956,0.76854,0.19872,-9.68694
3543,3543956,2.85628,0.40701,-9.87129
3544,3544956,1.20428,-0.44532,-8.84658
3545,3545956,1.85551,1.51074,-10.16817
3546,3546956,1.93451,-0.79009,-8.92798
3547,3547956,1.39582,0.49081,-9.54808
3548,3548956,1.76692,-0.24660,-9.33739
3549,3549956,1.47243,0.05507,-9.56962
3550,3550956,1.70467,0.32801,-9.40921
3551,3551956,1.77889,-0.02873,-9.58878
3552,3552956,1.82438,0.13168,-9.39485
3553,3553956,0.93613,-0.36392,-9.20810
3554,3554956,1.68073,0.18675,-9.70370
3555,3555956,1.22823,-0.25618,-9.20092
3556,3556956,2.28646,0.68714,-9.82580
3557,3557956,0.61052,-1.35991,-8.78433
3558,3558956,2.14281,1.46525,-10.24718
3559,3559956,2.14281,-0.89783,-8.88967
3560,3560956,1.21147,0.96247,-9.59357
3561,3561956,2.29365,0.62489,-9.77792
3562,3562956,1.47962,-0.63686,-9.04051
3563,3563956,1.54187,0.41180,-9.45949
3564,3564956,1.63524,-0.14365,-9.27035
3565,3565956,1.60890,0.38547,-9.68933
3566,3566956,1.59214,-0.12210,-9.31823
3567,3567956,2.06859,0.44772,-9.68215
3568,3568956,1.30963,-0.53630,-9.15303
3569,3569956,1.28569,0.03112,-9.53850
3570,3570956,1.71664,-0.01915,-9.51456
3571,3571956,1.45328,0.39983,-9.70609
3572,3572956,1.91297,-0.34237,-9.25119
3573,3573956,0.66559,-0.13408,-9.46907
3574,3574956,2.71263,0.63925,-9.89284
3575,3575956,1.29526,-0.58897,-8.84897
3576,3576956,1.71185,1.48919,-10.19212
3577,3577956,2.06859,-0.66080,-9.12430
3578,3578956,1.42455,0.40223,-9.41640
3579,3579956,1.75016,-0.12929,-9.26077
3580,3580956,1.40540,-0.01676,-9.52892
3581,3581956,1.62566,0.33279,-9.36612
3582,3582956,1.71425,-0.04549,-9.53371
3583,3583956,1.79565,0.13886,-9.41640
3584,3584956,0.98162,-0.41899,-9.23204
3585,3585956,1.73580,0.22027,-9.77074
3586,3586956,1.28569,-0.29209,-9.31105
3587,3587956,2.26731,0.71587,-9.89284
3588,3588956,0.66798,-1.36469,-8.74841
3589,3589956,2.03268,1.34075,-10.29507
3590,3590956,2.19788,-0.81403,-8.89685
3591,3591956,1.12049,0.88825,-9.58399
3592,3592956,2.29604,0.78290,-9.82580
3593,3593956,1.50116,-0.71587,-9.01656
3594,3594956,1.53708,0.45729,-9.56962
3595,3595956,1.60890,-0.16041,-9.26077
3596,3596956,1.57778,0.32322,-9.65103
3597,3597956,1.58975,-0.12929,-9.21768
3598,3598956,2.14281,0.42138,-9.70609
3599,3599956,1.39582,-0.47166,-9.15303
3600,3600956,1.21386,0.04070,-9.44513
3601,3601956,1.67834,-0.05028,-9.58878
3602,3602956,1.40540,0.30167,-9.59835
3603,3603956,1.99198,-0.09816,-9.34457
3604,3604956,0.51475,-0.48602,-9.37091
3605,3605956,2.67193,0.79487,-9.98382
3606,3606956,1.38864,-0.73023,-8.77236
3607,3607956,1.62087,1.50595,-10.16817
3608,3608956,1.96803,-0.54588,-9.14824
3609,3609956,1.39582,0.31603,-9.44991
3610,3610956,1.70946,-0.16520,-9.32302
3611,3611956,1.44131,-0.04310,-9.57920
3612,3612956,1.66397,0.34477,-9.46428
3613,3613956,1.72143,-0.11732,-9.46907
3614,3614956,1.95367,0.32561,-9.50737
3615,3615956,1.07500,-0.48842,-9.15064
3616,3616956,1.63763,0.25618,-9.75637
3617,3617956,1.21147,-0.27773,-9.21528
3618,3618956,2.17872,0.81642,-9.90960
3619,3619956,0.84276,-1.28090,-8.76996
3620,3620956,1.86029,1.28329,-10.29028
3621,3621956,2.30562,-0.75657,-9.09797
3622,3622956,1.06063,0.56503,-9.35415
3623,3623956,2.18351,0.98162,-9.85453
3624,3624956,1.51553,-0.76854,-8.98304
3625,3625956,1.44610,0.47884,-9.59117
3626,3626956,1.71185,-0.17238,-9.24880
3627,3627956,1.52511,0.26336,-9.67018
3628,3628956,1.60172,-0.02394,-9.21768
3629,3629956,2.06380,0.40701,-9.67257
3630,3630956,1.39343,-0.42377,-9.21049
3631,3631956,1.20189,-0.02394,-9.45231
3632,3632956,1.75734,0.01437,-9.55526
3633,3633956,1.31442,0.11971,-9.45231
3634,3634956,2.20027,0.09816,-9.50259
3635,3635956,0.47884,-0.70629,-9.28471
3636,3636956,2.66714,1.04627,-10.09395
3637,3637956,1.54426,-0.76136,-8.75560
3638,3638956,1.55384,1.35512,-10.10832
3639,3639956,2.06380,-0.40941,-9.20571
3640,3640956,1.42216,0.27054,-9.43794
3641,3641956,1.72143,-0.11013,-9.33260
3642,3642956,1.51074,-0.01437,-9.45949
3643,3643956,1.67355,0.47166,-9.47146
3644,3644956,1.64721,-0.18914,-9.39964
3645,3645956,1.93930,0.40701,-9.54568
3646,3646956,1.03190,-0.50518,-9.15303
3647,3647956,1.60890,0.21308,-9.74679
3648,3648956,1.37188,-0.29449,-9.16022
3649,3649956,2.10211,0.75657,-9.94551
3650,3650956,0.96726,-1.23541,-8.69813
3651,3651956,1.69031,1.21865,-10.20888
3652,3652956,2.40857,-0.54348,-9.20571
3653,3653956,1.01275,0.41659,-9.27035
3654,3654956,2.20506,1.09415,-10.02931
3655,3655956,1.73580,-0.85952,-8.97347
3656,3656956,1.47722,0.53151,-9.62948
3657,3657956,1.75974,-0.21548,-9.35415
3658,3658956,1.49638,0.22027,-9.68455
3659,3659956,1.63524,0.07661,-9.28232
3660,3660956,2.00874,0.32322,-9.70849
3661,3661956,1.50595,-0.32322,-9.22007
3662,3662956,1.07739,-0.09577,-9.40203
3663,3663956,1.78607,0.03352,-9.71328
3664,3664956,1.23541,0.02155,-9.41161
3665,3665956,2.29125,0.30406,-9.60075
3666,3666956,0.44772,-1.01754,-9.11473
3667,3667956,2.54743,1.25935,-10.19451
3668,3668956,1.71904,-0.89783,-8.76517
3669,3669956,1.49877,1.29766,-10.01495
3670,3670956,2.15239,-0.10534,-9.28471
3671,3671956,1.41258,0.07661,-9.33499
3672,3672956,1.66636,0.01676,-9.38527
3673,3673956,1.56341,-0.06464,-9.42597
3674,3674956,1.71185,0.40701,-9.50977
3675,3675956,1.59693,-0.22984,-9.36133
3676,3676956,2.02789,0.50039,-9.56962
3677,3677956,1.11091,-0.47405,-9.08360
3678,3678956,1.49638,0.18435,-9.69412
3679,3679956,1.44610,-0.22984,-9.21289
3680,3680956,1.94170,0.69911,-9.90481
3681,3681956,1.15401,-1.19710,-8.82742
3682,3682956,1.40061,0.95050,-10.12029
3683,3683956,2.52588,-0.44772,-9.35654
3684,3684956,1.03430,0.14844,-9.10515
3685,3685956,2.12845,1.35991,-10.06762
3686,3686956,1.77171,-0.86191,-8.93756
3687,3687956,1.43173,0.53151,-9.51695
3688,3688956,1.77650,-0.24181,-9.20331
3689,3689956,1.45328,0.17717,-9.60554
3690,3690956,1.57538,0.12210,-9.28471
3691,3691956,1.97761,0.23703,-9.67018
3692,3692956,1.62566,-0.21548,-9.27993
3693,3693956,1.07260,-0.20590,-9.34696
3694,3694956,1.77650,0.06464,-9.70131
3695,3695956,1.18992,-0.11013,-9.34696
3696,3696956,2.35111,0.47405,-9.68455
3697,3697956,0.51475,-1.27611,-8.98783
3698,3698956,2.49955,1.38145,-10.28549
3699,3699956,1.84354,-0.90980,-8.81545
3700,3700956,1.33836,1.18992,-9.88805
3701,3701956,2.16196,0.08619,-9.35415
3702,3702956,1.37906,-0.16520,-9.24401
3703,3703956,1.63763,0.06464,-9.43076
3704,3704956,1.59693,-0.10534,-9.41400
3705,3705956,1.61609,0.48602,-9.56005
3706,3706956,1.56581,-0.23224,-9.30626
3707,3707956,2.08535,0.49799,-9.66539
3708,3708956,1.14682,-0.55067,-9.14106
3709,3709956,1.43413,0.22984,-9.75637
3710,3710956,1.55623,-0.10534,-9.28950
3711,3711956,1.82917,0.64404,-9.88805
3712,3712956,1.39821,-0.98402,-8.88967
3713,3713956,1.11330,0.71108,-9.89284
3714,3714956,2.62405,-0.14365,-9.58638
3715,3715956,1.11330,-0.08380,-9.06684
3716,3716956,2.03028,1.41737,-10.19691
3717,3717956,1.84593,-0.88585,-8.93756
3718,3718956,1.41258,0.57700,-9.59117
3719,3719956,1.82678,-0.21308,-9.32781
3720,3720956,1.45567,0.14365,-9.64863
3721,3721956,1.66397,0.23942,-9.31105
3722,3722956,1.86269,0.17957,-9.65342
3723,3723956,1.67355,-0.16041,-9.32781
3724,3724956,1.01754,-0.27054,-9.30866
3725,3725956,1.73340,0.10295,-9.72525
3726,3726956,1.16119,-0.17957,-9.33739
3727,3727956,2.32716,0.62968,-9.68694
3728,3728956,0.49321,-1.34315,-8.86094
3729,3729956,2.32716,1.48680,-10.29986
3730,3730956,1.94649,-0.98162,-8.85376
3731,3731956,1.27132,1.09415,-9.80904
3732,3732956,2.26731,0.40941,-9.49780
3733,3733956,1.45807,-0.29688,-9.17937
3734,3734956,1.57538,0.27533,-9.45710
3735,3735956,1.59214,-0.11732,-9.34936
3736,3736956,1.63763,0.43335,-9.69891
3737,3737956,1.57299,-0.23224,-9.35654
3738,3738956,2.09014,0.44532,-9.74679
3739,3739956,1.22583,-0.57940,-9.08600
3740,3740956,1.37427,0.09098,-9.65582
3741,3741956,1.56581,-0.16281,-9.34218
3742,3742956,1.66636,0.54348,-9.86172
3743,3743956,1.51792,-0.81642,-8.96389
3744,3744956,0.96726,0.47405,-9.76116
3745,3745956,2.67193,0.10774,-9.63906
3746,3746956,1.14443,-0.28970,-8.93995
3747,3747956,1.89621,1.48201,-10.17057
3748,3748956,1.81959,-0.84515,-8.98544
3749,3749956,1.36709,0.51715,-9.57920
3750,3750956,1.77889,-0.17717,-9.29908
3751,3751956,1.46046,0.09816,-9.59117
3752,3752956,1.63524,0.25618,-9.24880
3753,3753956,1.85790,0.06704,-9.61511
3754,3754956,1.73101,-0.09577,-9.37091
3755,3755956,1.04627,-0.30885,-9.17937
3756,3756956,1.76453,0.16041,-9.71328
3757,3757956,1.14682,-0.20830,-9.20092
3758,3758956,2.38462,0.71347,-9.80665
3759,3759956,0.61292,-1.44370,-8.80827
3760,3760956,2.23858,1.49398,-10.30943
3761,3761956,2.02549,-0.92177,-8.81545
3762,3762956,1.23780,1.01754,-9.77074
3763,3763956,2.26731,0.43096,-9.58160
3764,3764956,1.44610,-0.44772,-9.05966
3765,3765956,1.58257,0.24181,-9.44273
3766,3766956,1.61609,-0.16999,-9.29429
3767,3767956,1.56820,0.39504,-9.61511
3768,3768956,1.52750,-0.22266,-9.23683
3769,3769956,2.08296,0.46687,-9.68694
3770,3770956,1.27132,-0.55545,-9.13148
3771,3771956,1.36948,0.08380,-9.54329
3772,3772956,1.62566,-0.14126,-9.39964
3773,3773956,1.59214,0.45490,-9.76595
3774,3774956,1.71185,-0.73023,-9.07881
3775,3775956,0.86431,0.21069,-9.68694
3776,3776956,2.70784,0.25618,-9.75637
3777,3777956,1.23780,-0.45969,-8.85136
3778,3778956,1.88663,1.41258,-10.18254
3779,3779956,2.01831,-0.77572,-9.02614
3780,3780956,1.36948,0.46208,-9.52413
3781,3781956,1.82438,-0.16281,-9.23683
3782,3782956,1.45807,0.09816,-9.47386
3783,3783956,1.64721,0.32561,-9.32781
3784,3784956,1.75734,0.06225,-9.58160
3785,3785956,1.77171,0.01197,-9.43794
3786,3786956,0.99599,-0.34477,-9.27753
3787,3787956,1.77650,0.15323,-9.79707
3788,3788956,1.18752,-0.28730,-9.28950
3789,3789956,2.26970,0.82121,-9.90242
3790,3790956,0.59855,-1.52989,-8.74602
3791,3791956,2.10450,1.49398,-10.26634
3792,3792956,2.02549,-0.98881,-8.84897
3793,3793956,1.14203,0.90022,-9.60314
3794,3794956,2.29604,0.54109,-9.73722
3795,3795956,1.47962,-0.55545,-9.04529
3796,3796956,1.59454,0.42138,-9.56244
3797,3797956,1.67594,-0.15083,-9.29669
3798,3798956,1.60172,0.39025,-9.69891
3799,3799956,1.59693,-0.10534,-9.27035
3800,3800956,2.07577,0.58419,-9.68694
3801,3801956,1.25456,-0.45011,-9.09318
3802,3802956,1.24977,0.00479,-9.54089
3803,3803956,1.68073,-0.11732,-9.47146
3804,3804956,1.48201,0.39025,-9.74440
3805,3805956,1.81002,-0.55785,-9.12430
3806,3806956,0.69192,0.05507,-9.59117
3807,3807956,2.75812,0.50278,-9.90721
3808,3808956,1.28329,-0.43574,-8.85376
3809,3809956,1.79805,1.51314,-10.11790
3810,3810956,1.93451,-0.73023,-9.02853
3811,3811956,1.36948,0.50518,-9.50259
3812,3812956,1.83156,-0.19154,-9.33978
3813,3813956,1.48919,-0.02394,-9.60554
3814,3814956,1.69509,0.36631,-9.38048
3815,3815956,1.75495,0.00718,-9.52413
3816,3816956,1.82678,0.04788,-9.37330
3817,3817956,1.01754,-0.39265,-9.16261
3818,3818956,1.74058,0.16041,-9.76116
3819,3819956,1.16837,-0.18435,-9.26317
3820,3820956,2.24337,0.73741,-9.82341
3821,3821956,0.62010,-1.42694,-8.76038
3822,3822956,2.07338,1.48441,-10.32140
3823,3823956,2.10450,-0.87628,-8.93037
3824,3824956,1.15161,0.82121,-9.61272
3825,3825956,2.25534,0.72305,-9.69652
3826,3826956,1.45328,-0.68474,-9.01656
3827,3827956,1.56102,0.38786,-9.52174
3828,3828956,1.69509,-0.12450,-9.33978
3829,3829956,1.65200,0.33998,-9.67497
3830,3830956,1.55863,-0.13408,-9.16740
3831,3831956,2.08535,0.46208,-9.67257
3832,3832956,1.34315,-0.47166,-9.12191
3833,3833956,1.23780,0.02873,-9.43794
3834,3834956,1.64721,-0.11971,-9.44513
3835,3835956,1.46286,0.30167,-9.64145
3836,3836956,1.92494,-0.46448,-9.20331
3837,3837956,0.60334,-0.10534,-9.52413
3838,3838956,2.76291,0.56024,-9.85214
3839,3839956,1.37906,-0.61531,-8.76996
3840,3840956,1.78607,1.50835,-10.11071
3841,3841956,2.01831,-0.73741,-9.01896
3842,3842956,1.38624,0.43096,-9.44752
3843,3843956,1.76692,-0.18675,-9.33978
3844,3844956,1.46286,-0.03352,-9.55287
3845,3845956,1.70707,0.39744,-9.38048
3846,3846956,1.77889,-0.04070,-9.51935
3847,3847956,1.83875,0.18196,-9.46428
3848,3848956,1.01514,-0.42856,-9.17937
3849,3849956,1.71664,0.14126,-9.76595
3850,3850956,1.22344,-0.28970,-9.22007
3851,3851956,2.24576,0.78051,-9.88087
3852,3852956,0.75657,-1.52032,-8.79151
3853,3853956,1.94888,1.46765,-10.27591
3854,3854956,2.19788,-0.86191,-8.98304
3855,3855956,1.13964,0.74220,-9.45949
3856,3856956,2.23618,0.88825,-9.76595
3857,3857956,1.49159,-0.75657,-8.98783
3858,3858956,1.56581,0.50278,-9.61511
3859,3859956,1.68073,-0.11253,-9.31344
3860,3860956,1.55384,0.38307,-9.66060
3861,3861956,1.52989,-0.11971,-9.21289
3862,3862956,1.97282,0.32561,-9.68215
3863,3863956,1.30484,-0.49560,-9.18176
3864,3864956,1.20428,0.02155,-9.55287
3865,3865956,1.71904,-0.12210,-9.54808
3866,3866956,1.34315,0.20111,-9.57441
3867,3867956,2.06141,-0.21548,-9.36612
3868,3868956,0.55306,-0.36871,-9.40682
3869,3869956,2.76051,0.73981,-9.96467
3870,3870956,1.39582,-0.57940,-8.76517
3871,3871956,1.67115,1.44370,-10.14902
3872,3872956,2.05422,-0.47645,-9.08360
3873,3873956,1.47243,0.40462,-9.45231
3874,3874956,1.71425,-0.13886,-9.33020
3875,3875956,1.49159,-0.01197,-9.48104
3876,3876956,1.69031,0.41180,-9.38288
3877,3877956,1.71904,-0.15323,-9.42837
3878,3878956,1.92494,0.25618,-9.44513
3879,3879956,0.98641,-0.56264,-9.11951
3880,3880956,1.58496,0.20830,-9.77792
3881,3881956,1.32399,-0.28970,-9.21289
3882,3882956,2.11647,0.78051,-9.95749
3883,3883956,0.87867,-1.45089,-8.76517
3884,3884956,1.72383,1.44131,-10.22803
3885,3885956,2.34392,-0.72544,-9.10515
3886,3886956,1.06542,0.57700,-9.33260
3887,3887956,2.28646,1.13006,-9.94551
3888,3888956,1.54665,-0.87388,-8.94713
3889,3889956,1.44610,0.49799,-9.56484
3890,3890956,1.75016,-0.21069,-9.29669
3891,3891956,1.52271,0.28012,-9.64624
3892,3892956,1.59214,-0.03591,-9.20810
3893,3893956,2.01352,0.33758,-9.70370
3894,3894956,1.38864,-0.44293,-9.23683
3895,3895956,1.07500,-0.05986,-9.45949
3896,3896956,1.71904,-0.02155,-9.59596
3897,3897956,1.28569,0.09337,-9.54089
3898,3898956,2.21942,0.12210,-9.49062
3899,3899956,0.54588,-0.67516,-9.27274
3900,3900956,2.62883,1.06781,-10.14423
3901,3901956,1.49398,-0.74939,-8.76517
3902,3902956,1.49398,1.37667,-10.02452
3903,3903956,2.09493,-0.32082,-9.06924
3904,3904956,1.33357,0.21069,-9.32302
3905,3905956,1.66158,-0.07661,-9.32542
3906,3906956,1.55863,-0.03352,-9.42358
3907,3907956,1.66876,0.43096,-9.44273
3908,3908956,1.68791,-0.19872,-9.44273
3909,3909956,2.01831,0.35434,-9.46189
3910,3910956,1.05345,-0.53870,-9.16261
3911,3911956,1.59693,0.20830,-9.74440
3912,3912956,1.33357,-0.27294,-9.17219
3913,3913956,2.06859,0.76614,-9.91199
3914,3914956,0.95768,-1.41976,-8.70771
3915,3915956,1.63524,1.23301,-10.19691
3916,3916956,2.50194,-0.63925,-9.23922
3917,3917956,1.04866,0.45969,-9.28711
3918,3918956,2.24816,1.24020,-10.06283
3919,3919956,1.68312,-0.86431,-8.88009
3920,3920956,1.43652,0.53630,-9.49062
3921,3921956,1.69509,-0.22027,-9.22965
3922,3922956,1.50595,0.24900,-9.65582
3923,3923956,1.63524,0.05746,-9.25598
3924,3924956,2.09253,0.27294,-9.67736
3925,3925956,1.42934,-0.34955,-9.20810
3926,3926956,1.13725,-0.03352,-9.38527
3927,3927956,1.78368,-0.04070,-9.56244
3928,3928956,1.23541,0.06225,-9.39245
3929,3929956,2.30801,0.29449,-9.58878
3930,3930956,0.41899,-0.90022,-9.18176
3931,3931956,2.59771,1.19231,-10.09156
3932,3932956,1.63763,-0.82839,-8.75799
3933,3933956,1.47243,1.31442,-10.00537
3934,3934956,2.17394,-0.24900,-9.21289
3935,3935956,1.41497,0.14844,-9.41161
3936,3936956,1.66397,0.06464,-9.36851
3937,3937956,1.51074,-0.05986,-9.40442
3938,3938956,1.71185,0.42138,-9.48822
3939,3939956,1.63524,-0.21787,-9.37569
3940,3940956,1.95606,0.42138,-9.59357
3941,3941956,1.01993,-0.53151,-9.08839
3942,3942956,1.49877,0.15083,-9.68694
3943,3943956,1.41976,-0.31364,-9.22725
3944,3944956,2.00155,0.73981,-9.91439
3945,3945956,1.02472,-1.20668,-8.79151
3946,3946956,1.50595,1.14203,-10.19451
3947,3947956,2.49715,-0.50996,-9.31105
3948,3948956,1.07260,0.33279,-9.19134
3949,3949956,2.19309,1.15879,-10.06762
3950,3950956,1.69509,-0.93613,-8.93277
3951,3951956,1.43652,0.51236,-9.63187
3952,3952956,1.74058,-0.26576,-9.22725
3953,3953956,1.45328,0.13647,-9.61990
3954,3954956,1.60172,0.10056,-9.21289
3955,3955956,1.98958,0.34477,-9.66779
3956,3956956,1.52511,-0.27533,-9.32781
3957,3957956,1.02951,-0.12929,-9.43555
3958,3958956,1.74777,0.03831,-9.68455
3959,3959956,1.19231,-0.04549,-9.39724
3960,3960956,2.30322,0.27773,-9.61990
3961,3961956,0.42856,-1.08697,-9.01896
3962,3962956,2.55940,1.29526,-10.22803
3963,3963956,1.75495,-0.91937,-8.73884
3964,3964956,1.39103,1.35751,-9.93594
3965,3965956,2.10450,-0.12929,-9.29908
3966,3966956,1.38385,0.02394,-9.31584
3967,3967956,1.66158,0.02873,-9.42597
3968,3968956,1.53947,-0.08859,-9.39724
3969,3969956,1.68073,0.41420,-9.60554
3970,3970956,1.59693,-0.21548,-9.42597
3971,3971956,2.03028,0.55545,-9.65821
3972,3972956,1.15879,-0.59855,-9.07163
3973,3973956,1.47004,0.13408,-9.75158
3974,3974956,1.43652,-0.28012,-9.32781
3975,3975956,1.81720,0.67516,-9.86172
3976,3976956,1.28569,-1.04627,-8.86573
3977,3977956,1.24977,0.69432,-9.94312
3978,3978956,2.61686,-0.11492,-9.45710
3979,3979956,1.11570,-0.07183,-9.06445
3980,3980956,2.03747,1.43413,-10.10114
3981,3981956,1.82199,-0.86910,-8.92080
3982,3982956,1.40061,0.53151,-9.57202
3983,3983956,1.71185,-0.23224,-9.32302
3984,3984956,1.44370,0.11971,-9.59357
3985,3985956,1.64960,0.20590,-9.25119
3986,3986956,1.91057,0.16041,-9.60554
3987,3987956,1.63285,-0.20351,-9.35175
3988,3988956,1.01035,-0.19872,-9.35415
3989,3989956,1.73580,0.07901,-9.68933
3990,3990956,1.21865,-0.08859,-9.36612
3991,3991956,2.37265,0.47884,-9.74919
3992,3992956,0.43096,-1.19471,-8.99980
3993,3993956,2.38223,1.30723,-10.27591
3994,3994956,1.79326,-0.98162,-8.78672
3995,3995956,1.38145,1.18034,-9.93115
3996,3996956,2.24097,0.16041,-9.52653
3997,3997956,1.36948,-0.23463,-9.21289
3998,3998956,1.64960,0.23224,-9.44513
3999,3999956,1.60890,-0.10056,-9.34696
4000,4000956,1.59454,0.40462,-9.56723
4001,4001956,1.59454,-0.24421,-9.29908
4002,4002956,2.04465,0.50518,-9.63906
4003,4003956,1.13006,-0.58658,-9.02614
4004,4004956,1.32878,0.11732,-9.56962
4005,4005956,1.63763,-0.22266,-9.28711
4006,4006956,1.69749,0.55067,-9.74919
4007,4007956,1.63045,-0.80924,-8.92798
4008,4008956,0.93613,0.29449,-9.72764
4009,4009956,2.66235,0.22505,-9.78989
4010,4010956,1.14682,-0.36631,-8.97347
4011,4011956,1.90339,1.55144,-10.18254
4012,4012956,1.89381,-0.82361,-8.97347
4013,4013956,1.36948,0.60094,-9.56723
4014,4014956,1.78129,-0.18675,-9.31823
4015,4015956,1.47483,0.08859,-9.61033
4016,4016956,1.64003,0.30406,-9.28471
4017,4017956,1.82678,0.02155,-9.57681
4018,4018956,1.76213,-0.04070,-9.37569
4019,4019956,1.01993,-0.28730,-9.22007
4020,4020956,1.76932,0.16999,-9.72285
4021,4021956,1.11330,-0.26097,-9.27753
4022,4022956,2.30562,0.58897,-9.82102
4023,4023956,0.55545,-1.26414,-8.89207
4024,4024956,2.19309,1.37188,-10.29267
4025,4025956,2.00395,-0.85234,-8.85855
4026,4026956,1.24498,0.93613,-9.69891
4027,4027956,2.25773,0.56982,-9.60554
4028,4028956,1.47243,-0.54109,-9.10994
4029,4029956,1.55623,0.33519,-9.54808
4030,4030956,1.59693,-0.13647,-9.39006
4031,4031956,1.56820,0.34237,-9.67018
4032,4032956,1.59214,-0.11492,-9.28950
4033,4033956,2.06380,0.42856,-9.78750
4034,4034956,1.29047,-0.58179,-9.17458
4035,4035956,1.24020,0.09098,-9.56962
4036,4036956,1.65439,-0.08619,-9.42837
4037,4037956,1.43892,0.43574,-9.67736
4038,4038956,1.93930,-0.45011,-9.22007
4039,4039956,0.70629,-0.16759,-9.43794
4040,4040956,2.79164,0.63446,-9.97664
4041,4041956,1.29526,-0.67516,-8.80348
4042,4042956,1.69988,1.57538,-10.10353
4043,4043956,1.99916,-0.68474,-9.06924
4044,4044956,1.37188,0.40941,-9.48822
4045,4045956,1.78368,-0.15802,-9.36372
4046,4046956,1.48680,0.02634,-9.50019
4047,4047956,1.66876,0.35195,-9.31105
4048,4048956,1.71425,-0.09816,-9.46667
4049,4049956,1.89381,0.17478,-9.42837
4050,4050956,0.99838,-0.51236,-9.17219
4051,4051956,1.67115,0.18914,-9.79947
4052,4052956,1.23541,-0.35434,-9.23683
4053,4053956,1.23541,-0.35434,-9.23683
4054,4054956,2.18351,0.69911,-9.85693
4055,4055956,0.73023,-1.40061,-8.75081
4056,4056956,1.92494,1.40540,-10.27591
4057,4057956,2.25773,-0.81882,-9.03093
4058,4058956,1.10133,0.60813,-9.53611
4059,4059956,2.30322,0.87867,-9.96227
4060,4060956,1.55144,-0.83318,-9.03811
4061,4061956,1.45089,0.48123,-9.54808
4062,4062956,1.73580,-0.21069,-9.27514
4063,4063956,1.57060,0.31125,-9.67736
4064,4064956,1.58975,-0.04549,-9.15782
4065,4065956,2.04704,0.38786,-9.66779
4066,4066956,1.35991,-0.44053,-9.17219
4067,4067956,1.18513,-0.01915,-9.44273
4068,4068956,1.81002,-0.07422,-9.49301
4069,4069956,1.22583,0.12929,-9.44752
4070,4070956,2.11647,0.00958,-9.50498
4071,4071956,0.46926,-0.70390,-9.21289
4072,4072956,2.77009,0.96486,-10.12029
4073,4073956,1.52271,-0.80445,-8.72926
4074,4074956,1.56341,1.47722,-10.08677
4075,4075956,2.15478,-0.46687,-9.20571
4076,4076956,1.35512,0.21787,-9.42358
4077,4077956,1.73340,-0.09577,-9.35175
4078,4078956,1.53947,-0.03112,-9.43316
4079,4079956,1.63285,0.37110,-9.48822
4080,4080956,1.63763,-0.24181,-9.41640
4081,4081956,1.99437,0.38786,-9.55287
4082,4082956,1.03908,-0.54588,-9.12430
4083,4083956,1.53229,0.26815,-9.75877
4084,4084956,1.33118,-0.26097,-9.29908
4085,4085956,2.04225,0.78769,-9.97903
4086,4086956,1.00556,-1.33357,-8.79390
4087,4087956,1.56341,1.12527,-10.08677
4088,4088956,2.48518,-0.54827,-9.20331
4089,4089956,1.06542,0.25618,-9.21528
4090,4090956,2.13084,1.25217,-10.07720
4091,4091956,1.67834,-0.94571,-8.98544
4092,4092956,1.43892,0.59616,-9.57681
4093,4093956,1.71904,-0.24900,-9.23204
4094,4094956,1.47483,0.19632,-9.59596
4095,4095956,1.66636,0.04070,-9.16500
4096,4096956,2.06141,0.26815,-9.64145
4097,4097956,1.51314,-0.36631,-9.20571
4098,4098956,1.10852,-0.10056,-9.46667
4099,4099956,1.78129,0.01915,-9.64384
4100,4100956,1.20907,0.03831,-9.40203
4101,4101956,2.29365,0.28491,-9.61033
4102,4102956,0.43096,-0.97923,-9.02135
4103,4103956,2.63841,1.28090,-10.13226
4104,4104956,1.69031,-0.99359,-8.69574
4105,4105956,1.49159,1.41258,-10.04128
4106,4106956,2.19069,-0.25618,-9.25119
4107,4107956,1.40540,0.01437,-9.30387
4108,4108956,1.69988,-0.00479,-9.38048
4109,4109956,1.57060,-0.09816,-9.44513
4110,4110956,1.74058,0.41659,-9.60075
4111,4111956,1.60651,-0.30885,-9.37569
4112,4112956,2.03747,0.48363,-9.63427
4113,4113956,1.12049,-0.54588,-9.13388
4114,4114956,1.43652,0.14605,-9.76595
4115,4115956,1.44370,-0.24900,-9.27035
4116,4116956,1.93691,0.68714,-9.94551
4117,4117956,1.26653,-1.06303,-8.87770
4118,4118956,1.37188,0.86191,-9.99340
4119,4119956,2.54025,-0.29449,-9.36133
4120,4120956,1.04627,0.09337,-9.10036
4121,4121956,2.06380,1.38864,-10.08677
4122,4122956,1.75974,-0.88346,-8.87052
4123,4123956,1.38624,0.59855,-9.53850
4124,4124956,1.71425,-0.23224,-9.30147
4125,4125956,1.48441,0.14844,-9.61033
4126,4126956,1.64960,0.17238,-9.27753
4127,4127956,1.96325,0.24900,-9.70370
4128,4128956,1.55384,-0.20351,-9.26317
4129,4129956,1.02951,-0.10534,-9.34936
4130,4130956,1.80044,0.04310,-9.64384
4131,4131956,1.14922,-0.10295,-9.34457
4132,4132956,2.30562,0.37350,-9.66539
4133,4133956,0.37110,-1.20189,-8.95671
4134,4134956,2.53067,1.35512,-10.29507
4135,4135956,1.72383,-1.01754,-8.76038
4136,4136956,1.38145,1.31921,-9.95988
4137,4137956,2.16436,-0.07183,-9.37809
4138,4138956,1.40779,-0.13647,-9.21289
4139,4139956,1.75016,0.10774,-9.33739
4140,4140956,1.65200,-0.13408,-9.28232
4141,4141956,1.64721,0.39265,-9.56244
4142,4142956,1.56581,-0.26097,-9.32781
4143,4143956,2.06859,0.49799,-9.66060
4144,4144956,1.18752,-0.55785,-9.16022
4145,4145956,1.42694,0.15562,-9.70849
4146,4146956,1.48680,-0.30646,-9.29190
4147,4147956,1.80283,0.66559,-9.78750
4148,4148956,1.38864,-0.99120,-8.91601
4149,4149956,1.20189,0.64643,-9.89045
4150,4150956,2.69348,-0.01676,-9.54329
4151,4151956,1.13485,-0.12450,-9.03811
4152,4152956,1.99198,1.41258,-10.20169
4153,4153956,1.82199,-0.86910,-9.05487
4154,4154956,1.38385,0.52672,-9.55526
4155,4155956,1.84114,-0.18914,-9.27993
4156,4156956,1.46286,0.15802,-9.63666
4157,4157956,1.67834,0.27773,-9.31344
4158,4158956,1.92733,0.14365,-9.64384
4159,4159956,1.61848,-0.22745,-9.24641
4160,4160956,0.97923,-0.16520,-9.31344
4161,4161956,1.76932,0.10056,-9.66060
4162,4162956,1.13246,-0.06704,-9.27514
4163,4163956,2.40138,0.53870,-9.73961
4164,4164956,0.39983,-1.22344,-8.94713
4165,4165956,2.47321,1.40061,-10.33098
4166,4166956,1.84354,-0.96726,-8.73884
4167,4167956,1.32160,1.30005,-9.84975
4168,4168956,2.28407,0.14365,-9.45231
4169,4169956,1.45807,-0.19154,-9.20810
4170,4170956,1.66158,0.17238,-9.49062
4171,4171956,1.63045,-0.14126,-9.35654
4172,4172956,1.65439,0.40941,-9.67497
4173,4173956,1.58736,-0.24421,-9.34696
4174,4174956,2.01831,0.46208,-9.73004
4175,4175956,1.09415,-0.54109,-9.11951
4176,4176956,1.33836,0.11013,-9.62708
4177,4177956,1.55384,-0.16520,-9.34696
4178,4178956,1.69031,0.57940,-9.78989
4179,4179956,1.50595,-0.94332,-9.02375
4180,4180956,1.04627,0.47166,-9.89284
4181,4181956,2.73178,0.03831,-9.67018
4182,4182956,1.15640,-0.31843,-8.93995
4183,4183956,1.95127,1.44849,-10.11071
4184,4184956,1.89860,-0.83079,-8.96389
4185,4185956,1.37427,0.53151,-9.52653
4186,4186956,1.83396,-0.21787,-9.33739
4187,4187956,1.48201,0.10774,-9.66779
4188,4188956,1.66397,0.25139,-9.30866
4189,4189956,1.84114,0.11253,-9.62469
4190,4190956,1.71425,-0.04070,-9.25359
4191,4191956,1.05345,-0.30885,-9.27993
4192,4192956,1.75974,0.09098,-9.71088
4193,4193956,1.16119,-0.30167,-9.18655
4194,4194956,2.31519,0.67995,-9.79707
4195,4195956,0.50757,-1.41497,-8.82982
4196,4196956,2.22900,1.50356,-10.24718
4197,4197956,2.01352,-0.93374,-8.82982
4198,4198956,1.20189,1.04387,-9.70370
4199,4199956,2.21224,0.42138,-9.51695
4200,4200956,1.45089,-0.44772,-9.10515
4201,4201956,1.60890,0.29449,-9.45470
4202,4202956,1.67594,-0.15083,-9.31823
4203,4203956,1.60890,0.46448,-9.63666
4204,4204956,1.59693,-0.22745,-9.29429
4205,4205956,2.13084,0.44532,-9.73961
4206,4206956,1.26893,-0.58179,-9.15303
4207,4207956,1.30005,0.04310,-9.62469
4208,4208956,1.59693,-0.15083,-9.35175
4209,4209956,1.57060,0.48363,-9.72285
4210,4210956,1.69509,-0.75896,-9.03332
4211,4211956,0.89543,0.33758,-9.74201
4212,4212956,2.83713,0.27054,-9.84496
4213,4213956,1.21147,-0.34955,-8.93277
4214,4214956,1.90578,1.50116,-10.16578
4215,4215956,1.93451,-0.80685,-9.01896
4216,4216956,1.38385,0.55067,-9.53611
4217,4217956,1.81002,-0.17957,-9.30866
4218,4218956,1.45089,0.06704,-9.53371
4219,4219956,1.67594,0.28491,-9.35175
4220,4220956,1.83156,-0.00718,-9.67497
4221,4221956,1.86269,0.09577,-9.44991
4222,4222956,1.00556,-0.31364,-9.21289
4223,4223956,1.75734,0.09577,-9.74201
4224,4224956,1.25217,-0.26815,-9.22725
4225,4225956,2.32238,0.72065,-9.85214
4226,4226956,0.60573,-1.49398,-8.74602
4227,4227956,2.12366,1.58017,-10.26634
4228,4228956,2.08296,-0.96247,-8.87052
4229,4229956,1.17316,1.03190,-9.64863
4230,4230956,2.25773,0.61531,-9.72285
4231,4231956,1.45807,-0.62489,-9.06924
4232,4232956,1.54905,0.36152,-9.54089
4233,4233956,1.66397,-0.19393,-9.27514
4234,4234956,1.55623,0.35195,-9.63187
4235,4235956,1.55384,-0.18196,-9.22965
4236,4236956,2.10690,0.49799,-9.68933
4237,4237956,1.26893,-0.48363,-9.09797
4238,4238956,1.27850,0.12450,-9.58399
4239,4239956,1.66397,-0.09577,-9.45949
4240,4240956,1.44370,0.39265,-9.65582
4241,4241956,1.89860,-0.39504,-9.18655
4242,4242956,0.68714,-0.15802,-9.56005
4243,4243956,2.67911,0.65122,-9.95270
4244,4244956,1.28090,-0.59616,-8.87770
4245,4245956,1.75256,1.42455,-10.11071
4246,4246956,1.99198,-0.65122,-8.97826
4247,4247956,1.43652,0.45969,-9.50498
4248,4248956,1.77171,-0.15802,-9.32063
4249,4249956,1.48919,0.01437,-9.58399
4250,4250956,1.72622,0.32322,-9.37569
4251,4251956,1.82199,0.00000,-9.55047
4252,4252956,1.87945,0.20111,-9.42118
4253,4253956,0.95050,-0.39744,-9.20331
4254,4254956,1.64482,0.22505,-9.72764
4255,4255956,1.20668,-0.22027,-9.18655
4256,4256956,2.22421,0.75417,-9.87129
4257,4257956,0.67756,-1.44610,-8.71250
4258,4258956,2.02549,1.46286,-10.25437
4259,4259956,2.23858,-0.88107,-8.97107
4260,4260956,1.17076,0.77333,-9.54808
4261,4261956,2.27928,0.76136,-9.75877
4262,4262956,1.53947,-0.73023,-8.97107
4263,4263956,1.55863,0.41180,-9.54089
4264,4264956,1.73819,-0.15802,-9.26077
4265,4265956,1.55623,0.33998,-9.70131
4266,4266956,1.58017,-0.09816,-9.25598
4267,4267956,2.14281,0.43335,-9.74919
4268,4268956,1.30005,-0.51236,-9.22007
4269,4269956,1.20428,0.00239,-9.49780
4270,4270956,1.73340,-0.07661,-9.50977
4271,4271956,1.32878,0.27773,-9.57202
4272,4272956,2.02789,-0.17957,-9.24880
4273,4273956,0.61531,-0.42617,-9.37330
4274,4274956,2.70066,0.83318,-10.01016
4275,4275956,1.44131,-0.68953,-8.78672
4276,4276956,1.68552,1.47722,-10.11071
4277,4277956,1.98240,-0.56503,-9.09078
4278,4278956,1.40300,0.33279,-9.43076
4279,4279956,1.70707,-0.11971,-9.28711
4280,4280956,1.50595,0.02155,-9.50737
4281,4281956,1.68552,0.36631,-9.47625
4282,4282956,1.65679,-0.14365,-9.55047
4283,4283956,1.89381,0.26815,-9.50737
4284,4284956,1.01275,-0.42617,-9.21049
4285,4285956,1.61369,0.22027,-9.76355
4286,4286956,1.27372,-0.21308,-9.23204
4287,4287956,2.21464,0.73263,-9.88326
4288,4288956,0.78530,-1.46525,-8.71011
4289,4289956,1.86269,1.39821,-10.30943
4290,4290956,2.31759,-0.84276,-9.04051
4291,4291956,1.10373,0.67038,-9.35415
4292,4292956,2.28886,0.92416,-9.86172
4293,4293956,1.56341,-0.80924,-9.02135
4294,4294956,1.52511,0.53391,-9.56484
4295,4295956,1.74298,-0.14605,-9.26556
4296,4296956,1.59693,0.34716,-9.77313
4297,4297956,1.63285,-0.00718,-9.24162
4298,4298956,2.03507,0.35913,-9.67976
4299,4299956,1.35033,-0.45490,-9.18416
4300,4300956,1.13964,0.00479,-9.54329
4301,4301956,1.70707,-0.04549,-9.59596
4302,4302956,1.28569,0.24900,-9.51695
4303,4303956,2.17872,0.07422,-9.45470
4304,4304956,0.49081,-0.64643,-9.29190
4305,4305956,2.68629,1.02232,-10.09395
4306,4306956,1.51792,-0.72784,-8.76038
4307,4307956,1.58257,1.41976,-10.07720
4308,4308956,2.08535,-0.38068,-9.22486
4309,4309956,1.42216,0.26576,-9.50019
4310,4310956,1.75016,-0.06704,-9.35415
4311,4311956,1.51074,-0.04070,-9.46667
4312,4312956,1.67834,0.44293,-9.43555
4313,4313956,1.60890,-0.16759,-9.44273
4314,4314956,1.95367,0.34716,-9.54089
4315,4315956,1.04148,-0.52672,-9.10036
4316,4316956,1.53947,0.22027,-9.78750
4317,4317956,1.28569,-0.28252,-9.31344
4318,4318956,2.11647,0.80924,-9.95749
4319,4319956,0.85473,-1.42216,-8.77714
4320,4320956,1.69270,1.38864,-10.20648
4321,4321956,2.45406,-0.70150,-9.11951
4322,4322956,1.07021,0.43096,-9.22965
4323,4323956,2.24576,1.13006,-9.95509
4324,4324956,1.62327,-0.88825,-8.92798
4325,4325956,1.46286,0.54109,-9.59596
4326,4326956,1.77171,-0.19154,-9.22007
4327,4327956,1.51792,0.23703,-9.65821
4328,4328956,1.61609,-0.01437,-9.22725
4329,4329956,2.06380,0.29209,-9.73243
4330,4330956,1.45328,-0.37589,-9.21289
4331,4331956,1.17555,-0.03591,-9.44513
4332,4332956,1.70946,0.02873,-9.59596
4333,4333956,1.23541,0.07422,-9.45710
4334,4334956,2.25534,0.21308,-9.56723
4335,4335956,0.50757,-0.86910,-9.15303
4336,4336956,2.68869,1.17316,-10.09156
4337,4337956,1.58736,-0.86910,-8.72208
4338,4338956,1.52511,1.30005,-10.08917
4339,4339956,2.11647,-0.32322,-9.23683
4340,4340956,1.40540,0.13168,-9.42118
4341,4341956,1.71185,-0.04549,-9.37569
4342,4342956,1.59214,-0.08380,-9.51695
4343,4343956,1.67115,0.40941,-9.56244
4344,4344956,1.59454,-0.18675,-9.39245
4345,4345956,2.01831,0.45250,-9.50019
4346,4346956,1.06303,-0.53870,-9.10754
4347,4347956,1.42694,0.22745,-9.74440
4348,4348956,1.34075,-0.22505,-9.26556
4349,4349956,1.95606,0.82361,-9.97903
4350,4350956,1.03190,-1.21147,-8.76996
4351,4351956,1.51553,1.15401,-10.08438
4352,4352956,2.53067,-0.50039,-9.29669
4353,4353956,1.04387,0.29449,-9.26795
4354,4354956,2.20267,1.27850,-10.04368
4355,4355956,1.67834,-0.93134,-8.91840
4356,4356956,1.41737,0.62249,-9.64145
4357,4357956,1.76213,-0.22027,-9.24641
4358,4358956,1.46765,0.22984,-9.58878
4359,4359956,1.58975,0.06464,-9.14106
4360,4360956,1.96325,0.29688,-9.68215
4361,4361956,1.55144,-0.29209,-9.15303
4362,4362956,1.08936,-0.11732,-9.38527
4363,4363956,1.74777,0.04310,-9.69652
4364,4364956,1.18274,0.03352,-9.40442
4365,4365956,2.34871,0.37589,-9.57681
4366,4366956,0.42617,-1.03190,-9.09318
4367,4367956,2.53546,1.26653,-10.18733
4368,4368956,1.72861,-0.89064,-8.74362
4369,4369956,1.53229,1.34794,-9.94791
4370,4370956,2.20745,-0.09337,-9.27514
4371,4371956,1.44849,0.05507,-9.33499
4372,4372956,1.69270,0.00239,-9.37091
4373,4373956,1.56820,-0.12689,-9.36612
4374,4374956,1.64482,0.35674,-9.53850
4375,4375956,1.55623,-0.26576,-9.39006
4376,4376956,2.01113,0.43096,-9.60075
4377,4377956,1.08218,-0.52433,-9.15303
4378,4378956,1.48441,0.14365,-9.75877
4379,4379956,1.44131,-0.24900,-9.27514
4380,4380956,1.96085,0.73263,-9.93594
4381,4381956,1.13246,-1.24020,-8.82742
4382,4382956,1.42216,1.08218,-10.09874
4383,4383956,2.56898,-0.41659,-9.31823
4384,4384956,1.02951,0.10534,-9.11951
4385,4385956,2.12126,1.39821,-10.09874
4386,4386956,1.75016,-0.96726,-8.93995
4387,4387956,1.38624,0.61770,-9.62708
4388,4388956,1.81241,-0.18435,-9.30866
4389,4389956,1.49398,0.17238,-9.65103
4390,4390956,1.60412,0.15802,-9.18416
4391,4391956,1.98000,0.28491,-9.69173
4392,4392956,1.58017,-0.24900,-9.27514
4393,4393956,1.06781,-0.14126,-9.37569
4394,4394956,1.75256,0.00000,-9.70370
4395,4395956,1.22583,-0.05028,-9.40682
4396,4396956,2.30801,0.38786,-9.63427
4397,4397956,0.40941,-1.13725,-9.03572
4398,4398956,2.46603,1.30245,-10.15860
4399,4399956,1.71904,-0.84515,-8.71489
4400,4400956,1.38864,1.26174,-10.00537
4401,4401956,2.09253,-0.05028,-9.34218
4402,4402956,1.41018,-0.04788,-9.28471
4403,4403956,1.60890,0.12210,-9.42118
4404,4404956,1.57060,-0.05746,-9.36372
4405,4405956,1.68791,0.40223,-9.52174
4406,4406956,1.63045,-0.27294,-9.35893
4407,4407956,2.00155,0.46926,-9.61511
4408,4408956,1.09415,-0.61292,-9.05727
4409,4409956,1.45328,0.13408,-9.67976
4410,4410956,1.40540,-0.26336,-9.32302
4411,4411956,1.86508,0.66798,-9.89284
4412,4412956,1.23541,-1.16119,-8.81784
4413,4413956,1.30963,0.91459,-10.02213
4414,4414956,2.61207,-0.27533,-9.43076
4415,4415956,1.07739,0.07901,-9.06924
4416,4416956,2.09971,1.43652,-10.12747
4417,4417956,1.75974,-0.90501,-8.96629
4418,4418956,1.41497,0.59376,-9.60554
4419,4419956,1.81959,-0.19154,-9.30626
4420,4420956,1.46525,0.13408,-9.66300
4421,4421956,1.67115,0.19154,-9.24162
4422,4422956,1.98958,0.18675,-9.59357
4423,4423956,1.62806,-0.27294,-9.22246
4424,4424956,1.04627,-0.16759,-9.25598
4425,4425956,1.70228,0.12929,-9.63427
4426,4426956,1.16837,-0.10534,-9.33978
4427,4427956,2.30322,0.54348,-9.69173
4428,4428956,0.46687,-1.18992,-9.01896
4429,4429956,2.45885,1.36469,-10.28070
4430,4430956,1.80762,-0.93374,-8.79869
4431,4431956,1.35033,1.16119,-9.91678
4432,4432956,2.20506,0.15083,-9.46189
4433,4433956,1.42455,-0.18914,-9.20571
4434,4434956,1.58736,0.13647,-9.38766
4435,4435956,1.58975,-0.10774,-9.36372
4436,4436956,1.72861,0.43814,-9.58878
4437,4437956,1.60172,-0.25379,-9.28950
4438,4438956,2.04944,0.53630,-9.63187
4439,4439956,1.16358,-0.51954,-9.08121
4440,4440956,1.36709,0.18435,-9.67257
4441,4441956,1.50356,-0.16999,-9.37091
4442,4442956,1.75734,0.61531,-9.88566
4443,4443956,1.37906,-0.97683,-8.88488
4444,4444956,1.13006,0.67038,-9.81623
4445,4445956,2.70545,-0.10774,-9.50019
4446,4446956,1.08457,-0.07661,-8.98304
4447,4447956,2.03268,1.43892,-10.12508
4448,4448956,1.81241,-0.94092,-8.90643
4449,4449956,1.38145,0.57940,-9.51695
4450,4450956,1.83396,-0.22745,-9.25598
4451,4451956,1.40061,0.13647,-9.66060
4452,4452956,1.62327,0.29928,-9.29190
4453,4453956,1.86269,0.16759,-9.65103
4454,4454956,1.68312,-0.10534,-9.38048
4455,4455956,1.02951,-0.17717,-9.27753
4456,4456956,1.74777,0.14844,-9.70131
4457,4457956,1.14203,-0.16999,-9.23204
4458,4458956,2.29843,0.61052,-9.70609
4459,4459956,0.50518,-1.35751,-8.86812
4460,4460956,2.33914,1.42455,-10.32380
4461,4461956,1.98958,-0.93853,-8.77714
4462,4462956,1.32160,1.13485,-9.80186
4463,4463956,2.26013,0.30167,-9.48822
4464,4464956,1.41018,-0.28730,-9.12670
4465,4465956,1.60412,0.23703,-9.48343
4466,4466956,1.62327,-0.17478,-9.39006
4467,4467956,1.62566,0.41899,-9.59596
4468,4468956,1.58496,-0.19393,-9.27035
4469,4469956,2.05901,0.50278,-9.65103
4470,4470956,1.17795,-0.54827,-9.05487
4471,4471956,1.41018,0.10056,-9.63906
4472,4472956,1.57538,-0.19632,-9.38527
4473,4473956,1.64721,0.59855,-9.84017
4474,4474956,1.54665,-0.83079,-8.93037
4475,4475956,0.92895,0.53630,-9.81383
4476,4476956,2.73178,0.02155,-9.71088
4477,4477956,1.10612,-0.33758,-8.98544
4478,4478956,1.90339,1.49159,-10.15141
4479,4479956,1.88424,-0.94092,-8.94234
4480,4480956,1.41976,0.60813,-9.60314
4481,4481956,1.83156,-0.22266,-9.32781
4482,4482956,1.44610,0.07183,-9.65342
4483,4483956,1.62566,0.24900,-9.29908
4484,4484956,1.80283,0.08859,-9.62230
4485,4485956,1.72861,-0.02873,-9.37330
4486,4486956,1.02472,-0.28012,-9.28232
4487,4487956,1.78129,0.20590,-9.80426
4488,4488956,1.16119,-0.22984,-9.31105
4489,4489956,2.30562,0.62968,-9.84256
4490,4490956,0.55067,-1.30245,-8.90643
4491,4491956,2.23140,1.33357,-10.29986
4492,4492956,1.95606,-0.83558,-8.89685
4493,4493956,1.24259,1.03430,-9.76834
4494,4494956,2.27689,0.42138,-9.55765
4495,4495956,1.47243,-0.48123,-9.09557
4496,4496956,1.64960,0.22984,-9.44752
4497,4497956,1.68073,-0.11971,-9.32302
4498,4498956,1.65679,0.36871,-9.63187
4499,4499956,1.56102,-0.25139,-9.24162
4500,4500956,2.04944,0.42856,-9.63187
4501,4501956,1.27372,-0.55306,-9.08121
4502,4502956,1.33596,0.13168,-9.49780
4503,4503956,1.58496,-0.11253,-9.36612
4504,4504956,1.59933,0.55067,-9.77313
4505,4505956,1.71425,-0.64883,-9.14346
4506,4506956,0.79248,0.28012,-9.72764
4507,4507956,2.75812,0.26576,-9.79947
4508,4508956,1.21386,-0.39504,-8.90643
4509,4509956,1.85551,1.55863,-10.19691
4510,4510956,1.88184,-0.87149,-8.96868
4511,4511956,1.31921,0.56743,-9.57681
4512,4512956,1.84593,-0.25618,-9.33978
4513,4513956,1.45328,0.08380,-9.61511
4514,4514956,1.67834,0.30646,-9.38288
4515,4515956,1.78847,-0.00479,-9.61751
4516,4516956,1.80762,0.03591,-9.39724
4517,4517956,1.03430,-0.31125,-9.21528
4518,4518956,1.72143,0.20830,-9.74440
4519,4519956,1.18752,-0.20830,-9.27514
4520,4520956,2.30801,0.72784,-9.81862
4521,4521956,0.60813,-1.39821,-8.80827
4522,4522956,2.16436,1.36709,-10.32380
4523,4523956,2.05662,-0.92416,-8.85855
4524,4524956,1.14443,0.90022,-9.58399
4525,4525956,2.25773,0.62489,-9.72525
4526,4526956,1.47962,-0.54588,-9.12909
4527,4527956,1.61848,0.36152,-9.54329
4528,4528956,1.71664,-0.22027,-9.30626
4529,4529956,1.58736,0.35195,-9.76355
4530,4530956,1.60651,-0.16999,-9.26556
4531,4531956,2.14520,0.42617,-9.60554
4532,4532956,1.26174,-0.54348,-9.05727
4533,4533956,1.29047,0.05267,-9.53611
4534,4534956,1.66876,-0.12450,-9.39724
4535,4535956,1.44610,0.37110,-9.69652
4536,4536956,1.93930,-0.47166,-9.16500
4537,4537956,0.67756,-0.08380,-9.52413
4538,4538956,2.74854,0.53151,-9.88087
4539,4539956,1.27611,-0.57940,-8.84179
4540,4540956,1.76213,1.61130,-10.23761
4541,4541956,1.92733,-0.73502,-9.02135
4542,4542956,1.33836,0.49560,-9.58399
4543,4543956,1.79086,-0.15323,-9.28950
4544,4544956,1.47962,0.06225,-9.57202
4545,4545956,1.69270,0.39744,-9.37330
4546,4546956,1.70707,-0.07183,-9.47625
4547,4547956,1.84354,0.16759,-9.42597
4548,4548956,1.02951,-0.42377,-9.13627
4549,4549956,1.69988,0.17238,-9.74201
4550,4550956,1.25696,-0.26576,-9.23204
4551,4551956,2.25294,0.75657,-9.88326
4552,4552956,0.73263,-1.52032,-8.72447
4553,4553956,1.91297,1.38624,-10.20888
4554,4554956,2.22900,-0.80685,-8.95192
4555,4555956,1.08457,0.76136,-9.50498
4556,4556956,2.24097,0.84276,-9.84496
4557,4557956,1.52750,-0.76614,-9.00220
4558,4558956,1.59214,0.45729,-9.57920
4559,4559956,1.65439,-0.15323,-9.25838
4560,4560956,1.57299,0.37110,-9.67736
4561,4561956,1.51074,-0.07183,-9.25838
4562,4562956,2.04944,0.42377,-9.71567
4563,4563956,1.32878,-0.44772,-9.17937
4564,4564956,1.22583,0.10774,-9.43316
4565,4565956,1.67115,-0.05028,-9.49540
4566,4566956,1.31442,0.24900,-9.55047
4567,4567956,2.13084,-0.15802,-9.29429
4568,4568956,0.50757,-0.47884,-9.34696
4569,4569956,2.71981,0.83318,-10.00297
4570,4570956,1.39821,-0.74220,-8.76517
4571,4571956,1.64960,1.51553,-10.17536
4572,4572956,2.06380,-0.51715,-9.11473
4573,4573956,1.40540,0.38068,-9.44034
4574,4574956,1.77650,-0.08619,-9.33020
4575,4575956,1.47722,-0.01915,-9.49780
4576,4576956,1.71904,0.36871,-9.49780
4577,4577956,1.71425,-0.11971,-9.50977
4578,4578956,1.94649,0.36631,-9.46189
4579,4579956,1.00078,-0.46448,-9.13148
4580,4580956,1.60412,0.22984,-9.81144
4581,4581956,1.27132,-0.27054,-9.26077
4582,4582956,2.10690,0.80924,-9.88805
4583,4583956,0.88346,-1.38145,-8.71250
4584,4584956,1.82199,1.30484,-10.23042
4585,4585956,2.41096,-0.71587,-9.12191
4586,4586956,1.03430,0.53391,-9.37330
4587,4587956,2.24337,1.05105,-9.90481
4588,4588956,1.60890,-0.79966,-8.89207
4589,4589956,1.43413,0.49560,-9.57202
4590,4590956,1.76453,-0.18675,-9.27514
4591,4591956,1.49638,0.28730,-9.67497
4592,4592956,1.58736,0.01197,-9.18416
4593,4593956,2.07098,0.30885,-9.68933
4594,4594956,1.39582,-0.38307,-9.13627
4595,4595956,1.12767,-0.03352,-9.38766
4596,4596956,1.70228,0.00000,-9.56962
4597,4597956,1.18752,0.09577,-9.50498
4598,4598956,2.20506,0.16999,-9.52413
4599,4599956,0.44293,-0.84994,-9.13867
4600,4600956,2.64080,1.15640,-10.14902
4601,4601956,1.59214,-0.89783,-8.68377
4602,4602956,1.52271,1.48201,-10.09156
4603,4603956,2.15718,-0.28012,-9.22007
4604,4604956,1.37427,0.21787,-9.42597
4605,4605956,1.71185,0.03831,-9.39245
4606,4606956,1.54905,-0.01676,-9.45231
4607,4607956,1.65679,0.46926,-9.42837
4608,4608956,1.62806,-0.25857,-9.42118
4609,4609956,1.98958,0.44293,-9.63427
4610,4610956,1.09176,-0.48123,-9.14585
4611,4611956,1.49877,0.16759,-9.70131
4612,4612956,1.40300,-0.28970,-9.22965
4613,4613956,2.03507,0.64643,-9.94312
4614,4614956,1.06063,-1.24498,-8.71729
4615,4615956,1.59214,1.15161,-10.08917
4616,4616956,2.54982,-0.46926,-9.26795
4617,4617956,1.05584,0.32561,-9.22007
4618,4618956,2.17872,1.24498,-10.07720
4619,4619956,1.69270,-0.87628,-8.93516
4620,4620956,1.41497,0.51475,-9.62230
4621,4621956,1.79326,-0.24900,-9.25838
4622,4622956,1.47483,0.16999,-9.66779
4623,4623956,1.62566,0.10295,-9.25119
4624,4624956,1.95367,0.24181,-9.68455
4625,4625956,1.51074,-0.24421,-9.29669
4626,4626956,1.12288,-0.08140,-9.44991
4627,4627956,1.77650,0.02155,-9.70131
4628,4628956,1.15640,-0.06225,-9.36133
4629,4629956,2.34871,0.38786,-9.62230
4630,4630956,0.41420,-1.10373,-9.04769
4631,4631956,2.52109,1.37667,-10.30464
4632,4632956,1.68312,-1.01275,-8.80109
4633,4633956,1.47004,1.47483,-10.02213
4634,4634956,2.21224,-0.16759,-9.31344
4635,4635956,1.38864,-0.00479,-9.35654
4636,4636956,1.61130,0.05746,-9.42118
4637,4637956,1.61848,-0.12210,-9.37809
4638,4638956,1.64960,0.43335,-9.61033
4639,4639956,1.63763,-0.24660,-9.38288
4640,4640956,2.05422,0.49321,-9.69891
4641,4641956,1.15879,-0.52912,-9.17219
4642,4642956,1.50116,0.18675,-9.73722
4643,4643956,1.49398,-0.23463,-9.33020
4644,4644956,1.90100,0.71347,-9.84496
4645,4645956,1.24977,-1.05584,-8.81784
4646,4646956,1.28808,0.82361,-10.01255
4647,4647956,2.64080,-0.22984,-9.42358
4648,4648956,1.14203,0.01676,-9.07881
4649,4649956,2.05422,1.38624,-10.08677
4650,4650956,1.77889,-0.96007,-8.98065
4651,4651956,1.42694,0.56024,-9.55765
4652,4652956,1.81241,-0.13647,-9.28471
4653,4653956,1.46525,0.17957,-9.64145
4654,4654956,1.65200,0.14605,-9.21528
4655,4655956,1.92494,0.18196,-9.66300
4656,4656956,1.56820,-0.22745,-9.28950
4657,4657956,1.07260,-0.16520,-9.28711
4658,4658956,1.73580,0.10534,-9.68215
4659,4659956,1.12767,-0.09816,-9.37091
4660,4660956,2.34153,0.51954,-9.86890
4661,4661956,0.44053,-1.29047,-8.94953
4662,4662956,2.48758,1.38624,-10.20409
4663,4663956,1.82199,-1.01035,-8.75320
4664,4664956,1.34554,1.29526,-9.96706
4665,4665956,2.26013,0.12689,-9.43794
4666,4666956,1.42455,-0.14605,-9.23922
4667,4667956,1.64721,0.16520,-9.50259
4668,4668956,1.63763,-0.14844,-9.38766
4669,4669956,1.64721,0.44293,-9.59117
4670,4670956,1.59214,-0.23942,-9.29908
4671,4671956,2.03028,0.51954,-9.67018
4672,4672956,1.15879,-0.56264,-9.07163
4673,4673956,1.37906,0.14365,-9.60554
4674,4674956,1.57538,-0.15802,-9.26317
4675,4675956,1.65679,0.62249,-9.86890
4676,4676956,1.47243,-0.98881,-8.94953
4677,4677956,1.09176,0.52433,-9.81383
4678,4678956,2.70066,0.05507,-9.62230
4679,4679956,1.14922,-0.19632,-9.01178
4680,4680956,1.98240,1.41018,-10.20169
4681,4681956,1.91297,-0.85952,-8.98544
4682,4682956,1.38864,0.55067,-9.49780
4683,4683956,1.76932,-0.26097,-9.28950
4684,4684956,1.45328,0.06704,-9.57681
4685,4685956,1.67115,0.24900,-9.28471
4686,4686956,1.91536,0.06225,-9.64384
4687,4687956,1.72143,-0.03112,-9.31823
4688,4688956,1.02232,-0.23942,-9.22486
4689,4689956,1.71664,0.16520,-9.73243
4690,4690956,1.13964,-0.16999,-9.35175
4691,4691956,2.35589,0.58419,-9.84496
4692,4692956,0.51954,-1.30005,-8.88009
4693,4693956,2.38941,1.41258,-10.26155
4694,4694956,1.93451,-0.99599,-8.81545
4695,4695956,1.30963,1.11330,-9.81144
4696,4696956,2.26252,0.27773,-9.48583
4697,4697956,1.41258,-0.42617,-9.20331
4698,4698956,1.59693,0.24660,-9.53611
4699,4699956,1.64721,-0.15562,-9.37091
4700,4700956,1.67355,0.39983,-9.61511
4701,4701956,1.63045,-0.19872,-9.27514
4702,4702956,2.05422,0.47884,-9.71567
4703,4703956,1.16358,-0.52194,-9.15543
4704,4704956,1.30484,0.06704,-9.63187
4705,4705956,1.62566,-0.11013,-9.42837
4706,4706956,1.58975,0.50996,-9.73243
4707,4707956,1.65679,-0.71587,-9.09797
4708,4708956,0.87867,0.23703,-9.68215
4709,4709956,2.76770,0.31603,-9.81383
4710,4710956,1.20428,-0.43096,-8.94234
4711,4711956,1.88184,1.53229,-10.16099
4712,4712956,1.93930,-0.76614,-8.98065
4713,4713956,1.39582,0.54348,-9.61511
4714,4714956,1.82438,-0.21548,-9.33499
4715,4715956,1.45807,0.05507,-9.59596
4716,4716956,1.70467,0.32322,-9.29908
4717,4717956,1.77410,0.05986,-9.55526
4718,4718956,1.75016,0.03352,-9.40921
4719,4719956,1.01035,-0.37589,-9.23444
4720,4720956,1.71425,0.14126,-9.74201
4721,4721956,1.16358,-0.13408,-9.26317
4722,4722956,2.24816,0.66080,-9.82580
4723,4723956,0.59137,-1.38385,-8.83700
4724,4724956,2.24097,1.43413,-10.32619
4725,4725956,2.05901,-0.92177,-8.81545
4726,4726956,1.19950,1.03190,-9.64384
4727,4727956,2.26013,0.55306,-9.65103
4728,4728956,1.40540,-0.51715,-9.03332
4729,4729956,1.57060,0.39983,-9.53132
4730,4730956,1.71425,-0.09577,-9.27035
4731,4731956,1.63285,0.35434,-9.63666
4732,4732956,1.61130,-0.15802,-9.26317
4733,4733956,2.04944,0.49560,-9.72764
4734,4734956,1.24020,-0.50518,-9.17458
4735,4735956,1.25217,0.06225,-9.56723
4736,4736956,1.66636,-0.10774,-9.48104
4737,4737956,1.51792,0.46448,-9.74440
4738,4738956,1.85072,-0.54109,-9.11712
4739,4739956,0.72305,0.03831,-9.57441
4740,4740956,2.79643,0.50278,-9.86172
4741,4741956,1.27611,-0.53630,-8.84658
4742,4742956,1.81002,1.52271,-10.20169
4743,4743956,1.97043,-0.72544,-9.00938
4744,4744956,1.41737,0.44772,-9.56723
4745,4745956,1.75734,-0.19154,-9.27274
4746,4746956,1.47722,0.03591,-9.49062
4747,4747956,1.68552,0.29928,-9.28711
4748,4748956,1.79326,-0.03831,-9.50977
4749,4749956,1.86748,0.20830,-9.42837
4750,4750956,1.04148,-0.34237,-9.24162
4751,4751956,1.72383,0.25379,-9.75398
4752,4752956,1.18034,-0.33040,-9.19613
4753,4753956,2.23618,0.84515,-9.85214
4754,4754956,0.64404,-1.45567,-8.80348
4755,4755956,2.09253,1.55863,-10.29028
4756,4756956,2.16196,-0.93374,-8.91601
4757,4757956,1.16837,0.86670,-9.59596
4758,4758956,2.25534,0.70629,-9.75158
4759,4759956,1.43652,-0.67756,-9.06445
4760,4760956,1.57060,0.41659,-9.51935
4761,4761956,1.70228,-0.18435,-9.19373
4762,4762956,1.65439,0.35195,-9.69173
4763,4763956,1.58975,-0.18196,-9.24162
4764,4764956,2.03507,0.39983,-9.70131
4765,4765956,1.26893,-0.51475,-9.10275
4766,4766956,1.25456,0.08140,-9.61033
4767,4767956,1.65679,-0.04788,-9.54329
4768,4768956,1.42455,0.35195,-9.69173
4769,4769956,1.92015,-0.45250,-9.22246
4770,4770956,0.67277,-0.02634,-9.61511
4771,4771956,2.78685,0.53630,-9.93594
4772,4772956,1.26893,-0.53151,-8.88967
4773,4773956,1.78847,1.48201,-10.17296
4774,4774956,1.98240,-0.73502,-9.03811
4775,4775956,1.39343,0.47884,-9.50977
4776,4776956,1.76453,-0.19632,-9.32542
4777,4777956,1.47243,0.00239,-9.53371
4778,4778956,1.72143,0.34477,-9.34936
4779,4779956,1.77410,-0.10056,-9.57681
4780,4780956,1.88903,0.15562,-9.46428
4781,4781956,0.97923,-0.39983,-9.16261
4782,4782956,1.67834,0.19872,-9.71806
4783,4783956,1.19471,-0.26336,-9.18655
4784,4784956,2.19069,0.76136,-9.89284
4785,4785956,0.74220,-1.48201,-8.81306
4786,4786956,2.00395,1.37188,-10.33577
4787,4787956,2.26491,-0.87628,-9.01656
4788,4788956,1.19231,0.77093,-9.55526
4789,4789956,2.28646,0.84755,-9.80426
4790,4790956,1.53947,-0.78769,-9.02853
4791,4791956,1.53229,0.48363,-9.57920
4792,4792956,1.71185,-0.16520,-9.23204
4793,4793956,1.59693,0.33040,-9.68694
4794,4794956,1.62087,-0.02394,-9.21049
4795,4795956,2.13802,0.43335,-9.74679
4796,4796956,1.35991,-0.50039,-9.20571
4797,4797956,1.22823,0.05507,-9.52413
4798,4798956,1.64960,-0.08140,-9.48583
4799,4799956,1.36469,0.36871,-9.61751
4800,4800956,1.98479,-0.39265,-9.32063
4801,4801956,0.59137,-0.18196,-9.47625
4802,4802956,2.82037,0.62249,-9.94551
4803,4803956,1.30723,-0.62728,-8.78193
4804,4804956,1.68552,1.51553,-10.11550
4805,4805956,2.02789,-0.61531,-9.05008
4806,4806956,1.35751,0.41420,-9.43076
4807,4807956,1.74777,-0.14605,-9.29429
4808,4808956,1.47483,-0.04070,-9.50737
4809,4809956,1.73819,0.35674,-9.42597
4810,4810956,1.73340,-0.09577,-9.53132
4811,4811956,1.94649,0.19872,-9.48343
4812,4812956,1.03190,-0.47166,-9.19134
4813,4813956,1.68312,0.21787,-9.77074
4814,4814956,1.18992,-0.23942,-9.19613
4815,4815956,2.14520,0.85473,-9.92875
4816,4816956,0.79487,-1.48441,-8.81066
4817,4817956,1.92254,1.46765,-10.34295
4818,4818956,2.27449,-0.79727,-9.01417
4819,4819956,1.12288,0.67995,-9.48104
4820,4820956,2.28646,0.92416,-9.83299
4821,4821956,1.51553,-0.79727,-8.92080
4822,4822956,1.50595,0.47645,-9.48343
4823,4823956,1.69749,-0.16999,-9.19134
4824,4824956,1.58736,0.30885,-9.65342
4825,4825956,1.59454,-0.09098,-9.17937
4826,4826956,2.09014,0.39744,-9.72046
4827,4827956,1.27850,-0.45969,-9.18895
4828,4828956,1.18034,0.05267,-9.52892
4829,4829956,1.68312,-0.07422,-9.49301
4830,4830956,1.35033,0.23703,-9.54089
4831,4831956,2.10450,-0.16041,-9.38288
4832,4832956,0.54109,-0.52194,-9.37330
4833,4833956,2.77727,0.79248,-10.01734
4834,4834956,1.46525,-0.67995,-8.80109
4835,4835956,1.63045,1.51074,-10.20169
4836,4836956,2.02549,-0.55545,-9.13148
4837,4837956,1.41258,0.36392,-9.51216
4838,4838956,1.78129,-0.06464,-9.27514
4839,4839956,1.47722,0.00000,-9.51935
4840,4840956,1.70467,0.42377,-9.43555
4841,4841956,1.68791,-0.15802,-9.39724
4842,4842956,1.99676,0.23703,-9.47386
4843,4843956,1.04627,-0.49560,-9.18176
4844,4844956,1.60412,0.24181,-9.69173
4845,4845956,1.27372,-0.21548,-9.23922
4846,4846956,2.17394,0.80924,-9.93833
4847,4847956,0.82121,-1.47722,-8.69813
4848,4848956,1.83156,1.41497,-10.20648
4849,4849956,2.35350,-0.80206,-9.04290
4850,4850956,1.03430,0.63207,-9.38048
4851,4851956,2.26970,1.02472,-9.88326
4852,4852956,1.54665,-0.83558,-8.95431
4853,4853956,1.51553,0.56024,-9.61033
4854,4854956,1.74058,-0.20351,-9.23444
4855,4855956,1.53947,0.33519,-9.69173
4856,4856956,1.57299,0.01676,-9.26077
4857,4857956,2.05662,0.35913,-9.73004
4858,4858956,1.38385,-0.44053,-9.22725
4859,4859956,1.16837,-0.01437,-9.40921
4860,4860956,1.72143,-0.01915,-9.51695
4861,4861956,1.30723,0.16281,-9.50019
4862,4862956,2.13084,-0.05267,-9.40682
4863,4863956,0.49799,-0.66798,-9.24401
4864,4864956,2.74376,0.96007,-10.08198
4865,4865956,1.51792,-0.69671,-8.73405
4866,4866956,1.58017,1.42694,-10.11790
4867,4867956,2.03747,-0.38068,-9.09078
4868,4868956,1.44849,0.28491,-9.41640
4869,4869956,1.75016,-0.09337,-9.38527
4870,4870956,1.53708,-0.03831,-9.46189
4871,4871956,1.74777,0.43574,-9.43555
4872,4872956,1.72861,-0.18675,-9.47864
4873,4873956,1.97761,0.32322,-9.57920
4874,4874956,1.02472,-0.45250,-9.14106
4875,4875956,1.57538,0.21787,-9.78989
4876,4876956,1.31442,-0.22984,-9.26317
4877,4877956,2.11169,0.77812,-9.94312
4878,4878956,0.88107,-1.35751,-8.76517
4879,4879956,1.71185,1.28569,-10.29028
4880,4880956,2.40857,-0.68953,-9.17458
4881,4881956,1.00078,0.53391,-9.30626
4882,4882956,2.21464,1.10133,-9.95509
4883,4883956,1.60172,-0.90980,-8.96389
4884,4884956,1.45807,0.50039,-9.60314
4885,4885956,1.76213,-0.19872,-9.28950
4886,4886956,1.58496,0.26815,-9.65821
4887,4887956,1.62566,0.00958,-9.23204
4888,4888956,2.01352,0.29928,-9.66300
4889,4889956,1.36709,-0.40462,-9.16979
4890,4890956,1.13725,-0.00479,-9.40921
4891,4891956,1.80044,-0.05986,-9.64384
4892,4892956,1.27372,0.12210,-9.44034
4893,4893956,2.26013,0.18196,-9.47864
4894,4894956,2.26013,0.18196,-9.47864
4895,4895956,0.53151,-0.83318,-9.12909
4896,4896956,2.72700,1.14682,-10.13466
4897,4897956,1.53947,-0.84994,-8.70532
4898,4898956,1.45089,1.41737,-10.09395
4899,4899956,2.05901,-0.26097,-9.18655
4900,4900956,1.35033,0.20351,-9.37569
4901,4901956,1.72143,-0.03112,-9.30147
4902,4902956,1.55623,-0.07901,-9.45710
4903,4903956,1.69509,0.43335,-9.51695
4904,4904956,1.60412,-0.22745,-9.39724
4905,4905956,1.94409,0.33040,-9.48822
4906,4906956,1.01514,-0.50757,-9.12430
4907,4907956,1.54426,0.24181,-9.72764
4908,4908956,1.32639,-0.26336,-9.27514
4909,4909956,2.05662,0.74220,-9.95030
4910,4910956,0.95529,-1.36709,-8.80827
4911,4911956,1.64242,1.21865,-10.23282
4912,4912956,2.42772,-0.66559,-9.21528
4913,4913956,1.00796,0.42617,-9.27035
4914,4914956,2.22421,1.12767,-10.07959
4915,4915956,1.63285,-0.95050,-8.87770
4916,4916956,1.42216,0.55306,-9.58878
4917,4917956,1.78129,-0.18914,-9.30147
4918,4918956,1.53229,0.24421,-9.65821
4919,4919956,1.66397,0.11971,-9.23444
4920,4920956,2.07098,0.35195,-9.69412
4921,4921956,1.47962,-0.35674,-9.22725
4922,4922956,1.13725,-0.05986,-9.37330
4923,4923956,1.77650,0.04549,-9.60554
4924,4924956,1.26414,0.06225,-9.46667
4925,4925956,2.22661,0.07661,-9.54808
4926,4926956,0.39744,-0.70390,-9.25598
4927,4927956,2.65756,1.04866,-10.25197
4928,4928956,1.50595,-0.80445,-8.75320
4929,4929956,1.51553,1.42455,-10.10114
4930,4930956,2.14999,-0.29209,-9.20331
4931,4931956,1.41258,0.11253,-9.34218
4932,4932956,1.72143,-0.00479,-9.37569
4933,4933956,1.58975,-0.06225,-9.46667
4934,4934956,1.71904,0.45011,-9.52892
4935,4935956,1.63285,-0.27773,-9.34696
4936,4936956,1.96564,0.43574,-9.57920
4937,4937956,1.06542,-0.50039,-9.16261
4938,4938956,1.50116,0.19154,-9.76595
4939,4939956,1.43892,-0.25139,-9.20810
4940,4940956,2.02549,0.76854,-9.87369
4941,4941956,1.13246,-1.29526,-8.83221
4942,4942956,1.52511,1.08218,-10.04607
4943,4943956,2.60010,-0.41899,-9.33499
4944,4944956,1.13006,0.18435,-9.22246
4945,4945956,2.14042,1.37906,-10.07480
4946,4946956,1.64482,-0.95529,-8.95192
4947,4947956,1.41737,0.55785,-9.63187
4948,4948956,1.79805,-0.30406,-9.31823
4949,4949956,1.57778,0.27054,-9.66539
4950,4950956,1.57778,0.12210,-9.23683
4951,4951956,1.98479,0.25618,-9.65342
4952,4952956,1.47483,-0.38307,-9.23204
4953,4953956,1.14682,-0.09577,-9.42118
4954,4954956,1.80283,0.02634,-9.68455
4955,4955956,1.21147,0.09577,-9.43316
4956,4956956,2.30562,0.11013,-9.53132
4957,4957956,0.41659,-0.79248,-9.22965
4958,4958956,2.68390,1.09894,-10.17296
4959,4959956,1.55384,-0.81882,-8.75320
4960,4960956,1.50595,1.39821,-10.12029
4961,4961956,2.07817,-0.30167,-9.28232
4962,4962956,1.39343,0.08619,-9.40921
4963,4963956,1.69749,0.00479,-9.40682
4964,4964956,1.58975,-0.04310,-9.50019
4965,4965956,1.73819,0.43814,-9.54568
4966,4966956,1.67594,-0.19872,-9.44991
4967,4967956,2.02789,0.42856,-9.63187
4968,4968956,1.04627,-0.51236,-9.13627
4969,4969956,1.41976,0.11732,-9.70131
4970,4970956,1.40061,-0.26097,-9.26317
4971,4971956,1.94409,0.78051,-9.88805
4972,4972956,1.03190,-1.21147,-8.78911
4973,4973956,1.53229,1.06542,-10.09156
4974,4974956,2.56658,-0.46926,-9.32302
4975,4975956,1.11570,0.20590,-9.20331
4976,4976956,2.08296,1.30245,-10.01016
4977,4977956,1.70946,-0.93853,-8.84897
4978,4978956,1.45807,0.56264,-9.48822
4979,4979956,1.77410,-0.20590,-9.23683
4980,4980956,1.55384,0.24181,-9.63906
4981,4981956,1.57778,0.07901,-9.24880
4982,4982956,2.01113,0.24421,-9.77313
4983,4983956,1.45328,-0.36392,-9.27993
4984,4984956,1.13246,-0.05267,-9.44034
4985,4985956,1.75256,0.03112,-9.62230
4986,4986956,1.19710,0.11971,-9.40442
4987,4987956,2.31040,0.23942,-9.48104
4988,4988956,0.47645,-0.72305,-9.16022
4989,4989956,2.70784,1.11330,-10.17057
4990,4990956,1.53947,-0.80924,-8.80348
4991,4991956,1.52750,1.44610,-10.12987
4992,4992956,2.11647,-0.31843,-9.21768
4993,4993956,1.33357,0.17238,-9.26556
4994,4994956,1.66158,-0.05746,-9.32063
4995,4995956,1.56102,-0.07183,-9.36851
4996,4996956,1.69749,0.39744,-9.50977
4997,4997956,1.59693,-0.24421,-9.34936
4998,4998956,2.01113,0.32801,-9.43794
4999,4999956,1.06542,-0.57221,-9.09078
