index,time_us,ax,ay,az
0,1047,1.24498,-1.03190,-9.38288
1,2009,0.30646,0.03352,-9.67257
2,2965,0.69671,-0.36631,-9.61272
3,3955,1.41258,-0.95768,-9.35893
4,4955,0.33040,0.12210,-9.71088
5,5956,0.64404,-0.70390,-9.46428
6,6955,0.66319,-0.43096,-9.62230
7,7955,0.59137,-0.42377,-9.60314
8,8956,0.50518,-0.40941,-9.50977
9,9955,0.76614,-0.62968,-9.55526
10,10955,0.64165,-0.29928,-9.58399
11,11956,0.59137,-0.69192,-9.54089
12,12955,0.83079,-0.29209,-9.55765
13,13955,0.85952,-0.74699,-9.50498
14,14956,0.34955,-0.33519,-9.57920
15,15955,0.80685,-0.54827,-9.55287
16,16955,1.04148,-0.63207,-9.42118
17,17956,0.11013,0.18675,-9.67736
18,18955,1.29047,-0.75657,-9.37809
19,19955,0.93853,-0.54588,-9.47864
20,20956,0.35913,-0.08140,-9.65821
21,21955,0.84515,-0.75417,-9.39964
22,22955,0.59376,-0.32561,-9.60314
23,23955,0.67038,-0.39265,-9.57202
24,24956,0.62489,-0.44293,-9.59596
25,25955,0.88585,-0.41659,-9.53132
26,26956,0.43096,-0.55545,-9.57441
27,27955,0.79248,-0.55067,-9.53611
28,28955,0.78769,-0.35434,-9.67018
29,29956,0.81163,-0.72784,-9.58160
30,30955,0.23703,-0.11732,-9.66539
31,31955,1.17555,-0.94332,-9.40921
32,32956,0.64404,-0.19154,-9.52653
33,33955,0.31603,0.00000,-9.61990
34,34955,1.52271,-0.91459,-9.35654
35,35956,0.56503,-0.11732,-9.77313
36,36955,0.50518,-0.40941,-9.60314
37,37955,0.76854,-0.49321,-9.53132
38,38955,0.59137,-0.29449,-9.63906
39,39956,0.62010,-0.36392,-9.50977
40,40955,0.72065,-0.59855,-9.52892
41,41955,0.86910,-0.31843,-9.55765
42,42955,0.51236,-0.80685,-9.58878
43,43955,0.80445,-0.31364,-9.63666
44,44955,0.77333,-0.58179,-9.64384
45,45956,0.55785,-0.55306,-9.55047
46,46955,0.39504,-0.19393,-9.63666
47,47955,1.20428,-0.95529,-9.44273
48,48955,0.23703,0.11253,-9.71328
49,49956,0.78051,-0.51954,-9.52892
50,50955,1.27850,-0.86191,-9.42358
51,51955,0.29209,0.06225,-9.75158
52,52955,0.65362,-0.74460,-9.45949
53,53955,0.68953,-0.39983,-9.57920
54,54955,0.67995,-0.42138,-9.57681
55,55956,0.61052,-0.35434,-9.53611
56,56955,0.87149,-0.60094,-9.54568
57,57955,0.60334,-0.30646,-9.53611
58,58955,0.62489,-0.70868,-9.51216
59,59955,0.83558,-0.27773,-9.65342
60,60955,0.84515,-0.67516,-9.57681
61,61955,0.36871,-0.25379,-9.51695
62,62955,0.80445,-0.50757,-9.54089
63,63956,1.03430,-0.62010,-9.49062
64,64955,0.05507,0.16759,-9.68455
65,65955,1.25696,-0.75896,-9.31105
66,66955,0.96965,-0.55785,-9.50737
67,67955,0.32801,-0.07183,-9.77074
68,68955,0.85473,-0.72305,-9.42118
69,69956,0.67277,-0.27294,-9.61511
70,70955,0.73981,-0.42617,-9.55047
71,71955,0.64404,-0.42377,-9.61033
72,72955,0.93374,-0.54348,-9.50498
73,73955,0.46208,-0.48842,-9.50259
74,74955,0.74220,-0.58179,-9.54808
75,75955,0.73741,-0.31843,-9.68215
76,76955,0.81403,-0.74460,-9.49301
77,77955,0.15802,-0.12210,-9.62469
78,78955,1.07500,-0.89783,-9.44034
79,79955,0.66559,-0.28491,-9.55287
80,80955,0.23463,-0.03352,-9.67976
81,81956,1.49877,-0.97923,-9.30866
82,82955,0.56743,-0.20590,-9.63187
83,83955,0.45011,-0.40462,-9.54089
84,84955,0.79966,-0.58658,-9.50977
85,85956,0.58658,-0.37110,-9.65103
86,86955,0.64404,-0.41420,-9.50019
87,87955,0.72305,-0.56743,-9.54568
88,88955,0.85234,-0.39025,-9.44513
89,89956,0.47884,-0.74220,-9.52174
90,90955,0.91937,-0.45969,-9.61033
91,91955,0.80445,-0.60573,-9.66779
92,92956,0.60813,-0.64404,-9.51695
93,93955,0.35913,-0.14605,-9.61033
94,94955,1.26653,-1.01275,-9.44991
95,95955,0.28730,0.06225,-9.66300
96,96955,0.65362,-0.39504,-9.51935
97,97955,1.37188,-0.82361,-9.30387
98,98955,0.34955,0.06225,-9.68933
99,99956,0.69192,-0.63925,-9.39245
100,100955,0.71108,-0.39025,-9.51935
101,101955,0.61052,-0.42856,-9.62230
102,102955,0.57940,-0.39025,-9.63187
103,103955,0.80206,-0.64404,-9.58160
104,104955,0.64404,-0.36152,-9.56962
105,105955,0.59376,-0.71826,-9.53371
106,106955,0.89064,-0.28970,-9.56723
107,107955,0.79966,-0.64404,-9.54808
108,108955,0.37350,-0.44293,-9.53371
109,109955,0.65122,-0.36631,-9.57681
110,110955,1.10852,-0.89783,-9.41161
111,111955,0.11971,0.25139,-9.70131
112,112955,1.14203,-0.65601,-9.48343
113,113955,1.06781,-0.64404,-9.44034
114,114955,0.29688,0.05507,-9.62708
115,115955,0.80924,-0.81403,-9.42358
116,116955,0.65122,-0.31843,-9.68694
117,117955,0.73502,-0.42138,-9.58160
118,118956,0.57940,-0.37350,-9.57681
119,119955,0.93613,-0.54827,-9.53850
120,120955,0.50757,-0.40223,-9.49780
121,121955,0.75417,-0.61531,-9.50737
122,122955,0.79009,-0.31364,-9.64863
123,123955,0.88585,-0.81642,-9.57681
124,124955,0.22984,-0.11013,-9.59596
125,125955,0.99838,-0.81882,-9.44273
126,126955,0.80924,-0.33040,-9.50977
127,127956,0.17238,0.02634,-9.67018
128,128955,1.45089,-0.85952,-9.33260
129,129955,0.70868,-0.33758,-9.63666
130,130955,0.39744,-0.29209,-9.56723
131,131955,0.78290,-0.62728,-9.40682
132,132956,0.53151,-0.40701,-9.60075
133,133955,0.65122,-0.36152,-9.56484
134,134955,0.61292,-0.51715,-9.60793
135,135955,0.90022,-0.37110,-9.51935
136,136955,0.48602,-0.65362,-9.53132
137,137955,0.80924,-0.38307,-9.52653
138,138955,0.75896,-0.44053,-9.56962
139,139956,0.71347,-0.69192,-9.47146
140,140955,0.35674,-0.21787,-9.63666
141,141955,1.31202,-0.97205,-9.44273
142,142955,0.38786,-0.00958,-9.65582
143,143956,0.59137,-0.30646,-9.59835
144,144955,1.47004,-0.91937,-9.34936
145,145955,0.38547,0.03591,-9.70849
146,146955,0.59855,-0.62489,-9.43794
147,147956,0.74220,-0.46208,-9.54568
148,148955,0.59855,-0.39025,-9.61033
149,149956,0.55306,-0.35913,-9.54808
150,150956,0.76854,-0.59376,-9.51695
151,151955,0.66559,-0.29449,-9.56244
152,152956,0.58179,-0.71826,-9.49062
153,153955,0.86670,-0.27533,-9.52174
154,154955,0.86670,-0.64404,-9.66779
155,155955,0.47884,-0.44293,-9.59596
156,156956,0.61052,-0.30885,-9.62469
157,157955,1.21386,-0.93134,-9.45710
158,158955,0.14126,0.24181,-9.76595
159,159955,1.06781,-0.63686,-9.45710
160,160956,1.09894,-0.65601,-9.49301
161,161955,0.24660,0.02873,-9.71567
162,162956,0.80206,-0.79009,-9.39245
163,163955,0.64643,-0.30406,-9.65821
164,164955,0.70390,-0.36152,-9.61511
165,165955,0.56982,-0.42617,-9.58878
166,166955,0.90740,-0.56503,-9.50977
167,167955,0.54827,-0.35434,-9.51935
168,168956,0.72305,-0.63925,-9.48104
169,169955,0.77572,-0.29688,-9.61033
170,170956,0.85473,-0.76854,-9.59357
171,171955,0.24181,-0.19393,-9.63427
172,172955,0.99120,-0.76375,-9.48343
173,173956,0.84994,-0.40462,-9.51216
174,174955,0.14365,0.07422,-9.63906
175,175955,1.36709,-0.86910,-9.36851
176,176956,0.72305,-0.29449,-9.56484
177,177955,0.38307,-0.18196,-9.62708
178,178955,0.77572,-0.56743,-9.46667
179,179956,0.54588,-0.37828,-9.64145
180,180955,0.67038,-0.37828,-9.53132
181,181955,0.67277,-0.47884,-9.56723
182,182955,0.87388,-0.40462,-9.44752
183,183956,0.40223,-0.55306,-9.51935
184,184955,0.77333,-0.44772,-9.51216
185,185955,0.72784,-0.39744,-9.64624
186,186956,0.77093,-0.78769,-9.46667
187,187955,0.25139,-0.17238,-9.59596
188,188955,1.20907,-0.96965,-9.39485
189,189955,0.49799,-0.04070,-9.62230
190,190956,0.45250,-0.20111,-9.62708
191,191955,1.49638,-0.93853,-9.29908
192,192955,0.43814,-0.00479,-9.65103
193,193955,0.54348,-0.58897,-9.41161
194,194956,0.68474,-0.46448,-9.52892
195,195955,0.64165,-0.41899,-9.62230
196,196955,0.60573,-0.35913,-9.53132
197,197955,0.73502,-0.55067,-9.56723
198,198956,0.71347,-0.31843,-9.52892
199,199955,0.50039,-0.71826,-9.57681
200,200955,0.81403,-0.27773,-9.65103
201,201956,0.85952,-0.64883,-9.58399
202,202955,0.50278,-0.47166,-9.55287
203,203955,0.55545,-0.35913,-9.56962
204,204955,1.17076,-0.90022,-9.36851
205,205956,0.14844,0.17238,-9.64384
206,206955,0.96726,-0.59137,-9.42118
207,207955,1.14922,-0.72065,-9.42118
208,208955,0.27773,0.07901,-9.69891
209,209956,0.76375,-0.80924,-9.45710
210,210955,0.66798,-0.31364,-9.62948
211,211955,0.64165,-0.40701,-9.57920
212,212955,0.51236,-0.32561,-9.51935
213,213956,0.86910,-0.60573,-9.51216
214,214955,0.49799,-0.41180,-9.57202
215,215955,0.59855,-0.71347,-9.53132
216,216955,0.75896,-0.28252,-9.63666
217,217956,0.91937,-0.74460,-9.53850
218,218955,0.22505,-0.22027,-9.56005
219,219955,0.96965,-0.65601,-9.44752
220,220955,0.90980,-0.51236,-9.42597
221,221956,0.12929,0.08140,-9.61751
222,222955,1.37427,-0.84994,-9.27514
223,223955,0.77572,-0.29209,-9.57202
224,224955,0.33279,-0.15802,-9.64384
225,225956,0.81403,-0.66319,-9.42597
226,226955,0.61292,-0.33519,-9.61033
227,227955,0.68235,-0.37110,-9.49301
228,228955,0.62010,-0.44772,-9.54089
229,229956,0.86191,-0.45011,-9.53611
230,230955,0.36392,-0.55067,-9.52653
231,231955,0.78051,-0.50996,-9.45710
232,232955,0.70390,-0.43096,-9.53611
233,233956,0.71108,-0.79487,-9.48583
234,234955,0.24660,-0.00958,-9.64624
235,235955,1.20907,-1.00078,-9.38527
236,236955,0.52194,-0.02155,-9.57681
237,237956,0.45969,-0.21548,-9.58160
238,238955,1.47004,-0.90740,-9.37091
239,239956,0.40701,-0.01915,-9.65103
240,240955,0.54588,-0.52672,-9.41879
241,241955,0.86910,-0.48602,-9.45710
242,242955,0.65841,-0.41180,-9.51456
243,243956,0.60813,-0.32561,-9.59357
244,244955,0.70390,-0.56743,-9.60314
245,245955,0.69911,-0.30885,-9.51216
246,246955,0.47884,-0.70150,-9.53132
247,247955,0.82839,-0.32322,-9.59117
248,248956,0.84515,-0.60573,-9.67497
249,249955,0.56743,-0.52433,-9.56962
250,250955,0.54827,-0.34955,-9.56723
251,251955,1.25217,-0.95289,-9.41640
252,252955,0.19632,0.09816,-9.72285
253,253955,0.90980,-0.53870,-9.50019
254,254955,1.23062,-0.79727,-9.36612
255,255955,0.26336,0.09577,-9.71806
256,256956,0.78769,-0.74460,-9.42837
257,257955,0.74939,-0.40462,-9.65821
258,258955,0.67756,-0.47645,-9.62708
259,259955,0.56024,-0.37110,-9.55287
260,260955,0.90501,-0.56982,-9.54568
261,261955,0.61052,-0.34237,-9.65582
262,262956,0.67277,-0.72784,-9.56484
263,263955,0.88585,-0.31364,-9.59357
264,264955,0.87388,-0.70868,-9.57681
265,265955,0.36871,-0.29209,-9.65103
266,266955,0.87867,-0.54348,-9.52174
267,267955,1.09654,-0.72305,-9.43794
268,268956,0.12210,0.22745,-9.67736
269,269955,1.30484,-0.80924,-9.33260
270,270955,0.93613,-0.51954,-9.50977
271,271955,0.30406,-0.11492,-9.64863
272,272955,0.83079,-0.75417,-9.34218
273,273955,0.61531,-0.32082,-9.66539
274,274955,0.68235,-0.43574,-9.57441
275,275955,0.56503,-0.43574,-9.58160
276,276956,0.89064,-0.52194,-9.57202
277,277955,0.48602,-0.50039,-9.61751
278,278955,0.78530,-0.58179,-9.56244
279,279955,0.77572,-0.37350,-9.61990
280,280955,0.82600,-0.74220,-9.50977
281,281956,0.18914,-0.11492,-9.71328
282,282955,1.14443,-0.89783,-9.44034
283,283955,0.66559,-0.21548,-9.51695
284,284955,0.28970,-0.08859,-9.64384
285,285955,1.42455,-0.94092,-9.32302
286,286955,0.51715,-0.17717,-9.54568
287,287955,0.44293,-0.43814,-9.42597
288,288955,0.74460,-0.53870,-9.40682
289,289955,0.56743,-0.40701,-9.59596
290,290955,0.64165,-0.37828,-9.54089
291,291955,0.73502,-0.52433,-9.52892
292,292956,0.85473,-0.34955,-9.52174
293,293955,0.45250,-0.63446,-9.61272
294,294955,0.86191,-0.36631,-9.56005
295,295955,0.79487,-0.49799,-9.62230
296,296955,0.66080,-0.64404,-9.45470
297,297956,0.32801,-0.20351,-9.62230
298,298955,1.27132,-0.96007,-9.40682
299,299955,0.29928,0.10774,-9.62948
300,300955,0.67038,-0.36631,-9.56484
301,301955,1.41737,-0.85473,-9.38766
302,302955,0.34477,0.03352,-9.77792
303,303956,0.60094,-0.67038,-9.44752
304,304955,0.72305,-0.39504,-9.57441
305,305955,0.69192,-0.42617,-9.58399
306,306955,0.64643,-0.39983,-9.52892
307,307955,0.84994,-0.62249,-9.49062
308,308955,0.70150,-0.36631,-9.55287
309,309955,0.56024,-0.71108,-9.50977
310,310955,0.86670,-0.32082,-9.53132
311,311955,0.79487,-0.66080,-9.57441
312,312955,0.40941,-0.41899,-9.49780
313,313955,0.62728,-0.37110,-9.52413
314,314955,1.12527,-0.82600,-9.37809
315,315955,0.14844,0.23942,-9.76355
316,316955,1.18034,-0.70150,-9.43076
317,317955,1.08218,-0.67038,-9.49062
318,318955,0.29928,0.04549,-9.71328
319,319955,0.81642,-0.78290,-9.43076
320,320955,0.65122,-0.31125,-9.58160
321,321956,0.70868,-0.42377,-9.46667
322,322955,0.58658,-0.41659,-9.52174
323,323955,0.92895,-0.59376,-9.55287
324,324955,0.50757,-0.45011,-9.61990
325,325955,0.76375,-0.61292,-9.57681
326,326955,0.76854,-0.36631,-9.56962
327,327955,0.87388,-0.76375,-9.50977
328,328955,0.22266,-0.11971,-9.65342
329,329956,1.03190,-0.77093,-9.42597
330,330955,0.76136,-0.33279,-9.62469
331,331955,0.20830,0.00718,-9.72525
332,332955,1.40540,-0.89543,-9.35415
333,333955,0.62489,-0.26815,-9.55047
334,334955,0.42617,-0.28491,-9.52413
335,335955,0.80206,-0.55785,-9.46189
336,336955,0.64643,-0.36871,-9.72525
337,337956,0.62968,-0.37589,-9.62230
338,338955,0.62010,-0.50278,-9.58878
339,339955,0.87388,-0.39983,-9.51935
340,340955,0.46208,-0.72784,-9.62230
341,341955,0.89304,-0.35434,-9.62708
342,342955,0.77812,-0.50039,-9.67736
343,343955,0.73741,-0.66798,-9.52653
344,344955,0.30646,-0.09816,-9.61751
345,345955,1.21865,-1.02711,-9.35415
346,346955,0.32322,0.06704,-9.68455
347,347955,0.58897,-0.34477,-9.59357
348,348955,1.45567,-0.87628,-9.36372
349,349955,0.32322,0.06225,-9.70370
350,350955,0.58419,-0.63925,-9.43555
351,351955,0.73981,-0.42856,-9.57202
352,352955,0.65122,-0.38307,-9.62230
353,353955,0.56024,-0.41180,-9.50259
354,354956,0.77572,-0.58179,-9.50019
355,355955,0.68235,-0.31125,-9.55765
356,356956,0.57700,-0.74699,-9.52413
357,357955,0.89064,-0.29209,-9.52892
358,358955,0.86910,-0.65122,-9.58878
359,359956,0.45250,-0.37828,-9.49780
360,360955,0.66559,-0.45250,-9.52653
361,361955,1.24498,-0.79487,-9.37569
362,362956,0.08380,0.13647,-9.68933
363,363955,1.07260,-0.63207,-9.42837
364,364955,1.10852,-0.69911,-9.48583
365,365955,0.30406,0.12689,-9.68694
366,366956,0.80206,-0.75657,-9.39006
367,367955,0.68714,-0.37110,-9.59596
368,368955,0.63446,-0.48123,-9.57681
369,369955,0.54348,-0.44293,-9.54329
370,370956,0.90980,-0.60094,-9.57681
371,371955,0.49799,-0.38547,-9.58878
372,372955,0.74460,-0.65601,-9.50259
373,373955,0.80924,-0.27054,-9.56723
374,374955,0.84515,-0.75178,-9.55287
375,375955,0.24660,-0.21069,-9.62708
376,376956,0.97683,-0.64643,-9.54808
377,377955,0.91219,-0.56024,-9.46189
378,378955,0.17957,0.11013,-9.63906
379,379955,1.45089,-0.94571,-9.32542
380,380956,0.74220,-0.28730,-9.47625
381,381955,0.33758,-0.21548,-9.54568
382,382955,0.80445,-0.66319,-9.47864
383,383955,0.62489,-0.33998,-9.64863
384,384956,0.71108,-0.41180,-9.52653
385,385955,0.63207,-0.50039,-9.60075
386,386955,0.96007,-0.45729,-9.51456
387,387955,0.43814,-0.59376,-9.50977
388,388956,0.77812,-0.46926,-9.55526
389,389955,0.77093,-0.47645,-9.59596
390,390955,0.70150,-0.70150,-9.50259
391,391955,0.31603,-0.07661,-9.66300
392,392956,1.25456,-0.97923,-9.44991
393,393955,0.47166,-0.01197,-9.61511
394,394955,0.50757,-0.22745,-9.56723
395,395955,1.53468,-0.92177,-9.33260
396,396956,0.45011,-0.08380,-9.65103
397,397955,0.53391,-0.52194,-9.45710
398,398956,0.78769,-0.46448,-9.53850
399,399955,0.63925,-0.34237,-9.69173
400,400955,0.62968,-0.40941,-9.65103
401,401956,0.77812,-0.61052,-9.51935
402,402955,0.72784,-0.35195,-9.55047
403,403955,0.51954,-0.66080,-9.61751
404,404955,0.80685,-0.30167,-9.51695
405,405956,0.80685,-0.60094,-9.61511
406,406955,0.58419,-0.54588,-9.60554
407,407956,0.55785,-0.34716,-9.60554
408,408955,1.27372,-0.93613,-9.39006
409,409956,0.27773,0.22266,-9.71806
410,410955,0.93134,-0.55545,-9.49062
411,411955,1.20668,-0.79966,-9.42837
412,412955,0.23463,0.09098,-9.73722
413,413956,0.72784,-0.76614,-9.36851
414,414955,0.73741,-0.35913,-9.60075
415,415955,0.67756,-0.38547,-9.54568
416,416955,0.52194,-0.35674,-9.55526
417,417956,0.86670,-0.64404,-9.51216
418,418955,0.56503,-0.38547,-9.58399
419,419956,0.69671,-0.65362,-9.56723
420,420955,0.83318,-0.27773,-9.62708
421,421956,0.91459,-0.76136,-9.59117
422,422955,0.27294,-0.19393,-9.63666
423,423955,0.86191,-0.63686,-9.53611
424,424956,0.93134,-0.55785,-9.49301
425,425955,0.11732,0.15083,-9.68215
426,426955,1.35751,-0.88346,-9.32063
427,427956,0.76375,-0.39025,-9.53611
428,428955,0.31603,-0.16999,-9.64624
429,429955,0.78051,-0.69911,-9.50019
430,430956,0.63207,-0.32801,-9.64863
431,431955,0.68474,-0.38307,-9.56005
432,432955,0.58897,-0.49321,-9.59117
433,433956,0.95289,-0.46926,-9.58160
434,434955,0.44772,-0.60573,-9.63666
435,435955,0.82121,-0.44293,-9.59835
436,436955,0.75657,-0.40223,-9.61990
437,437955,0.76614,-0.72784,-9.52892
438,438955,0.21308,-0.11732,-9.63187
439,439956,1.25696,-0.90980,-9.41879
440,440955,0.45969,0.00000,-9.66539
441,441956,0.50757,-0.18675,-9.66779
442,442955,1.44610,-0.89783,-9.39245
443,443955,0.35195,0.00479,-9.67736
444,444955,0.54348,-0.56264,-9.47625
445,445955,0.80445,-0.42856,-9.50019
446,446955,0.61052,-0.41659,-9.54329
447,447956,0.54588,-0.36871,-9.50019
448,448955,0.76614,-0.61531,-9.54329
449,449955,0.72065,-0.35434,-9.52892
450,450955,0.50757,-0.73502,-9.55287
451,451955,0.82600,-0.25618,-9.58399
452,452955,0.82361,-0.60094,-9.59596
453,453956,0.50039,-0.50039,-9.52413
454,454955,0.56024,-0.26097,-9.57920
455,455955,1.20907,-0.90022,-9.39245
456,456955,0.15083,0.24900,-9.71567
457,457955,1.02232,-0.60334,-9.48343
458,458955,1.19471,-0.73023,-9.39006
459,459955,0.31603,0.08619,-9.70849
460,460956,0.78290,-0.78051,-9.40203
461,461955,0.69432,-0.35434,-9.62708
462,462955,0.64165,-0.45969,-9.60554
463,463955,0.50518,-0.45969,-9.60793
464,464955,0.86431,-0.52672,-9.57202
465,465956,0.55545,-0.43574,-9.56244
466,466955,0.71587,-0.63207,-9.54089
467,467955,0.84036,-0.38068,-9.67497
468,468955,0.84276,-0.81642,-9.57920
469,469955,0.17957,-0.13647,-9.66779
470,470955,1.07021,-0.84755,-9.44273
471,471955,0.78290,-0.36392,-9.54089
472,472955,0.21069,-0.06464,-9.62708
473,473955,1.50116,-0.92656,-9.40682
474,474955,0.65841,-0.25379,-9.67976
475,475955,0.39265,-0.24900,-9.61511
476,476956,0.86670,-0.56024,-9.48104
477,477955,0.64643,-0.33519,-9.63187
478,478955,0.65601,-0.42377,-9.50259
479,479955,0.66798,-0.54827,-9.53850
480,480955,0.88346,-0.38786,-9.50498
481,481956,0.45969,-0.61531,-9.59117
482,482955,0.88825,-0.47645,-9.52413
483,483955,0.86191,-0.46926,-9.55765
484,484955,0.72065,-0.64404,-9.55047
485,485955,0.37110,-0.07661,-9.66060
486,486956,1.25456,-0.99599,-9.40203
487,487955,0.29449,0.09337,-9.66060
488,488955,0.59855,-0.36152,-9.58399
489,489955,1.40540,-0.90501,-9.37091
490,490955,0.38068,0.12689,-9.69412
491,491955,0.64643,-0.69432,-9.39724
492,492955,0.71108,-0.39025,-9.56723
493,493955,0.65601,-0.40701,-9.63906
494,494955,0.53630,-0.39265,-9.56723
495,495955,0.82121,-0.63925,-9.59117
496,496955,0.62489,-0.24181,-9.59117
497,497956,0.56743,-0.72544,-9.58399
498,498955,0.84515,-0.24421,-9.60075
499,499955,0.89064,-0.76375,-9.59596
500,500955,0.36871,-0.29209,-9.59596
501,501955,0.77812,-0.50518,-9.54089
502,502956,1.05584,-0.69432,-9.41879
503,503955,0.09816,0.18675,-9.72285
504,504955,1.27372,-0.73263,-9.33499
505,505955,0.94332,-0.51236,-9.42837
506,506955,0.26336,-0.05028,-9.63187
507,507956,0.80445,-0.76854,-9.40203
508,508955,0.64643,-0.35913,-9.63187
509,509955,0.61770,-0.37589,-9.53371
510,510955,0.61531,-0.49799,-9.56244
511,511955,0.90980,-0.46208,-9.54089
512,512955,0.43814,-0.53151,-9.53850
513,513955,0.73263,-0.54348,-9.50977
514,514955,0.77812,-0.35913,-9.60554
515,515955,0.80445,-0.76136,-9.45470
516,516955,0.20590,-0.08859,-9.57920
517,517955,1.16358,-0.87867,-9.35893
518,518955,0.60813,-0.15802,-9.53611
519,519955,0.35674,-0.16520,-9.58638
520,520955,1.48201,-0.93374,-9.34936
521,521955,0.53151,-0.15083,-9.62708
522,522955,0.54588,-0.51954,-9.53850
523,523955,0.82600,-0.52912,-9.56484
524,524955,0.64643,-0.35434,-9.61990
525,525956,0.55545,-0.34716,-9.48583
526,526955,0.66798,-0.55067,-9.53611
527,527955,0.74699,-0.35434,-9.60314
528,528955,0.49081,-0.70629,-9.57681
529,529955,0.81882,-0.27533,-9.56244
530,530955,0.81882,-0.55067,-9.63187
531,531955,0.52194,-0.56264,-9.55287
532,532956,0.50518,-0.21308,-9.70849
533,533955,1.18513,-0.98641,-9.47386
534,534955,0.20111,0.20830,-9.71088
535,535955,0.88585,-0.52912,-9.46907
536,536956,1.29766,-0.80685,-9.39245
537,537955,0.29688,0.08619,-9.75158
538,538955,0.65122,-0.81163,-9.45231
539,539955,0.67038,-0.36152,-9.66060
540,540955,0.64165,-0.40941,-9.58160
541,541955,0.51954,-0.31125,-9.52892
542,542955,0.89783,-0.56982,-9.57202
543,543955,0.61292,-0.39744,-9.57441
544,544955,0.66319,-0.73741,-9.51456
545,545955,0.79966,-0.33040,-9.60793
546,546955,0.83079,-0.74939,-9.53850
547,547955,0.24421,-0.22505,-9.63427
548,548956,0.89783,-0.70629,-9.53850
549,549955,0.90501,-0.52912,-9.51216
550,550955,0.12689,0.16999,-9.73722
551,551955,1.38864,-0.81882,-9.33499
552,552955,0.82839,-0.39504,-9.52413
553,553955,0.40701,-0.19154,-9.60793
554,554955,0.84276,-0.67995,-9.42358
555,555955,0.62728,-0.31125,-9.66060
556,556955,0.65362,-0.36392,-9.49301
557,557956,0.61052,-0.54827,-9.50977
558,558955,0.91937,-0.45969,-9.46189
559,559955,0.46448,-0.59137,-9.57441
560,560955,0.82600,-0.44293,-9.61033
561,561956,0.76375,-0.45250,-9.58160
562,562955,0.75178,-0.68235,-9.48822
563,563955,0.28730,-0.11253,-9.63187
564,564955,1.26653,-0.94332,-9.41879
565,565956,0.41659,-0.10056,-9.60554
566,566955,0.47166,-0.24660,-9.64624
567,567955,1.49398,-0.93613,-9.38766
568,568955,0.38068,-0.05028,-9.75398
569,569955,0.53391,-0.58658,-9.54568
570,570955,0.77572,-0.51715,-9.52892
571,571955,0.66319,-0.42856,-9.59835
572,572955,0.63207,-0.35674,-9.48822
573,573956,0.77812,-0.55067,-9.53611
574,574955,0.74699,-0.31125,-9.54329
575,575956,0.51715,-0.68714,-9.57681
576,576955,0.86670,-0.29688,-9.56005
577,577955,0.86670,-0.59855,-9.57202
578,578956,0.46448,-0.48842,-9.57202
579,579955,0.57700,-0.28491,-9.61511
580,580955,1.23301,-0.88346,-9.36133
581,581956,0.15083,0.25618,-9.72525
582,582955,1.01754,-0.62968,-9.40203
583,583955,1.17555,-0.72065,-9.37569
584,584956,0.24421,0.08619,-9.67736
585,585955,0.71108,-0.80206,-9.35415
586,586955,0.64643,-0.32082,-9.61033
587,587955,0.67277,-0.37350,-9.62469
588,588955,0.55545,-0.43096,-9.62948
589,589955,0.94332,-0.59616,-9.53371
590,590956,0.52672,-0.46208,-9.56244
591,591955,0.65362,-0.60573,-9.53850
592,592955,0.78769,-0.28252,-9.64145
593,593955,0.92416,-0.70150,-9.57441
594,594956,0.28730,-0.20351,-9.65103
595,595955,1.10133,-0.73502,-9.48822
596,596955,0.85952,-0.51715,-9.49540
597,597955,0.17717,0.03831,-9.68215
598,598955,1.43173,-0.93374,-9.31823
599,599955,0.65601,-0.23224,-9.52892
600,600955,0.40701,-0.24181,-9.62948
601,601956,0.84994,-0.63446,-9.48343
602,602955,0.63925,-0.36631,-9.57681
603,603955,0.64643,-0.37828,-9.47625
604,604955,0.62010,-0.54109,-9.56244
605,605955,0.81163,-0.37828,-9.53132
606,606955,0.42377,-0.65362,-9.53132
607,607956,0.84755,-0.40223,-9.51456
608,608955,0.80206,-0.50039,-9.63427
609,609955,0.64883,-0.66080,-9.50737
610,610955,0.43335,-0.11253,-9.68694
611,611956,1.33357,-1.04387,-9.44034
612,612955,0.34477,0.21787,-9.66779
613,613955,0.72784,-0.35434,-9.53611
614,614955,1.42455,-0.89783,-9.36851
615,615956,0.43335,0.09577,-9.72285
616,616955,0.67516,-0.66798,-9.47386
617,617955,0.73263,-0.40701,-9.62469
618,618955,0.66080,-0.44772,-9.53611
619,619956,0.59855,-0.41420,-9.51695
620,620955,0.87867,-0.61531,-9.56723
621,621955,0.65601,-0.27773,-9.57681
622,622955,0.61052,-0.70868,-9.47625
623,623956,0.78769,-0.24421,-9.56244
624,624955,0.89304,-0.77093,-9.61033
625,625956,0.37828,-0.32322,-9.61272
626,626955,0.82361,-0.56982,-9.49540
627,627955,1.04148,-0.62728,-9.42597
628,628955,0.04788,0.09577,-9.61751
629,629956,1.22344,-0.73263,-9.35893
630,630955,0.92895,-0.54827,-9.51935
631,631955,0.32561,-0.01915,-9.70609
632,632955,0.81403,-0.79487,-9.49780
633,633956,0.64165,-0.38307,-9.64624
634,634955,0.65122,-0.37110,-9.57202
635,635955,0.55067,-0.46926,-9.57202
636,636955,0.91937,-0.49799,-9.45470
637,637956,0.43335,-0.56982,-9.56244
638,638955,0.78290,-0.53151,-9.54089
639,639955,0.76854,-0.37110,-9.60793
640,640955,0.84755,-0.73263,-9.45231
641,641956,0.25379,-0.11971,-9.58878
642,642955,1.18274,-0.94332,-9.36851
643,643956,0.64643,-0.18196,-9.60075
644,644955,0.33758,-0.09098,-9.71806
645,645955,1.50595,-0.92895,-9.34696
646,646956,0.49799,-0.06464,-9.59596
647,647955,0.45490,-0.45729,-9.53611
648,648955,0.86670,-0.53151,-9.54808
649,649956,0.72305,-0.40701,-9.58878
650,650955,0.70629,-0.41420,-9.46907
651,651955,0.77093,-0.59137,-9.51935
652,652955,0.79727,-0.34955,-9.56962
653,653956,0.48602,-0.73023,-9.59117
654,654955,0.90501,-0.29449,-9.58399
655,655955,0.88585,-0.56982,-9.63906
656,656955,0.56743,-0.59376,-9.49062
657,657956,0.41180,-0.31603,-9.60793
658,658955,1.24259,-0.94332,-9.42597
659,659955,0.19872,0.19154,-9.73722
660,660955,0.90740,-0.50518,-9.49062
661,661956,1.21865,-0.85952,-9.33260
662,662955,0.24660,0.06464,-9.73004
663,663955,0.65841,-0.79009,-9.46189
664,664955,0.69432,-0.38547,-9.62708
665,665955,0.67277,-0.45969,-9.57920
666,666955,0.53151,-0.43335,-9.56484
667,667955,0.82121,-0.66559,-9.55287
668,668955,0.59137,-0.40941,-9.54089
669,669955,0.68714,-0.73023,-9.53371
670,670956,0.82839,-0.28012,-9.57920
671,671955,0.87628,-0.79966,-9.55287
672,672955,0.28730,-0.24181,-9.52653
673,673955,0.82121,-0.59855,-9.46189
674,674956,0.98881,-0.62010,-9.44034
675,675955,0.09337,0.11971,-9.66060
676,676955,1.32878,-0.81882,-9.31344
677,677955,0.89064,-0.48363,-9.53611
678,678955,0.38786,-0.08859,-9.66539
679,679955,0.85712,-0.72784,-9.42118
680,680955,0.62010,-0.27294,-9.64624
681,681955,0.68714,-0.38786,-9.56244
682,682956,0.57940,-0.49081,-9.53850
683,683955,0.92656,-0.50518,-9.51695
684,684955,0.44532,-0.62489,-9.59596
685,685955,0.75417,-0.49081,-9.53611
686,686955,0.74220,-0.44772,-9.63427
687,687955,0.82839,-0.75417,-9.54089
688,688955,0.22984,-0.13647,-9.62948
689,689955,1.18513,-0.93853,-9.40921
690,690955,0.53630,-0.15323,-9.53611
691,691956,0.34237,-0.11732,-9.57202
692,692955,1.51553,-0.90022,-9.28471
693,693955,0.52194,-0.09098,-9.61751
694,694955,0.58658,-0.53870,-9.49301
695,695955,0.82361,-0.54348,-9.56484
696,696955,0.65362,-0.38068,-9.68455
697,697955,0.55306,-0.37110,-9.52174
698,698955,0.71587,-0.53391,-9.52653
699,699955,0.75417,-0.34477,-9.51695
700,700955,0.46926,-0.73502,-9.52653
701,701955,0.79727,-0.38547,-9.59117
702,702955,0.83079,-0.62968,-9.61272
703,703955,0.57940,-0.49799,-9.53132
704,704955,0.46208,-0.27054,-9.64863
705,705955,1.26174,-0.84994,-9.39485
706,706956,0.18675,0.11253,-9.61033
707,707955,0.85712,-0.50996,-9.45710
708,708955,1.30245,-0.85234,-9.35893
709,709955,0.33279,0.09816,-9.72046
710,710955,0.73502,-0.76136,-9.40682
711,711955,0.69911,-0.35674,-9.58878
712,712955,0.68235,-0.41420,-9.56005
713,713955,0.53870,-0.36631,-9.49780
714,714955,0.90261,-0.60094,-9.53611
715,715955,0.62249,-0.34955,-9.59835
716,716955,0.67995,-0.71826,-9.47864
717,717955,0.85952,-0.29928,-9.58638
718,718956,0.90980,-0.73981,-9.58878
719,719955,0.29209,-0.26576,-9.66300
720,720955,0.77572,-0.56503,-9.55765
721,721955,1.01754,-0.63925,-9.43316
722,722956,0.10774,0.27533,-9.66300
723,723955,1.34554,-0.80445,-9.39006
724,724955,0.88585,-0.48363,-9.50977
725,725955,0.31364,-0.13408,-9.65582
726,726955,0.87149,-0.76614,-9.42358
727,727955,0.65841,-0.31843,-9.56723
728,728956,0.65841,-0.31843,-9.56723
729,729955,0.63446,-0.37589,-9.53850
730,730955,0.54588,-0.50278,-9.61990
731,731955,0.92416,-0.45969,-9.60075
732,732956,0.44532,-0.56982,-9.58399
733,733955,0.81163,-0.48602,-9.53850
734,734955,0.80445,-0.39744,-9.61511
735,735955,0.86910,-0.78530,-9.52653
736,736955,0.23463,-0.11013,-9.62708
737,737955,1.22104,-0.91459,-9.38527
738,738956,0.58658,-0.10056,-9.57202
739,739955,0.41899,-0.19393,-9.63187
740,740955,1.44610,-0.91219,-9.31823
741,741955,0.47884,-0.08380,-9.70370
742,742956,0.56264,-0.49560,-9.53132
743,743955,0.80445,-0.49560,-9.44513
744,744955,0.61292,-0.38307,-9.54808
745,745955,0.62489,-0.37110,-9.49301
746,746956,0.69432,-0.57221,-9.56244
747,747955,0.73023,-0.34237,-9.57202
748,748955,0.52672,-0.73023,-9.52892
749,749955,0.90501,-0.30167,-9.56484
750,750955,0.80685,-0.62010,-9.54568
751,751956,0.53870,-0.58419,-9.51456
752,752955,0.46208,-0.24421,-9.62948
753,753955,1.26653,-1.00317,-9.44034
754,754955,0.21787,0.14126,-9.70131
755,755955,0.89304,-0.53151,-9.46428
756,756956,1.28569,-0.84036,-9.34696
757,757955,0.28730,0.03591,-9.73243
758,758955,0.70868,-0.72784,-9.47146
759,759955,0.65601,-0.34477,-9.61990
760,760956,0.65841,-0.42617,-9.57681
761,761955,0.50996,-0.40223,-9.54329
762,762955,0.86431,-0.66080,-9.57441
763,763956,0.59376,-0.39265,-9.60075
764,764955,0.59376,-0.71826,-9.55287
765,765955,0.79966,-0.30167,-9.61511
766,766955,0.88585,-0.80685,-9.60075
767,767956,0.27054,-0.27294,-9.61272
768,768955,0.86191,-0.63925,-9.44034
769,769955,0.97923,-0.57940,-9.43555
770,770955,0.11013,0.12929,-9.69891
771,771956,1.27611,-0.80206,-9.37809
772,772955,0.80206,-0.50996,-9.48343
773,773955,0.32322,-0.13886,-9.59596
774,774955,0.83797,-0.69911,-9.34457
775,775956,0.66559,-0.31843,-9.58878
776,776955,0.73263,-0.37110,-9.47864
777,777955,0.61052,-0.47166,-9.50019
778,778955,0.90980,-0.44053,-9.52413
779,779956,0.50039,-0.48123,-9.58160
780,780955,0.82121,-0.46687,-9.55526
781,781955,0.78530,-0.35434,-9.61990
782,782956,0.84994,-0.76375,-9.51216
783,783955,0.22027,-0.09577,-9.65342
784,784955,1.17555,-0.95050,-9.42118
785,785955,0.59616,-0.12689,-9.55765
786,786956,0.33758,-0.16759,-9.60793
787,787955,1.48441,-0.92177,-9.35415
788,788956,0.46208,-0.15083,-9.66300
789,789955,0.45011,-0.52433,-9.49301
790,790955,0.79727,-0.54588,-9.56484
791,791956,0.66080,-0.32561,-9.66060
792,792955,0.59376,-0.33998,-9.50259
793,793955,0.72305,-0.50278,-9.53611
794,794956,0.85234,-0.35434,-9.44752
795,795955,0.49799,-0.72544,-9.54329
796,796955,0.85712,-0.35434,-9.57681
797,797956,0.82839,-0.55067,-9.70609
798,798955,0.61052,-0.59616,-9.61033
799,799955,0.41899,-0.18675,-9.63666
800,800955,1.24259,-1.00078,-9.31823
801,801955,0.24181,0.16520,-9.60554
802,802956,0.75417,-0.33758,-9.48822
803,803955,1.33596,-0.79966,-9.31823
804,804955,0.31843,0.15083,-9.64145
805,805955,0.65362,-0.71826,-9.40921
806,806956,0.66798,-0.36631,-9.52892
807,807955,0.67516,-0.42138,-9.53371
808,808955,0.55785,-0.42138,-9.56484
809,809956,0.79487,-0.68474,-9.58878
810,810955,0.62249,-0.30646,-9.56962
811,811955,0.61531,-0.72544,-9.50498
812,812956,0.80206,-0.27054,-9.59596
813,813955,0.86191,-0.66798,-9.62230
814,814955,0.37110,-0.29449,-9.57202
815,815955,0.71826,-0.55067,-9.54808
816,816956,1.08697,-0.71826,-9.41161
817,817955,0.10774,0.22984,-9.64624
818,818956,1.23541,-0.74220,-9.39724
819,819955,0.96486,-0.56264,-9.48104
820,820955,0.33040,-0.08859,-9.63187
821,821955,0.79966,-0.73741,-9.40203
822,822955,0.62968,-0.35434,-9.61990
823,823955,0.66559,-0.38307,-9.49062
824,824956,0.56743,-0.40701,-9.57441
825,825955,0.92656,-0.50278,-9.53850
826,826955,0.50757,-0.45729,-9.56244
827,827955,0.76375,-0.61770,-9.55287
828,828956,0.76854,-0.38068,-9.56723
829,829955,0.83318,-0.73981,-9.46907
830,830956,0.17478,-0.11971,-9.59357
831,831955,1.02711,-0.83558,-9.43316
832,832955,0.67756,-0.33040,-9.51216
833,833956,0.14365,-0.01437,-9.66300
834,834955,1.45567,-0.88346,-9.24401
835,835955,0.60813,-0.25379,-9.54568
836,836956,0.44532,-0.29209,-9.61033
837,837955,0.85473,-0.57461,-9.51456
838,838955,0.60094,-0.35434,-9.59117
839,839956,0.63446,-0.36392,-9.54089
840,840955,0.62968,-0.50996,-9.61272
841,841955,0.89783,-0.41659,-9.45710
842,842955,0.45969,-0.72305,-9.50977
843,843956,0.90022,-0.38307,-9.50498
844,844955,0.84515,-0.46448,-9.61751
845,845955,0.72784,-0.64643,-9.45231
846,846955,0.37110,-0.14365,-9.59117
847,847955,1.23301,-1.02232,-9.35893
848,848955,0.40462,0.06704,-9.57920
849,849956,0.56982,-0.28730,-9.56484
850,850955,1.42216,-0.92177,-9.36372
851,851955,0.33040,-0.01197,-9.69173
852,852955,0.65601,-0.63207,-9.47386
853,853956,0.73502,-0.40701,-9.52892
854,854955,0.66798,-0.40701,-9.61990
855,855955,0.58658,-0.34716,-9.59357
856,856955,0.74220,-0.61531,-9.61033
857,857956,0.70868,-0.29928,-9.62948
858,858955,0.50996,-0.75417,-9.54808
859,859956,0.84994,-0.27294,-9.52892
860,860955,0.81882,-0.72544,-9.55526
861,861955,0.47405,-0.41180,-9.59117
862,862956,0.62489,-0.46926,-9.54808
863,863955,1.22823,-0.82121,-9.40203
864,864955,0.14365,0.15802,-9.67497
865,865956,1.03190,-0.61531,-9.38766
866,866955,1.12288,-0.73263,-9.39485
867,867955,0.31125,0.05746,-9.61990
868,868956,0.76375,-0.78769,-9.41400
869,869955,0.67756,-0.32322,-9.59596
870,870956,0.61052,-0.42617,-9.58878
871,871955,0.56743,-0.36871,-9.52653
872,872955,0.90261,-0.60573,-9.56244
873,873955,0.53630,-0.31125,-9.56244
874,874955,0.67277,-0.70390,-9.55526
875,875955,0.81403,-0.28970,-9.67976
876,876955,0.87867,-0.78769,-9.56962
877,877955,0.35913,-0.26815,-9.57202
878,878955,0.89543,-0.58658,-9.47386
879,879955,0.96726,-0.62968,-9.42118
880,880955,0.14365,0.17238,-9.72764
881,881956,1.35751,-0.89783,-9.39006
882,882955,0.78290,-0.44293,-9.59596
883,883955,0.30406,-0.18675,-9.61272
884,884955,0.83558,-0.71108,-9.42597
885,885955,0.62728,-0.34477,-9.61511
886,886955,0.65362,-0.42377,-9.48822
887,887955,0.62968,-0.47645,-9.55047
888,888955,0.96007,-0.44053,-9.56005
889,889955,0.50278,-0.50278,-9.58878
890,890955,0.80924,-0.39265,-9.60314
891,891956,0.73023,-0.40223,-9.62708
892,892955,0.81163,-0.75417,-9.50019
893,893955,0.29209,-0.14605,-9.67736
894,894955,1.23541,-0.92416,-9.43794
895,895955,0.51715,-0.01197,-9.59596
896,896955,0.45969,-0.16041,-9.56962
897,897955,1.51553,-0.90501,-9.27035
898,898955,0.45490,-0.14365,-9.59596
899,899955,0.51954,-0.54827,-9.43794
900,900955,0.79727,-0.58419,-9.43316
901,901955,0.64643,-0.39504,-9.56005
902,902955,0.62968,-0.36631,-9.45710
903,903955,0.70868,-0.57461,-9.46667
904,904956,0.75657,-0.34237,-9.57681
905,905955,0.49081,-0.77093,-9.59117
906,906955,0.82361,-0.36631,-9.59835
907,907955,0.78051,-0.57940,-9.58160
908,908955,0.63207,-0.56024,-9.51695
909,909955,0.44772,-0.28012,-9.65821
910,910956,1.26653,-0.97923,-9.42358
911,911955,0.19632,0.15562,-9.68694
912,912955,0.86910,-0.48842,-9.46907
913,913955,1.30723,-0.78290,-9.36612
914,914955,0.28730,0.06943,-9.74679
915,915956,0.68235,-0.69671,-9.50498
916,916955,0.69911,-0.38068,-9.60793
917,917955,0.64643,-0.46926,-9.59117
918,918955,0.58658,-0.37110,-9.56962
919,919955,0.88585,-0.63686,-9.50977
920,920955,0.61770,-0.33998,-9.61272
921,921955,0.60334,-0.71587,-9.53371
922,922956,0.77812,-0.30406,-9.53132
923,923955,0.83318,-0.78530,-9.56005
924,924955,0.34237,-0.29209,-9.63666
925,925955,0.87149,-0.58658,-9.58399
926,926955,1.06303,-0.67995,-9.48822
927,927955,0.08619,0.17478,-9.71567
928,928955,1.33118,-0.71108,-9.34696
929,929956,0.92656,-0.57940,-9.52413
930,930955,0.32801,-0.08859,-9.62230
931,931955,0.81882,-0.76854,-9.38527
932,932955,0.66080,-0.32082,-9.56723
933,933955,0.69432,-0.41420,-9.49540
934,934955,0.59616,-0.44532,-9.58399
935,935955,0.96247,-0.49560,-9.46189
936,936956,0.46926,-0.44053,-9.51935
937,937955,0.75896,-0.57700,-9.46667
938,938955,0.73263,-0.36152,-9.60554
939,939955,0.80206,-0.73263,-9.54329
940,940956,0.15083,-0.16999,-9.65103
941,941955,1.08218,-0.85234,-9.37091
942,942955,0.76854,-0.26576,-9.48343
943,943955,0.24181,0.02394,-9.61272
944,944955,1.45328,-0.95529,-9.33499
945,945956,0.58658,-0.22984,-9.65582
946,946955,0.42856,-0.38307,-9.60554
947,947955,0.81642,-0.56743,-9.40682
948,948955,0.60094,-0.34955,-9.62708
949,949955,0.68953,-0.39025,-9.53611
950,950955,0.76375,-0.52194,-9.51935
951,951955,0.92656,-0.35434,-9.53850
952,952955,0.45969,-0.70390,-9.57681
953,953955,0.89304,-0.38307,-9.56005
954,954955,0.79487,-0.50278,-9.50737
955,955955,0.64165,-0.63207,-9.51456
956,956955,0.37589,-0.14365,-9.70849
957,957955,1.30005,-1.00796,-9.45470
958,958956,0.30646,0.10295,-9.71806
959,959955,0.64643,-0.44053,-9.57441
960,960955,1.41737,-0.91219,-9.34218
961,961955,0.32801,0.00000,-9.77792
962,962955,0.64165,-0.67756,-9.49540
963,963955,0.75178,-0.39744,-9.61990
964,964955,0.63686,-0.47645,-9.60075
965,965955,0.52672,-0.38786,-9.50259
966,966955,0.77093,-0.68953,-9.54089
967,967955,0.68474,-0.34955,-9.51935
968,968955,0.56982,-0.81403,-9.57920
969,969956,0.84036,-0.31364,-9.62469
970,970955,0.89304,-0.73263,-9.60314
971,971955,0.44532,-0.41659,-9.51695
972,972955,0.65601,-0.45490,-9.61272
973,973955,1.12049,-0.75417,-9.44752
974,974955,0.09098,0.15562,-9.69891
975,975955,1.15161,-0.68235,-9.46189
976,976956,1.05345,-0.60573,-9.46428
977,977955,0.28252,0.02155,-9.62230
978,978955,0.82121,-0.75178,-9.43794
979,979955,0.65601,-0.30646,-9.66539
980,980955,0.69671,-0.39744,-9.47625
981,981956,0.56024,-0.36631,-9.50019
982,982955,0.90261,-0.53870,-9.52892
983,983955,0.46687,-0.41420,-9.61751
984,984955,0.76136,-0.60334,-9.52892
985,985956,0.79248,-0.29209,-9.58160
986,986955,0.89543,-0.77333,-9.52653
987,987955,0.26815,-0.15562,-9.66060
988,988955,1.03190,-0.76375,-9.45470
989,989956,0.81403,-0.34477,-9.50737
990,990955,0.20830,0.02155,-9.75637
991,991956,1.46286,-0.84515,-9.40921
992,992955,0.70150,-0.26576,-9.59835
993,993955,0.42138,-0.31125,-9.54808
994,994955,0.85473,-0.62489,-9.45470
995,995956,0.64165,-0.32561,-9.65582
996,996955,0.67038,-0.38547,-9.56723
997,997955,0.64643,-0.52194,-9.54808
998,998955,0.86191,-0.42617,-9.50019
999,999955,0.44293,-0.59616,-9.55287
1000,1000955,0.87149,-0.49799,-9.52892
1001,1001956,0.73263,-0.44532,-9.61751
1002,1002955,0.72544,-0.64165,-9.57202
1003,1003955,0.33040,-0.16281,-9.64624
1004,1004955,1.31202,-0.99120,-9.34457
1005,1005955,0.36631,0.04070,-9.65103
1006,1006955,0.56743,-0.30406,-9.58399
1007,1007956,1.43173,-0.89543,-9.38048
1008,1008955,0.39744,0.05986,-9.72525
1009,1009956,0.59855,-0.66080,-9.42118
1010,1010955,0.73023,-0.42138,-9.49780
1011,1011955,0.69192,-0.41659,-9.58399
1012,1012955,0.57461,-0.37110,-9.50737
1013,1013956,0.83079,-0.58179,-9.51695
1014,1014955,0.70629,-0.32082,-9.52413
1015,1015955,0.60334,-0.74220,-9.48583
1016,1016956,0.87388,-0.28491,-9.55287
1017,1017955,0.90022,-0.65362,-9.56484
1018,1018955,0.54348,-0.39025,-9.53850
1019,1019955,0.66080,-0.36152,-9.60793
1020,1020956,1.12767,-0.82839,-9.42837
1021,1021955,0.13886,0.28012,-9.70609
1022,1022955,1.13485,-0.66798,-9.34218
1023,1023955,1.06542,-0.65122,-9.44273
1024,1024956,0.27773,0.00958,-9.72764
1025,1025955,0.77093,-0.75178,-9.44034
1026,1026955,0.63207,-0.35195,-9.63906
1027,1027955,0.69432,-0.41420,-9.55526
1028,1028956,0.57940,-0.47166,-9.59357
1029,1029955,0.92656,-0.58179,-9.50019
1030,1030956,0.51715,-0.48602,-9.50498
1031,1031955,0.73741,-0.57940,-9.54089
1032,1032956,0.73741,-0.32561,-9.60075
1033,1033955,0.83797,-0.84036,-9.52413
1034,1034955,0.15802,-0.12929,-9.66779
1035,1035955,1.11570,-0.94332,-9.39006
1036,1036956,0.72065,-0.24900,-9.45231
1037,1037955,0.28252,-0.07901,-9.56962
1038,1038955,1.45807,-0.89304,-9.30626
1039,1039955,0.59376,-0.20590,-9.60793
1040,1040955,0.42138,-0.31125,-9.53850
1041,1041955,0.87628,-0.58419,-9.46189
1042,1042955,0.63207,-0.37350,-9.67736
1043,1043955,0.59376,-0.38307,-9.56723
1044,1044955,0.65841,-0.56743,-9.55287
1045,1045956,0.80206,-0.41659,-9.51216
1046,1046955,0.41180,-0.71347,-9.57202
1047,1047955,0.84276,-0.44293,-9.53850
1048,1048955,0.79487,-0.49560,-9.66060
1049,1049955,0.63686,-0.65841,-9.56962
1050,1050955,0.39983,-0.07661,-9.68215
1051,1051955,1.31442,-1.03669,-9.43316
1052,1052956,0.26336,0.11492,-9.67257
1053,1053955,0.69911,-0.39983,-9.45470
1054,1054955,1.39582,-0.96965,-9.31344
1055,1055955,0.36631,0.12689,-9.71328
1056,1056956,0.67277,-0.71826,-9.39724
1057,1057955,0.71108,-0.35434,-9.60314
1058,1058955,0.70150,-0.42617,-9.61751
1059,1059955,0.55785,-0.39983,-9.52892
1060,1060956,0.83079,-0.55306,-9.46907
1061,1061955,0.62489,-0.30885,-9.52413
1062,1062955,0.63925,-0.71347,-9.51216
1063,1063956,0.81163,-0.31603,-9.60314
1064,1064955,0.90261,-0.76614,-9.55765
1065,1065955,0.29928,-0.28970,-9.59117
1066,1066955,0.85712,-0.57940,-9.54568
1067,1067956,1.01275,-0.63207,-9.45470
1068,1068955,0.06225,0.23463,-9.70131
1069,1069955,1.26174,-0.80685,-9.32542
1070,1070955,0.88585,-0.46687,-9.47864
1071,1071955,0.31603,-0.08619,-9.64145
1072,1072955,0.82361,-0.70868,-9.42837
1073,1073956,0.66559,-0.33758,-9.63427
1074,1074955,0.68714,-0.34237,-9.51216
1075,1075955,0.62010,-0.43335,-9.59117
1076,1076955,0.92656,-0.46926,-9.52892
1077,1077956,0.41180,-0.53151,-9.60793
1078,1078955,0.77572,-0.61531,-9.61511
1079,1079955,0.75657,-0.41899,-9.60554
1080,1080955,0.79966,-0.77333,-9.49780
1081,1081955,0.20111,-0.07901,-9.62469
1082,1082955,1.20907,-1.01993,-9.42118
1083,1083955,0.51475,-0.10534,-9.66539
1084,1084956,0.45250,-0.15562,-9.60314
1085,1085955,1.52032,-0.95529,-9.29190
1086,1086955,0.46448,-0.05267,-9.61272
1087,1087955,0.53151,-0.55785,-9.44513
1088,1088955,0.76375,-0.49321,-9.50737
1089,1089955,0.59616,-0.33279,-9.65582
1090,1090956,0.55067,-0.42138,-9.50737
1091,1091955,0.80206,-0.60334,-9.51935
1092,1092955,0.74699,-0.31843,-9.56962
1093,1093955,0.59616,-0.72784,-9.53850
1094,1094955,0.86191,-0.32561,-9.49540
1095,1095955,0.86191,-0.64883,-9.62708
1096,1096956,0.46687,-0.39504,-9.59117
1097,1097955,0.58179,-0.29449,-9.67018
1098,1098955,1.19950,-0.83558,-9.42837
1099,1099955,0.18675,0.21787,-9.64624
1100,1100955,1.12527,-0.64165,-9.35415
1101,1101955,1.20907,-0.74939,-9.39724
1102,1102955,0.31603,0.08619,-9.75398
1103,1103955,0.76854,-0.79487,-9.37091
1104,1104955,0.67756,-0.33758,-9.56244
1105,1105955,0.69911,-0.42377,-9.58160
1106,1106955,0.54348,-0.37589,-9.61511
1107,1107955,0.91219,-0.52194,-9.51695
1108,1108955,0.53391,-0.46926,-9.59835
1109,1109955,0.68714,-0.67756,-9.45710
1110,1110955,0.76614,-0.37350,-9.54329
1111,1111955,0.85234,-0.79487,-9.55287
1112,1112955,0.16041,-0.18196,-9.62708
1113,1113956,1.08697,-0.82600,-9.45231
1114,1114955,0.84755,-0.37110,-9.56484
1115,1115955,0.21069,-0.00718,-9.75637
1116,1116955,1.44131,-0.90501,-9.34936
1117,1117956,0.71108,-0.21548,-9.59835
1118,1118955,0.39265,-0.29688,-9.56962
1119,1119955,0.85234,-0.67756,-9.44991
1120,1120956,0.64165,-0.34716,-9.62469
1121,1121955,0.66080,-0.30167,-9.55287
1122,1122955,0.70150,-0.47645,-9.58638
1123,1123955,0.88346,-0.35674,-9.54329
1124,1124956,0.51236,-0.59616,-9.59835
1125,1125955,0.83558,-0.36152,-9.58160
1126,1126955,0.78290,-0.48363,-9.64384
1127,1127955,0.71347,-0.70150,-9.53371
1128,1128955,0.41899,-0.16759,-9.68215
1129,1129955,1.28329,-0.96007,-9.43794
1130,1130956,0.32801,0.08859,-9.68215
1131,1131955,0.73023,-0.36631,-9.50737
1132,1132955,1.42455,-0.84755,-9.35175
1133,1133955,0.32801,0.12689,-9.74919
1134,1134955,0.67277,-0.76136,-9.39724
1135,1135955,0.67995,-0.43335,-9.56484
1136,1136955,0.68714,-0.41899,-9.56005
1137,1137955,0.52672,-0.36631,-9.56962
1138,1138956,0.79248,-0.58419,-9.54568
1139,1139955,0.57700,-0.32801,-9.58399
1140,1140955,0.61770,-0.74460,-9.56005
1141,1141955,0.79727,-0.22745,-9.64624
1142,1142955,0.91937,-0.74939,-9.56484
1143,1143955,0.36152,-0.31843,-9.48104
1144,1144956,0.76614,-0.54588,-9.53850
1145,1145955,1.05105,-0.76375,-9.46907
1146,1146955,0.07422,0.25618,-9.72764
1147,1147955,1.26893,-0.82839,-9.38527
1148,1148955,0.90261,-0.51715,-9.48104
1149,1149955,0.33519,-0.11732,-9.69173
1150,1150955,0.82839,-0.74220,-9.40682
1151,1151955,0.65841,-0.28491,-9.62708
1152,1152955,0.70390,-0.33519,-9.51456
1153,1153956,0.56503,-0.50518,-9.55047
1154,1154955,0.93134,-0.51954,-9.55765
1155,1155955,0.46926,-0.55545,-9.62948
1156,1156955,0.80924,-0.55306,-9.54568
1157,1157955,0.80445,-0.45729,-9.58878
1158,1158955,0.78051,-0.74699,-9.52892
1159,1159956,0.25139,-0.16999,-9.76834
1160,1160955,1.22823,-0.95529,-9.45710
1161,1161955,0.46687,-0.05746,-9.59117
1162,1162955,0.42617,-0.16281,-9.58878
1163,1163955,1.47004,-0.92656,-9.29429
1164,1164955,0.45250,-0.00718,-9.65821
1165,1165955,0.58419,-0.58419,-9.44752
1166,1166955,0.81163,-0.52194,-9.54808
1167,1167955,0.65362,-0.37350,-9.65821
1168,1168955,0.64883,-0.41659,-9.55287
1169,1169956,0.77333,-0.57461,-9.53850
1170,1170955,0.71347,-0.32561,-9.52892
1171,1171955,0.55785,-0.70390,-9.61751
1172,1172955,0.84036,-0.31125,-9.66300
1173,1173955,0.86910,-0.65362,-9.61751
1174,1174956,0.53630,-0.46687,-9.52653
1175,1175955,0.61052,-0.29928,-9.61272
1176,1176955,1.20428,-0.96247,-9.39964
1177,1177955,0.13408,0.27294,-9.66060
1178,1178955,1.05824,-0.75178,-9.42118
1179,1179955,1.20907,-0.69671,-9.46189
1180,1180955,0.31603,0.01915,-9.65103
1181,1181955,0.77572,-0.81163,-9.39245
1182,1182956,0.70390,-0.31603,-9.60793
1183,1183955,0.67756,-0.42377,-9.51935
1184,1184955,0.54109,-0.48123,-9.60314
1185,1185955,0.89304,-0.55306,-9.57202
1186,1186956,0.52433,-0.41899,-9.50259
1187,1187955,0.75657,-0.61531,-9.47864
1188,1188956,0.74939,-0.30646,-9.58160
1189,1189955,0.84994,-0.77093,-9.50259
1190,1190955,0.19872,-0.08859,-9.56484
1191,1191956,1.13964,-0.88107,-9.39245
1192,1192955,0.66319,-0.22266,-9.54089
1193,1193955,0.33279,-0.11492,-9.56244
1194,1194955,1.45328,-0.92895,-9.32781
1195,1195956,0.58179,-0.16281,-9.63906
1196,1196955,0.43574,-0.39504,-9.54089
1197,1197955,0.83558,-0.56982,-9.52174
1198,1198956,0.62489,-0.37589,-9.63187
1199,1199955,0.62249,-0.37110,-9.44991
1200,1200955,0.74699,-0.53391,-9.46907
1201,1201956,0.81642,-0.29209,-9.56723
1202,1202955,0.53870,-0.65362,-9.61511
1203,1203955,0.88107,-0.29688,-9.56723
1204,1204955,0.83558,-0.52433,-9.53371
1205,1205956,0.60094,-0.54827,-9.44513
1206,1206955,0.41659,-0.26097,-9.60314
1207,1207955,1.20428,-0.95050,-9.38527
1208,1208955,0.18675,0.22027,-9.60793
1209,1209956,0.85712,-0.54109,-9.50019
1210,1210955,1.29047,-0.83318,-9.35654
1211,1211955,0.32561,0.07183,-9.69891
1212,1212955,0.70629,-0.77812,-9.39245
1213,1213955,0.75417,-0.41180,-9.62230
1214,1214955,0.71587,-0.38547,-9.59835
1215,1215955,0.52912,-0.42856,-9.53132
1216,1216955,0.84755,-0.57221,-9.46907
1217,1217955,0.52433,-0.38547,-9.54808
1218,1218955,0.64165,-0.70390,-9.55287
1219,1219955,0.73981,-0.21069,-9.62708
1220,1220956,0.91459,-0.78051,-9.53850
1221,1221955,0.22027,-0.27294,-9.59596
1222,1222955,1.00078,-0.72544,-9.45231
1223,1223955,0.88585,-0.47405,-9.48104
1224,1224956,0.15802,0.13647,-9.69412
1225,1225955,1.43652,-0.90740,-9.30626
1226,1226955,0.75178,-0.27054,-9.60793
1227,1227955,0.33040,-0.19632,-9.59117
1228,1228956,0.84994,-0.64883,-9.44034
1229,1229955,0.65841,-0.33279,-9.61511
1230,1230955,0.59616,-0.38068,-9.50737
1231,1231955,0.60094,-0.50757,-9.51935
1232,1232956,0.84036,-0.36631,-9.46189
1233,1233955,0.41659,-0.57461,-9.59357
1234,1234955,0.79966,-0.37350,-9.58399
1235,1235956,0.78290,-0.43814,-9.56723
1236,1236955,0.63925,-0.67277,-9.45231
1237,1237956,0.35434,-0.21308,-9.69412
1238,1238955,1.26414,-0.97923,-9.38048
1239,1239955,0.32801,0.05028,-9.63427
1240,1240955,0.74460,-0.41899,-9.57920
1241,1241956,1.43892,-0.93134,-9.33978
1242,1242955,0.32561,0.04310,-9.64624
1243,1243955,0.65841,-0.74699,-9.44273
1244,1244955,0.73263,-0.39744,-9.63906
1245,1245956,0.68235,-0.39025,-9.56962
1246,1246955,0.58179,-0.36631,-9.54808
1247,1247955,0.85952,-0.59376,-9.52892
1248,1248955,0.59855,-0.30885,-9.59835
1249,1249956,0.59376,-0.65362,-9.56244
1250,1250956,0.82839,-0.25618,-9.57441
1251,1251955,0.85473,-0.75657,-9.57920
1252,1252956,0.38547,-0.34237,-9.59596
1253,1253955,0.84515,-0.49081,-9.56244
1254,1254955,1.02232,-0.77333,-9.46667
1255,1255955,0.16041,0.16999,-9.76116
1256,1256955,1.38864,-0.80206,-9.30626
1257,1257956,0.91459,-0.50518,-9.46907
1258,1258955,0.33519,-0.17717,-9.69173
1259,1259956,0.81882,-0.74220,-9.47625
1260,1260955,0.59855,-0.34716,-9.58160
1261,1261955,0.65841,-0.40462,-9.50498
1262,1262955,0.53630,-0.52672,-9.52892
1263,1263956,0.91219,-0.43096,-9.48822
1264,1264955,0.49799,-0.56982,-9.54808
1265,1265955,0.76854,-0.41659,-9.53132
1266,1266955,0.78530,-0.40941,-9.63427
1267,1267956,0.74220,-0.73263,-9.56005
1268,1268955,0.22505,-0.07901,-9.66779
1269,1269955,1.29766,-1.00317,-9.37809
1270,1270955,0.49560,-0.01676,-9.64145
1271,1271956,0.47405,-0.20590,-9.63427
1272,1272955,1.48201,-0.83318,-9.27993
1273,1273956,0.41180,-0.01676,-9.67018
1274,1274955,0.49799,-0.55785,-9.41879
1275,1275955,0.76854,-0.52912,-9.51935
1276,1276955,0.64643,-0.37350,-9.56723
1277,1277956,0.61292,-0.34716,-9.50259
1278,1278955,0.78769,-0.58179,-9.60075
1279,1279955,0.72305,-0.33998,-9.55287
1280,1280955,0.54588,-0.68235,-9.51216
1281,1281955,0.85952,-0.30406,-9.55526
1282,1282955,0.81403,-0.67516,-9.65103
1283,1283956,0.51236,-0.46448,-9.56962
1284,1284955,0.51954,-0.38307,-9.52174
1285,1285955,1.16837,-0.88346,-9.41640
1286,1286955,0.13408,0.10056,-9.73004
1287,1287956,1.00796,-0.62249,-9.51935
1288,1288955,1.20907,-0.73741,-9.44513
1289,1289955,0.28012,0.05507,-9.68933
1290,1290955,0.76136,-0.82839,-9.44034
1291,1291955,0.65122,-0.32082,-9.67976
1292,1292955,0.60813,-0.39025,-9.54568
1293,1293955,0.61770,-0.43814,-9.49540
1294,1294955,0.95289,-0.60573,-9.48822
1295,1295955,0.54827,-0.34955,-9.55047
1296,1296955,0.72544,-0.67756,-9.60075
1297,1297956,0.77093,-0.24660,-9.66060
1298,1298955,0.88346,-0.72784,-9.53132
1299,1299955,0.22984,-0.12689,-9.61511
1300,1300955,1.08697,-0.76614,-9.39006
1301,1301955,0.86670,-0.33758,-9.45949
1302,1302955,0.12210,0.05267,-9.72046
1303,1303955,1.41976,-0.84036,-9.45470
1304,1304955,0.66798,-0.26576,-9.58878
1305,1305955,0.39025,-0.33040,-9.57681
1306,1306955,0.83318,-0.60334,-9.43316
1307,1307956,0.65362,-0.32082,-9.64624
1308,1308955,0.66080,-0.35434,-9.47625
1309,1309955,0.63207,-0.55306,-9.50259
1310,1310955,0.89783,-0.43574,-9.48822
1311,1311955,0.47166,-0.58419,-9.50737
1312,1312956,0.83318,-0.47645,-9.53132
1313,1313955,0.76614,-0.49799,-9.58399
1314,1314955,0.69432,-0.68474,-9.57920
1315,1315955,0.33040,-0.15802,-9.69412
1316,1316955,1.24977,-0.99838,-9.39485
1317,1317955,0.31843,0.12689,-9.63427
1318,1318955,0.60813,-0.28491,-9.52892
1319,1319955,1.41497,-0.92177,-9.33499
1320,1320955,0.33998,0.09577,-9.80426
1321,1321955,0.63446,-0.70390,-9.47146
1322,1322955,0.73981,-0.42617,-9.56005
1323,1323955,0.62968,-0.32801,-9.63187
1324,1324955,0.58419,-0.35195,-9.55287
1325,1325955,0.83558,-0.59855,-9.54089
1326,1326955,0.64883,-0.29928,-9.49301
1327,1327956,0.64165,-0.68235,-9.49301
1328,1328955,0.81163,-0.25379,-9.55287
1329,1329955,0.90980,-0.69432,-9.52413
1330,1330955,0.41659,-0.33758,-9.53850
1331,1331955,0.73981,-0.53870,-9.50737
1332,1332955,1.10373,-0.71108,-9.40203
1333,1333955,0.09816,0.22266,-9.69652
1334,1334955,1.24498,-0.85234,-9.38527
1335,1335956,0.94092,-0.56743,-9.50977
1336,1336955,0.27054,-0.03352,-9.69652
1337,1337955,0.82121,-0.70629,-9.38048
1338,1338955,0.68714,-0.27773,-9.55765
1339,1339955,0.70629,-0.35913,-9.50737
1340,1340955,0.62489,-0.50039,-9.58638
1341,1341955,0.95289,-0.43096,-9.52653
1342,1342955,0.48123,-0.53630,-9.57681
1343,1343955,0.79248,-0.47166,-9.50737
1344,1344955,0.77093,-0.37350,-9.63187
1345,1345956,0.81403,-0.73502,-9.55287
1346,1346955,0.27294,-0.17238,-9.57202
1347,1347955,1.19471,-0.97205,-9.42118
1348,1348955,0.53630,-0.15802,-9.63187
1349,1349955,0.41899,-0.18435,-9.60554
1350,1350955,1.49398,-0.99838,-9.28950
1351,1351955,0.50757,-0.01197,-9.66060
1352,1352955,0.54827,-0.51715,-9.50498
1353,1353955,0.79487,-0.48842,-9.52413
1354,1354956,0.63686,-0.39983,-9.54089
1355,1355955,0.57461,-0.42377,-9.51216
1356,1356955,0.78530,-0.58179,-9.50977
1357,1357955,0.78290,-0.35434,-9.57441
1358,1358955,0.51475,-0.66080,-9.57681
1359,1359955,0.82121,-0.31603,-9.57920
1360,1360955,0.84755,-0.64883,-9.57202
1361,1361955,0.50518,-0.49560,-9.51695
1362,1362955,0.55545,-0.32082,-9.65342
1363,1363955,1.20189,-1.01514,-9.42597
1364,1364955,0.14605,0.19872,-9.74679
1365,1365956,1.03669,-0.67277,-9.43076
1366,1366955,1.17076,-0.79248,-9.39485
1367,1367955,0.35195,0.03352,-9.72764
1368,1368955,0.80206,-0.79966,-9.38288
1369,1369955,0.68474,-0.36631,-9.61033
1370,1370955,0.64643,-0.42138,-9.56723
1371,1371956,0.52194,-0.36871,-9.58399
1372,1372955,0.91459,-0.53870,-9.48822
1373,1373955,0.55545,-0.34237,-9.57441
1374,1374955,0.73981,-0.66319,-9.54089
1375,1375955,0.77333,-0.24660,-9.59596
1376,1376955,0.87867,-0.76614,-9.51935
1377,1377955,0.18435,-0.15323,-9.61033
1378,1378955,1.00796,-0.78051,-9.39724
1379,1379955,0.76854,-0.42138,-9.54568
1380,1380956,0.23463,0.04549,-9.65821
1381,1381955,1.51792,-0.92416,-9.32781
1382,1382955,0.66080,-0.24660,-9.60554
1383,1383955,0.39744,-0.35674,-9.57920
1384,1384955,0.81882,-0.64883,-9.46907
1385,1385955,0.62968,-0.37110,-9.68215
1386,1386955,0.65601,-0.35913,-9.59117
1387,1387955,0.66559,-0.53630,-9.58160
1388,1388955,0.86431,-0.41659,-9.44991
1389,1389955,0.48842,-0.64643,-9.52174
1390,1390956,0.90261,-0.36631,-9.56962
1391,1391955,0.82839,-0.50757,-9.57441
1392,1392955,0.62968,-0.63207,-9.57202
1393,1393955,0.45969,-0.14126,-9.63906
1394,1394955,1.27132,-0.98402,-9.30866
1395,1395956,0.23703,0.11253,-9.63666
1396,1396955,0.77093,-0.39983,-9.51935
1397,1397955,1.40300,-0.89783,-9.35654
1398,1398956,0.36152,0.09098,-9.71806
1399,1399955,0.71347,-0.72784,-9.36612
1400,1400955,0.76375,-0.39744,-9.66779
1401,1401956,0.64165,-0.40941,-9.70131
1402,1402955,0.53151,-0.39744,-9.61751
1403,1403955,0.88585,-0.54588,-9.57202
1404,1404955,0.60334,-0.35913,-9.58399
1405,1405956,0.66080,-0.69911,-9.55287
1406,1406955,0.76375,-0.22984,-9.62230
1407,1407955,0.87867,-0.72544,-9.60314
1408,1408955,0.25379,-0.23224,-9.60314
1409,1409956,0.88585,-0.62249,-9.50498
1410,1410955,1.04627,-0.62010,-9.48822
1411,1411956,0.11732,0.10534,-9.72285
1412,1412955,1.34794,-0.88107,-9.36612
1413,1413956,0.84755,-0.43814,-9.48104
1414,1414955,0.36631,-0.16041,-9.61511
1415,1415955,0.84515,-0.73741,-9.51456
1416,1416955,0.64643,-0.28970,-9.67497
1417,1417956,0.68235,-0.38547,-9.57441
1418,1418955,0.56503,-0.50757,-9.54329
1419,1419956,0.91937,-0.40941,-9.45710
1420,1420955,0.41659,-0.57700,-9.53611
1421,1421955,0.77572,-0.41899,-9.53371
1422,1422955,0.82361,-0.43096,-9.65103
1423,1423956,0.74939,-0.65362,-9.54089
1424,1424955,0.27294,-0.11971,-9.67018
1425,1425955,1.29047,-1.01275,-9.38766
1426,1426956,0.49321,-0.07901,-9.61751
1427,1427955,0.53870,-0.23224,-9.63187
1428,1428955,1.50356,-0.93613,-9.37330
1429,1429955,0.43096,0.03831,-9.67257
1430,1430956,0.55306,-0.62010,-9.46428
1431,1431955,0.81403,-0.45250,-9.56244
1432,1432956,0.70150,-0.35434,-9.67497
1433,1433955,0.58419,-0.37589,-9.57202
1434,1434955,0.75417,-0.60573,-9.57681
1435,1435955,0.65122,-0.31603,-9.59596
1436,1436956,0.55785,-0.69671,-9.55765
1437,1437955,0.78051,-0.27773,-9.57681
1438,1438955,0.88585,-0.61292,-9.57681
1439,1439955,0.46926,-0.39025,-9.53371
1440,1440955,0.60813,-0.40462,-9.62708
1441,1441955,1.22583,-0.84276,-9.37569
1442,1442955,0.14126,0.20111,-9.65582
1443,1443955,1.14922,-0.64165,-9.42597
1444,1444956,1.13964,-0.67277,-9.49301
1445,1445955,0.31603,0.04549,-9.68455
1446,1446956,0.73502,-0.77812,-9.40921
1447,1447955,0.61770,-0.39265,-9.62948
1448,1448955,0.63207,-0.41180,-9.46189
1449,1449955,0.54348,-0.49799,-9.51935
1450,1450955,0.91698,-0.58658,-9.52653
1451,1451955,0.54588,-0.43335,-9.55047
1452,1452955,0.78051,-0.59616,-9.55526
1453,1453956,0.76375,-0.27533,-9.69412
1454,1454955,0.83558,-0.74220,-9.53132
1455,1455955,0.28012,-0.14605,-9.54568
1456,1456955,1.12288,-0.72544,-9.44513
1457,1457956,0.73741,-0.38786,-9.56244
1458,1458955,0.19393,0.06943,-9.60314
1459,1459956,1.45807,-0.88346,-9.34457
1460,1460955,0.68235,-0.24660,-9.64384
1461,1461955,0.45011,-0.32322,-9.57681
1462,1462955,0.85952,-0.61531,-9.48583
1463,1463956,0.66080,-0.39983,-9.65342
1464,1464955,0.61770,-0.39025,-9.57202
1465,1465956,0.63925,-0.54109,-9.57920
1466,1466955,0.88585,-0.41180,-9.49780
1467,1467955,0.46687,-0.65122,-9.53611
1468,1468956,0.85473,-0.37589,-9.57681
1469,1469955,0.71108,-0.47645,-9.63427
1470,1470955,0.63207,-0.63446,-9.50019
1471,1471956,0.41659,-0.15083,-9.61511
1472,1472955,1.30963,-0.99599,-9.40682
1473,1473955,0.26097,0.18914,-9.72525
1474,1474956,0.73263,-0.40223,-9.53611
1475,1475955,1.45807,-0.87149,-9.35654
1476,1476955,0.34955,0.12929,-9.73004
1477,1477956,0.66080,-0.69671,-9.39724
1478,1478955,0.75178,-0.37110,-9.57441
1479,1479956,0.68235,-0.38307,-9.54329
1480,1480955,0.55785,-0.36152,-9.56244
1481,1481955,0.90501,-0.56743,-9.47625
1482,1482956,0.61052,-0.37350,-9.52413
1483,1483955,0.56982,-0.68953,-9.51695
1484,1484955,0.83558,-0.19872,-9.60554
1485,1485955,0.89783,-0.70868,-9.54808
1486,1486956,0.33519,-0.28252,-9.62708
1487,1487955,0.80685,-0.58897,-9.53132
1488,1488955,1.04387,-0.71587,-9.41400
1489,1489955,0.11971,0.09816,-9.66779
1490,1490955,1.33118,-0.85234,-9.39964
1491,1491955,0.87388,-0.50278,-9.52892
1492,1492955,0.33998,-0.11013,-9.63427
1493,1493956,0.85234,-0.79248,-9.39485
1494,1494955,0.65122,-0.38307,-9.58878
1495,1495956,0.65841,-0.40941,-9.56484
1496,1496955,0.58179,-0.50039,-9.63906
1497,1497956,0.90022,-0.51954,-9.53611
1498,1498955,0.43814,-0.49081,-9.56244
1499,1499955,0.79727,-0.55067,-9.55765
1500,1500955,0.79248,-0.40462,-9.58878
1501,1501955,0.82361,-0.79966,-9.49062
1502,1502955,0.28252,-0.11253,-9.73004
1503,1503955,1.26174,-0.97923,-9.44991
1504,1504955,0.54827,-0.06943,-9.62948
1505,1505955,0.45250,-0.22505,-9.60075
1506,1506955,1.48201,-0.94571,-9.33020
1507,1507955,0.42856,0.00958,-9.65342
1508,1508955,0.49799,-0.48842,-9.49301
1509,1509956,0.85473,-0.54109,-9.46907
1510,1510955,0.71347,-0.38786,-9.59596
1511,1511955,0.58419,-0.38307,-9.52174
1512,1512955,0.72065,-0.57700,-9.55287
1513,1513955,0.69192,-0.25857,-9.55526
1514,1514955,0.51236,-0.74699,-9.53132
1515,1515955,0.83079,-0.27773,-9.63906
1516,1516955,0.84994,-0.64404,-9.62708
1517,1517955,0.49799,-0.47884,-9.54089
1518,1518955,0.57221,-0.32082,-9.58638
1519,1519955,1.15161,-0.92177,-9.36133
1520,1520955,0.12210,0.19872,-9.67497
1521,1521955,1.09415,-0.61770,-9.44752
1522,1522955,1.17795,-0.76614,-9.43076
1523,1523955,0.30406,0.11013,-9.65821
1524,1524955,0.79727,-0.79966,-9.38288
1525,1525955,0.66080,-0.32561,-9.66300
1526,1526955,0.71587,-0.42138,-9.62230
1527,1527955,0.57700,-0.50518,-9.58160
1528,1528955,0.92177,-0.56264,-9.53132
1529,1529955,0.57461,-0.44293,-9.56244
1530,1530955,0.73981,-0.59376,-9.55526
1531,1531955,0.80924,-0.31364,-9.64384
1532,1532955,0.91937,-0.73023,-9.57681
1533,1533955,0.22266,-0.09577,-9.61033
1534,1534955,1.13246,-0.82361,-9.40682
1535,1535955,0.83318,-0.32082,-9.54568
1536,1536955,0.22266,-0.01676,-9.67976
1537,1537955,1.45089,-0.88346,-9.28471
1538,1538955,0.63686,-0.23703,-9.57441
1539,1539955,0.39983,-0.27294,-9.56005
1540,1540955,0.84515,-0.61052,-9.41879
1541,1541956,0.61770,-0.34955,-9.61751
1542,1542955,0.66559,-0.41659,-9.52892
1543,1543955,0.64643,-0.50757,-9.47864
1544,1544955,0.86191,-0.36871,-9.40203
1545,1545955,0.43574,-0.62968,-9.49301
1546,1546955,0.85952,-0.33279,-9.56723
1547,1547956,0.82361,-0.48363,-9.58399
1548,1548955,0.67995,-0.63686,-9.54089
1549,1549955,0.36152,-0.19393,-9.63427
1550,1550955,1.31442,-0.99359,-9.36612
1551,1551955,0.30885,0.08859,-9.65103
1552,1552955,0.63925,-0.36152,-9.50977
1553,1553955,1.41018,-0.91937,-9.24162
1554,1554956,0.32801,0.06943,-9.73722
1555,1555955,0.57940,-0.61770,-9.44513
1556,1556955,0.70390,-0.34237,-9.56005
1557,1557955,0.63446,-0.37828,-9.56723
1558,1558955,0.60094,-0.37110,-9.51216
1559,1559955,0.87867,-0.62010,-9.51456
1560,1560955,0.65841,-0.31364,-9.52174
1561,1561956,0.59137,-0.72305,-9.56723
1562,1562955,0.82839,-0.24660,-9.60075
1563,1563955,0.84994,-0.74460,-9.59117
1564,1564955,0.84994,-0.74460,-9.59117
1565,1565956,0.41899,-0.32561,-9.52174
1566,1566955,0.71108,-0.50996,-9.54808
1567,1567956,1.11091,-0.76854,-9.44991
1568,1568955,0.02155,0.13408,-9.68694
1569,1569955,1.23301,-0.76614,-9.32781
1570,1570955,1.01035,-0.62728,-9.48104
1571,1571955,0.24421,-0.02155,-9.66779
1572,1572955,0.81403,-0.74460,-9.31105
1573,1573956,0.65841,-0.31364,-9.61751
1574,1574955,0.72305,-0.38786,-9.50019
1575,1575956,0.60813,-0.39744,-9.49540
1576,1576955,0.92416,-0.53870,-9.48583
1577,1577955,0.52194,-0.46926,-9.59357
1578,1578956,0.75178,-0.62968,-9.52413
1579,1579955,0.78290,-0.39025,-9.61033
1580,1580955,0.83318,-0.72784,-9.56484
1581,1581956,0.18675,-0.23224,-9.65103
1582,1582955,1.09894,-0.80445,-9.37809
1583,1583955,0.79009,-0.34477,-9.51216
1584,1584955,0.23942,-0.06704,-9.66539
1585,1585956,1.44370,-0.91937,-9.32302
1586,1586955,0.64404,-0.25139,-9.60075
1587,1587955,0.35913,-0.35913,-9.54568
1588,1588955,0.80924,-0.59855,-9.46667
1589,1589956,0.69911,-0.31364,-9.64384
1590,1590955,0.67756,-0.39265,-9.46667
1591,1591955,0.64165,-0.50757,-9.53850
1592,1592956,0.87867,-0.37828,-9.55287
1593,1593955,0.46926,-0.62249,-9.56244
1594,1594955,0.90501,-0.37828,-9.48583
1595,1595955,0.77093,-0.47884,-9.62708
1596,1596955,0.70629,-0.62968,-9.49540
1597,1597955,0.36392,-0.13408,-9.64863
1598,1598955,1.28329,-0.98402,-9.44034
1599,1599955,0.34955,0.08380,-9.71088
1600,1600955,0.63686,-0.34237,-9.64145
1601,1601956,1.39821,-0.85234,-9.33978
1602,1602955,0.30406,0.02155,-9.66779
1603,1603955,0.63446,-0.73981,-9.42837
1604,1604955,0.76854,-0.45011,-9.53132
1605,1605955,0.67756,-0.39025,-9.58160
1606,1606955,0.58179,-0.36871,-9.57920
1607,1607956,0.81642,-0.59616,-9.52174
1608,1608955,0.68235,-0.28491,-9.53371
1609,1609956,0.58179,-0.79009,-9.57681
1610,1610955,0.79966,-0.25139,-9.55526
1611,1611955,0.78290,-0.63925,-9.54808
1612,1612955,0.39983,-0.34477,-9.60314
1613,1613956,0.63207,-0.44532,-9.59117
1614,1614955,1.16358,-0.82361,-9.41879
1615,1615956,0.11971,0.13886,-9.68215
1616,1616955,1.06303,-0.65841,-9.35175
1617,1617955,1.09176,-0.68953,-9.44513
1618,1618955,0.29928,-0.04070,-9.69652
1619,1619956,0.76614,-0.78530,-9.41640
1620,1620955,0.66319,-0.34237,-9.67497
1621,1621955,0.71108,-0.39025,-9.61511
1622,1622956,0.51954,-0.36631,-9.53850
1623,1623955,0.86431,-0.54588,-9.47625
1624,1624955,0.50039,-0.41180,-9.55526
1625,1625955,0.71587,-0.67038,-9.50498
1626,1626956,0.75896,-0.34477,-9.59835
1627,1627955,0.88346,-0.75178,-9.56005
1628,1628956,0.30646,-0.20590,-9.62948
1629,1629955,0.99599,-0.67277,-9.43794
1630,1630956,0.86431,-0.49321,-9.42837
1631,1631955,0.14365,0.13408,-9.67976
1632,1632955,1.41976,-0.88107,-9.31344
1633,1633955,0.75178,-0.34477,-9.59596
1634,1634956,0.33758,-0.23942,-9.64624
1635,1635955,0.84276,-0.67995,-9.45710
1636,1636956,0.67038,-0.29688,-9.64863
1637,1637955,0.64404,-0.39265,-9.55047
1638,1638955,0.57940,-0.53151,-9.54089
1639,1639955,0.89064,-0.50757,-9.54568
1640,1640955,0.45969,-0.59616,-9.55047
1641,1641955,0.83318,-0.45969,-9.54089
1642,1642955,0.67516,-0.43574,-9.58878
1643,1643955,0.72784,-0.69432,-9.49301
1644,1644955,0.22984,-0.04310,-9.70370
1645,1645956,1.25935,-0.99599,-9.43316
1646,1646955,0.48602,-0.03591,-9.60793
1647,1647956,0.50518,-0.23224,-9.58399
1648,1648955,1.53947,-0.89783,-9.31584
1649,1649956,0.50278,-0.05507,-9.63187
1650,1650956,0.55067,-0.56982,-9.47146
1651,1651955,0.72544,-0.45490,-9.48583
1652,1652955,0.60573,-0.34716,-9.59357
1653,1653956,0.56743,-0.33998,-9.54089
1654,1654955,0.75178,-0.58179,-9.51456
1655,1655955,0.80924,-0.32082,-9.48343
1656,1656955,0.50757,-0.64165,-9.60314
1657,1657956,0.80206,-0.28491,-9.63187
1658,1658955,0.83079,-0.56982,-9.61272
1659,1659955,0.50278,-0.45250,-9.59596
1660,1660955,0.54109,-0.26815,-9.64145
1661,1661956,1.24259,-0.89543,-9.48104
1662,1662955,0.16999,0.13168,-9.70131
1663,1663956,0.92416,-0.58658,-9.50498
1664,1664955,1.22104,-0.81403,-9.41879
1665,1665955,0.23463,0.04549,-9.70131
1666,1666955,0.72305,-0.75657,-9.49062
1667,1667956,0.73502,-0.34477,-9.61272
1668,1668955,0.64643,-0.42138,-9.60314
1669,1669955,0.56503,-0.36631,-9.54089
1670,1670955,0.84515,-0.59616,-9.52413
1671,1671956,0.52433,-0.31125,-9.55526
1672,1672955,0.67038,-0.72065,-9.51216
1673,1673956,0.80924,-0.28252,-9.63187
1674,1674955,0.88107,-0.73263,-9.59357
1675,1675955,0.29688,-0.28252,-9.59357
1676,1676955,0.86431,-0.66559,-9.50259
1677,1677955,0.96965,-0.56024,-9.43076
1678,1678955,0.09337,0.18914,-9.59596
1679,1679956,1.35272,-0.76614,-9.31105
1680,1680955,0.83318,-0.40701,-9.53611
1681,1681956,0.36871,-0.05507,-9.66539
1682,1682955,0.81882,-0.65841,-9.50019
1683,1683955,0.62010,-0.35195,-9.62708
1684,1684955,0.66080,-0.40223,-9.48583
1685,1685955,0.57700,-0.49321,-9.49301
1686,1686955,0.98162,-0.46926,-9.51695
1687,1687956,0.50039,-0.51715,-9.53371
1688,1688955,0.80924,-0.48123,-9.49062
1689,1689956,0.76854,-0.41180,-9.60075
1690,1690955,0.77572,-0.75417,-9.50498
1691,1691955,0.20830,-0.16759,-9.60314
1692,1692955,1.26653,-0.87867,-9.42837
1693,1693955,0.58179,-0.14126,-9.58160
1694,1694956,0.38786,-0.15562,-9.59357
1695,1695955,1.48201,-0.95050,-9.31105
1696,1696955,0.45490,-0.09577,-9.67018
1697,1697956,0.47405,-0.46448,-9.53132
1698,1698955,0.80445,-0.45011,-9.45949
1699,1699955,0.63686,-0.37589,-9.58399
1700,1700955,0.63446,-0.36631,-9.50498
1701,1701955,0.77093,-0.60334,-9.48583
1702,1702955,0.87628,-0.33279,-9.53850
1703,1703955,0.56024,-0.72784,-9.56723
1704,1704955,0.84994,-0.30167,-9.55287
1705,1705956,0.79727,-0.55785,-9.63427
1706,1706955,0.57221,-0.60813,-9.51456
1707,1707955,0.40941,-0.25139,-9.56723
1708,1708955,1.28090,-1.04148,-9.36851
1709,1709955,0.23463,0.24660,-9.73243
1710,1710955,0.86431,-0.46926,-9.49780
1711,1711955,1.30484,-0.77812,-9.38288
1712,1712955,0.26576,0.04788,-9.67976
1713,1713955,0.72544,-0.81642,-9.37091
1714,1714955,0.71826,-0.37110,-9.55047
1715,1715955,0.71587,-0.45011,-9.57681
1716,1716955,0.58658,-0.33998,-9.59117
1717,1717955,0.91459,-0.61292,-9.53611
1718,1718955,0.64404,-0.32322,-9.55287
1719,1719955,0.64883,-0.73263,-9.60075
1720,1720955,0.82600,-0.26815,-9.61272
1721,1721955,0.93374,-0.70868,-9.56962
1722,1722955,0.38786,-0.23942,-9.57441
1723,1723955,0.86431,-0.66319,-9.56005
1724,1724955,1.06303,-0.62968,-9.46428
1725,1725956,0.09098,0.11013,-9.67018
1726,1726955,1.29047,-0.70868,-9.33020
1727,1727955,0.87628,-0.53870,-9.44752
1728,1728955,0.27294,-0.11732,-9.61511
1729,1729955,0.89783,-0.71587,-9.43076
1730,1730955,0.67038,-0.31364,-9.62948
1731,1731955,0.68235,-0.44053,-9.58878
1732,1732955,0.62249,-0.48363,-9.52892
1733,1733955,0.93613,-0.56503,-9.50019
1734,1734955,0.51475,-0.50996,-9.57920
1735,1735955,0.81403,-0.51236,-9.51216
1736,1736955,0.72784,-0.34955,-9.61033
1737,1737956,0.78290,-0.74220,-9.54329
1738,1738955,0.22027,-0.20351,-9.60075
1739,1739955,1.14682,-0.85952,-9.40682
1740,1740955,0.73741,-0.33519,-9.50977
1741,1741955,0.23463,-0.01915,-9.63187
1742,1742955,1.51553,-0.92656,-9.33260
1743,1743955,0.65122,-0.18675,-9.67736
1744,1744955,0.46448,-0.39983,-9.57681
1745,1745955,0.88825,-0.56024,-9.47625
1746,1746955,0.66559,-0.33998,-9.58878
1747,1747955,0.67756,-0.41899,-9.55526
1748,1748955,0.64165,-0.51715,-9.57202
1749,1749955,0.82600,-0.41899,-9.51935
1750,1750955,0.46208,-0.66080,-9.60075
1751,1751955,0.82839,-0.44532,-9.55047
1752,1752955,0.74939,-0.47645,-9.63906
1753,1753955,0.70868,-0.68714,-9.53611
1754,1754955,0.32801,-0.18914,-9.63187
1755,1755956,1.27372,-1.01035,-9.36851
1756,1756955,0.31125,0.11971,-9.62708
1757,1757955,0.67038,-0.39265,-9.55047
1758,1758955,1.45807,-0.80445,-9.38048
1759,1759955,0.33758,0.11253,-9.70849
1760,1760955,0.66798,-0.68953,-9.42837
1761,1761955,0.77093,-0.39265,-9.58878
1762,1762955,0.69911,-0.41180,-9.62948
1763,1763955,0.61292,-0.36631,-9.56484
1764,1764955,0.85712,-0.62968,-9.48104
1765,1765956,0.59855,-0.31843,-9.51935
1766,1766955,0.58179,-0.77333,-9.50977
1767,1767955,0.77093,-0.29928,-9.67976
1768,1768955,0.79727,-0.68235,-9.66300
1769,1769955,0.40941,-0.42138,-9.60554
1770,1770955,0.63207,-0.43814,-9.61990
1771,1771955,1.11330,-0.83558,-9.39964
1772,1772955,0.05746,0.27294,-9.71567
1773,1773955,1.13964,-0.67516,-9.48822
1774,1774955,1.09176,-0.61052,-9.54808
1775,1775955,0.30167,0.05507,-9.71088
1776,1776955,0.77572,-0.75657,-9.37091
1777,1777955,0.66798,-0.30885,-9.54329
1778,1778955,0.63686,-0.38786,-9.51935
1779,1779955,0.49799,-0.48602,-9.49780
1780,1780955,0.86670,-0.56503,-9.53371
1781,1781955,0.45969,-0.43574,-9.62230
1782,1782955,0.78051,-0.59376,-9.56484
1783,1783955,0.79727,-0.32082,-9.62708
1784,1784956,0.85234,-0.74220,-9.54568
1785,1785955,0.18435,-0.11013,-9.62469
1786,1786955,1.17076,-0.85712,-9.39964
1787,1787955,0.71347,-0.25618,-9.55526
1788,1788955,0.27773,-0.10774,-9.66300
1789,1789955,1.47962,-0.96247,-9.37809
1790,1790956,0.56264,-0.16759,-9.67736
1791,1791955,0.39983,-0.35674,-9.47864
1792,1792955,0.75178,-0.56982,-9.49301
1793,1793955,0.60094,-0.33040,-9.67736
1794,1794955,0.58658,-0.36871,-9.55765
1795,1795955,0.69911,-0.52194,-9.54089
1796,1796955,0.81163,-0.37589,-9.52653
1797,1797955,0.49799,-0.63925,-9.55526
1798,1798955,0.87149,-0.34477,-9.59596
1799,1799955,0.79248,-0.55785,-9.64384
1800,1800955,0.63686,-0.56982,-9.51216
1801,1801955,0.41659,-0.25618,-9.57202
1802,1802955,1.24977,-0.97683,-9.37809
1803,1803955,0.22505,0.17717,-9.69412
1804,1804955,0.84036,-0.43814,-9.48822
1805,1805955,1.36469,-0.83797,-9.29669
1806,1806955,0.25139,0.08619,-9.62469
1807,1807955,0.62728,-0.75657,-9.43076
1808,1808955,0.68953,-0.32561,-9.61990
1809,1809956,0.67516,-0.39025,-9.60793
1810,1810955,0.55306,-0.35913,-9.56723
1811,1811955,0.88825,-0.57461,-9.56244
1812,1812955,0.58897,-0.32082,-9.50498
1813,1813956,0.68953,-0.70629,-9.54329
1814,1814955,0.87628,-0.22984,-9.56005
1815,1815955,0.90501,-0.69671,-9.54329
1816,1816955,0.30406,-0.25857,-9.58638
1817,1817956,0.91459,-0.59855,-9.48104
1818,1818955,0.99838,-0.63207,-9.47386
1819,1819955,0.20111,0.15323,-9.71088
1820,1820955,1.42455,-0.81163,-9.39485
1821,1821956,0.87867,-0.46448,-9.56484
1822,1822955,0.34477,-0.14605,-9.57920
1823,1823955,0.84994,-0.68235,-9.44991
1824,1824955,0.64165,-0.33998,-9.70609
1825,1825956,0.63686,-0.36631,-9.52892
1826,1826955,0.56503,-0.48842,-9.57681
1827,1827955,0.92177,-0.46448,-9.54089
1828,1828956,0.45969,-0.50039,-9.61033
1829,1829955,0.79487,-0.52194,-9.56484
1830,1830955,0.74460,-0.33279,-9.58160
1831,1831955,0.82361,-0.76375,-9.50977
1832,1832956,0.28730,-0.08619,-9.65821
1833,1833955,1.22583,-1.01514,-9.34936
1834,1834956,0.46687,0.00479,-9.49540
1835,1835955,0.51236,-0.33758,-9.59117
1836,1836956,1.54426,-0.97683,-9.37809
1837,1837955,0.43814,-0.05986,-9.69652
1838,1838955,0.58419,-0.66798,-9.43794
1839,1839956,0.81163,-0.51236,-9.54568
1840,1840955,0.70390,-0.36871,-9.59117
1841,1841955,0.62010,-0.37589,-9.40442
1842,1842956,0.85473,-0.63686,-9.48583
1843,1843955,0.77572,-0.35913,-9.58878
1844,1844955,0.53870,-0.73981,-9.56244
1845,1845956,0.85952,-0.31125,-9.52653
1846,1846955,0.87867,-0.65601,-9.54808
1847,1847955,0.45729,-0.43814,-9.58878
1848,1848956,0.65362,-0.44532,-9.57920
1849,1849955,1.15879,-0.73263,-9.36372
1850,1850955,0.08380,0.24181,-9.71088
1851,1851956,1.08697,-0.63925,-9.43794
1852,1852955,1.08218,-0.67995,-9.43794
1853,1853955,0.25618,0.06225,-9.69891
1854,1854955,0.71826,-0.80445,-9.41879
1855,1855956,0.66080,-0.31843,-9.68455
1856,1856955,0.65841,-0.40941,-9.60554
1857,1857955,0.57940,-0.40223,-9.55287
1858,1858955,0.92416,-0.56982,-9.46428
1859,1859956,0.49081,-0.43574,-9.59835
1860,1860955,0.69432,-0.65122,-9.57202
1861,1861956,0.77333,-0.29688,-9.59596
1862,1862955,0.87149,-0.77333,-9.44752
1863,1863956,0.22266,-0.16281,-9.58399
1864,1864955,1.14922,-0.82361,-9.40682
1865,1865955,0.73981,-0.25618,-9.50498
1866,1866955,0.29449,-0.04310,-9.66060
1867,1867956,1.49159,-0.91937,-9.31344
1868,1868955,0.55306,-0.17957,-9.59357
1869,1869956,0.38068,-0.37350,-9.48822
1870,1870955,0.77572,-0.59137,-9.44034
1871,1871955,0.64883,-0.33519,-9.61511
1872,1872955,0.59137,-0.35913,-9.47625
1873,1873956,0.67277,-0.53391,-9.52653
1874,1874955,0.87388,-0.33040,-9.51695
1875,1875956,0.54348,-0.59376,-9.58399
1876,1876955,0.87628,-0.40223,-9.56723
1877,1877955,0.82600,-0.52912,-9.64624
1878,1878955,0.62249,-0.65362,-9.53132
1879,1879956,0.46448,-0.16759,-9.57441
1880,1880955,1.27132,-1.06781,-9.33499
1881,1881955,0.27773,0.18435,-9.58638
1882,1882956,0.85473,-0.46208,-9.54568
1883,1883955,1.37427,-0.82839,-9.40921
1884,1884955,0.28491,0.10056,-9.74201
1885,1885955,0.71108,-0.72305,-9.43794
1886,1886956,0.73502,-0.38547,-9.65821
1887,1887955,0.71826,-0.35674,-9.56005
1888,1888955,0.61052,-0.37110,-9.55287
1889,1889955,0.87628,-0.64165,-9.58878
1890,1890956,0.56264,-0.37828,-9.57681
1891,1891955,0.62489,-0.73023,-9.57202
1892,1892955,0.80206,-0.22745,-9.58160
1893,1893955,0.96726,-0.81882,-9.53850
1894,1894956,0.28970,-0.16999,-9.61033
1895,1895955,0.93853,-0.69671,-9.49540
1896,1896955,0.93134,-0.53391,-9.41879
1897,1897955,0.16281,0.05028,-9.71567
1898,1898956,1.44131,-0.82121,-9.40203
1899,1899955,0.75896,-0.37589,-9.57202
1900,1900955,0.38786,-0.15323,-9.63187
1901,1901956,0.83797,-0.71587,-9.41879
1902,1902955,0.63446,-0.35674,-9.63187
1903,1903955,0.63446,-0.38068,-9.53132
1904,1904955,0.61770,-0.52672,-9.51456
1905,1905956,0.87388,-0.42856,-9.48343
1906,1906955,0.44053,-0.55785,-9.60075
1907,1907956,0.78290,-0.43574,-9.58878
1908,1908955,0.76136,-0.46208,-9.60554
1909,1909955,0.70629,-0.67516,-9.52653
1910,1910955,0.33998,-0.19393,-9.59357
1911,1911956,1.31202,-0.93613,-9.33020
1912,1912955,0.39025,-0.05507,-9.66779
1913,1913955,0.65841,-0.31603,-9.59357
1914,1914955,1.50835,-0.90022,-9.24401
1915,1915956,0.39983,0.10534,-9.68455
1916,1916955,0.62489,-0.64165,-9.46428
1917,1917955,0.79009,-0.41899,-9.60793
1918,1918955,0.64404,-0.36631,-9.59835
1919,1919955,0.55306,-0.34716,-9.51935
1920,1920955,0.81642,-0.62968,-9.48583
1921,1921955,0.66319,-0.33998,-9.49780
1922,1922955,0.65362,-0.73023,-9.57202
1923,1923955,0.88107,-0.24660,-9.54568
1924,1924955,0.84276,-0.72065,-9.50737
1925,1925955,0.33519,-0.36152,-9.66539
1926,1926955,0.76614,-0.53630,-9.56723
1927,1927955,1.09176,-0.73502,-9.40442
1928,1928955,0.11492,0.13886,-9.59357
1929,1929956,1.26653,-0.74939,-9.33020
1930,1930955,0.95768,-0.52672,-9.45470
1931,1931955,0.28491,-0.00958,-9.62230
1932,1932955,0.80206,-0.79727,-9.42597
1933,1933955,0.61292,-0.34955,-9.66060
1934,1934955,0.62489,-0.42138,-9.51695
1935,1935955,0.59376,-0.43574,-9.48583
1936,1936956,0.90261,-0.51715,-9.48583
1937,1937955,0.45011,-0.45250,-9.66300
1938,1938955,0.79009,-0.62489,-9.59596
1939,1939955,0.73502,-0.31843,-9.63427
1940,1940955,0.86670,-0.78530,-9.60075
1941,1941955,0.22505,-0.11492,-9.60793
1942,1942955,1.20428,-0.86431,-9.41879
1943,1943955,0.69432,-0.21069,-9.60314
1944,1944955,0.30406,-0.05028,-9.60075
1945,1945955,1.54187,-0.90261,-9.26077
1946,1946955,0.57461,-0.14126,-9.64145
1947,1947955,0.52194,-0.51236,-9.57920
1948,1948955,0.86670,-0.49799,-9.54329
1949,1949955,0.66798,-0.37110,-9.61272
1950,1950955,0.57700,-0.36152,-9.49780
1951,1951955,0.70868,-0.53391,-9.59117
1952,1952955,0.82121,-0.33279,-9.56723
1953,1953955,0.51236,-0.73023,-9.52413
1954,1954955,0.91219,-0.33040,-9.53132
1955,1955955,0.83318,-0.59855,-9.63666
1956,1956955,0.52194,-0.59855,-9.51935
1957,1957955,0.45969,-0.25857,-9.63427
1958,1958955,1.27611,-0.96486,-9.36612
1959,1959955,0.24181,0.17717,-9.63666
1960,1960955,0.84755,-0.52433,-9.43794
1961,1961955,1.28808,-0.77333,-9.40203
1962,1962955,0.29209,0.05507,-9.75877
1963,1963955,0.69192,-0.70629,-9.41640
1964,1964955,0.74220,-0.33040,-9.58878
1965,1965955,0.69911,-0.42138,-9.50498
1966,1966955,0.59616,-0.39025,-9.51935
1967,1967955,0.88825,-0.57940,-9.57681
1968,1968955,0.58658,-0.35434,-9.58399
1969,1969955,0.66080,-0.68235,-9.53611
1970,1970956,0.75417,-0.27294,-9.61033
1971,1971955,0.86431,-0.71347,-9.59596
1972,1972955,0.31364,-0.26097,-9.66539
1973,1973955,0.86191,-0.61292,-9.49540
1974,1974955,0.96247,-0.56982,-9.44513
1975,1975955,0.09577,0.09816,-9.62948
1976,1976955,1.40061,-0.84036,-9.36851
1977,1977956,0.85712,-0.44053,-9.55526
1978,1978955,0.35195,-0.18196,-9.67497
1979,1979955,0.85952,-0.77093,-9.44034
1980,1980955,0.63686,-0.36152,-9.62230
1981,1981955,0.67516,-0.40941,-9.59596
1982,1982955,0.57221,-0.49081,-9.63906
1983,1983955,0.88585,-0.47405,-9.54329
1984,1984955,0.43574,-0.55067,-9.56723
1985,1985955,0.79727,-0.51954,-9.51216
1986,1986955,0.73502,-0.39983,-9.56005
1987,1987956,0.77812,-0.67995,-9.53132
1988,1988955,0.26815,-0.06225,-9.67976
1989,1989955,1.24977,-0.93853,-9.41161
1990,1990955,0.51954,-0.07661,-9.60554
1991,1991956,0.38307,-0.21548,-9.60793
1992,1992955,1.46525,-0.93374,-9.33978
1993,1993955,0.45011,-0.02155,-9.70609
1994,1994955,0.53870,-0.56982,-9.49301
1995,1995955,0.80924,-0.49560,-9.50977
1996,1996956,0.66559,-0.40701,-9.56005
1997,1997955,0.61052,-0.35434,-9.46428
1998,1998955,0.73502,-0.63446,-9.45949
1999,1999955,0.74460,-0.33758,-9.50737
2000,2000955,0.52433,-0.77333,-9.54089
2001,2001955,0.83797,-0.32082,-9.57202
2002,2002955,0.86191,-0.62968,-9.66060
2003,2003955,0.59855,-0.54588,-9.51695
2004,2004955,0.45490,-0.28491,-9.57920
2005,2005956,1.20907,-0.99120,-9.36612
2006,2006955,0.13886,0.24421,-9.67497
2007,2007955,0.90740,-0.55067,-9.37569
2008,2008955,1.25696,-0.76614,-9.36372
2009,2009955,0.24900,0.09577,-9.66539
2010,2010955,0.71826,-0.72065,-9.36133
2011,2011956,0.66080,-0.34716,-9.58638
2012,2012955,0.67038,-0.39504,-9.59117
2013,2013955,0.55545,-0.39983,-9.58638
2014,2014955,0.87867,-0.57700,-9.49062
2015,2015955,0.56264,-0.36392,-9.54329
2016,2016955,0.71826,-0.65601,-9.56723
2017,2017955,0.82121,-0.29688,-9.61033
2018,2018955,0.90740,-0.73263,-9.56484
2019,2019955,0.33998,-0.25379,-9.62708
2020,2020955,0.93853,-0.58658,-9.56484
2021,2021956,0.93613,-0.55785,-9.45949
2022,2022955,0.13886,0.07661,-9.63906
2023,2023956,1.48441,-0.83318,-9.34696
2024,2024955,0.86910,-0.43096,-9.61033
2025,2025956,0.36631,-0.13408,-9.72525
2026,2026955,0.86670,-0.71347,-9.48583
2027,2027955,0.64643,-0.33279,-9.63427
2028,2028956,0.67516,-0.34955,-9.50498
2029,2029955,0.54827,-0.46926,-9.53371
2030,2030955,0.88107,-0.45250,-9.49540
2031,2031955,0.45729,-0.49321,-9.58160
2032,2032956,0.85234,-0.55067,-9.51456
2033,2033955,0.75657,-0.46926,-9.60075
2034,2034956,0.82121,-0.82600,-9.47386
2035,2035955,0.21787,-0.07183,-9.61272
2036,2036955,1.22583,-1.00317,-9.32063
2037,2037955,0.45729,-0.08619,-9.63427
2038,2038956,0.50278,-0.21548,-9.59596
2039,2039955,1.52989,-0.94092,-9.27274
2040,2040956,0.43335,-0.01676,-9.68215
2041,2041955,0.58419,-0.62010,-9.46667
2042,2042955,0.84276,-0.45490,-9.52892
2043,2043955,0.62728,-0.41899,-9.59117
2044,2044956,0.59616,-0.38547,-9.53132
2045,2045955,0.75178,-0.63686,-9.52892
2046,2046955,0.70150,-0.32801,-9.58160
2047,2047955,0.51954,-0.75896,-9.55765
2048,2048956,0.86670,-0.30167,-9.61272
2049,2049955,0.92895,-0.66798,-9.60314
2050,2050955,0.45729,-0.45011,-9.57441
2051,2051955,0.62010,-0.42617,-9.65103
2052,2052955,1.14203,-0.82600,-9.43794
2053,2053956,0.11971,0.12689,-9.72285
2054,2054955,1.03669,-0.62728,-9.45710
2055,2055955,1.10133,-0.69671,-9.35893
2056,2056955,0.29449,0.04788,-9.65582
2057,2057955,0.79966,-0.72065,-9.46189
2058,2058955,0.71108,-0.30646,-9.66779
2059,2059956,0.66798,-0.45729,-9.58399
2060,2060955,0.54827,-0.41899,-9.51695
2061,2061956,0.93374,-0.56264,-9.49540
2062,2062955,0.51715,-0.42138,-9.53132
2063,2063956,0.66080,-0.68235,-9.51935
2064,2064955,0.76375,-0.28252,-9.56005
2065,2065956,0.89304,-0.70150,-9.50019
2066,2066955,0.26576,-0.22027,-9.62230
2067,2067955,0.96726,-0.70868,-9.52413
2068,2068955,0.80445,-0.47166,-9.43316
2069,2069955,0.14365,0.08140,-9.63187
2070,2070956,1.41737,-0.96007,-9.26556
2071,2071955,0.69911,-0.33040,-9.54568
2072,2072955,0.39744,-0.27533,-9.59357
2073,2073955,0.80924,-0.64643,-9.43076
2074,2074956,0.58179,-0.31125,-9.64145
2075,2075955,0.65841,-0.34955,-9.53132
2076,2076956,0.60813,-0.51236,-9.56005
2077,2077955,0.88585,-0.45490,-9.55287
2078,2078955,0.45250,-0.65122,-9.62230
2079,2079955,0.86191,-0.42617,-9.54329
2080,2080956,0.79009,-0.43814,-9.56484
2081,2081955,0.79009,-0.65122,-9.47625
2082,2082955,0.34955,-0.12689,-9.61033
2083,2083955,1.36230,-0.97923,-9.37091
2084,2084955,0.43574,0.03831,-9.62230
2085,2085955,0.64165,-0.30167,-9.50019
2086,2086955,1.47962,-0.88585,-9.29190
2087,2087955,0.37828,0.00958,-9.65582
2088,2088955,0.56024,-0.62968,-9.45710
2089,2089956,0.77572,-0.46448,-9.49780
2090,2090955,0.66319,-0.43574,-9.59835
2091,2091956,0.59855,-0.36631,-9.51456
2092,2092955,0.79248,-0.62010,-9.58399
2093,2093956,0.74460,-0.32801,-9.60314
2094,2094955,0.59376,-0.73023,-9.59596
2095,2095955,0.83797,-0.32082,-9.59117
2096,2096956,0.78290,-0.64883,-9.57681
2097,2097955,0.46687,-0.47645,-9.59357
2098,2098955,0.61770,-0.34955,-9.57202
2099,2099955,1.16837,-0.90022,-9.37091
2100,2100955,0.08380,0.29449,-9.72046
2101,2101955,1.10612,-0.69671,-9.48343
2102,2102956,1.10612,-0.65601,-9.42597
2103,2103955,0.25857,0.03831,-9.67497
2104,2104955,0.79727,-0.76136,-9.40203
2105,2105956,0.64883,-0.30646,-9.56484
2106,2106955,0.66559,-0.42377,-9.53371
2107,2107955,0.46687,-0.40462,-9.54329
2108,2108955,0.86910,-0.55067,-9.57681
2109,2109956,0.51954,-0.39265,-9.59835
2110,2110955,0.71108,-0.59376,-9.56962
2111,2111956,0.76375,-0.32801,-9.57920
2112,2112955,0.85952,-0.82121,-9.54089
2113,2113955,0.23463,-0.10534,-9.66539
2114,2114955,1.10133,-0.80924,-9.51935
2115,2115956,0.80445,-0.31364,-9.59596
2116,2116955,0.29688,-0.03591,-9.69652
2117,2117955,1.48680,-0.88107,-9.29908
2118,2118956,0.63207,-0.23942,-9.59596
2119,2119955,0.41420,-0.29449,-9.61751
2120,2120955,0.85712,-0.66080,-9.42837
2121,2121955,0.59376,-0.35434,-9.55047
2122,2122956,0.60813,-0.37110,-9.48822
2123,2123955,0.65841,-0.53630,-9.50737
2124,2124956,0.86431,-0.39265,-9.52892
2125,2125955,0.43814,-0.64404,-9.61990
2126,2126955,0.90261,-0.33040,-9.60793
2127,2127955,0.76375,-0.51954,-9.62708
2128,2128955,0.67516,-0.62968,-9.56962
2129,2129955,0.39504,-0.16999,-9.61272
2130,2130955,1.30245,-0.91937,-9.38288
2131,2131955,0.31125,0.07422,-9.68215
2132,2132955,0.67038,-0.36631,-9.57681
2133,2133955,1.44610,-0.90501,-9.34218
2134,2134955,0.30885,0.06464,-9.71567
2135,2135955,0.60573,-0.76375,-9.39245
2136,2136955,0.77333,-0.46208,-9.60314
2137,2137956,0.69432,-0.40941,-9.57441
2138,2138955,0.55067,-0.38547,-9.52892
2139,2139955,0.87867,-0.60813,-9.57920
2140,2140955,0.67277,-0.28491,-9.55287
2141,2141955,0.58658,-0.68714,-9.57681
2142,2142955,0.83079,-0.22984,-9.60075
2143,2143955,0.90980,-0.67277,-9.59596
2144,2144955,0.43814,-0.42138,-9.56962
2145,2145955,0.72305,-0.43335,-9.54568
2146,2146955,1.18513,-0.79487,-9.42358
2147,2147955,0.09098,0.22027,-9.72764
2148,2148955,1.17316,-0.75657,-9.41161
2149,2149955,1.02951,-0.61292,-9.51216
2150,2150955,0.27773,-0.03591,-9.68215
2151,2151955,0.79487,-0.72544,-9.36372
2152,2152955,0.60094,-0.31843,-9.61511
2153,2153955,0.65601,-0.37110,-9.58878
2154,2154955,0.59616,-0.42617,-9.54089
2155,2155955,0.93853,-0.57461,-9.47625
2156,2156955,0.54348,-0.42617,-9.51935
2157,2157955,0.76136,-0.61292,-9.46428
2158,2158955,0.78769,-0.35674,-9.64863
2159,2159955,0.84276,-0.81163,-9.58160
2160,2160955,0.15562,-0.12689,-9.59835
2161,2161955,1.13246,-0.89304,-9.36612
2162,2162955,0.70629,-0.30167,-9.53132
2163,2163955,0.17478,-0.03591,-9.68933
2164,2164955,1.48201,-0.85234,-9.34696
2165,2165955,0.60094,-0.19872,-9.62230
2166,2166955,0.38068,-0.31364,-9.66060
2167,2167955,0.85952,-0.67038,-9.50737
2168,2168955,0.63446,-0.38307,-9.71806
2169,2169955,0.61770,-0.36152,-9.53132
2170,2170955,0.60334,-0.55785,-9.54808
2171,2171955,0.85234,-0.39025,-9.50259
2172,2172955,0.41659,-0.70868,-9.54808
2173,2173955,0.80924,-0.44772,-9.54329
2174,2174955,0.75896,-0.55067,-9.62230
2175,2175955,0.72544,-0.68474,-9.57202
2176,2176955,0.37589,-0.10295,-9.69173
2177,2177955,1.27850,-1.00078,-9.41161
2178,2178955,0.34477,0.08619,-9.65342
2179,2179955,0.58179,-0.26815,-9.58399
2180,2180955,1.45089,-0.90740,-9.37809
2181,2181955,0.34477,0.06225,-9.71567
2182,2182955,0.62489,-0.70629,-9.42597
2183,2183955,0.72065,-0.45250,-9.53611
2184,2184955,0.67038,-0.43814,-9.62708
2185,2185956,0.57700,-0.28730,-9.57920
2186,2186955,0.82600,-0.62968,-9.55287
2187,2187955,0.62968,-0.33998,-9.67736
2188,2188955,0.49321,-0.73741,-9.54808
2189,2189955,0.84515,-0.26815,-9.54329
2190,2190955,0.83318,-0.66798,-9.56484
2191,2191955,0.47405,-0.46448,-9.57202
2192,2192955,0.62489,-0.39025,-9.56484
2193,2193956,1.21625,-0.95768,-9.38766
2194,2194955,0.09577,0.26097,-9.68933
2195,2195955,1.07021,-0.65841,-9.43316
2196,2196955,1.10373,-0.62249,-9.44752
2197,2197955,0.27054,0.01197,-9.69891
2198,2198955,0.79727,-0.80924,-9.44034
2199,2199955,0.67038,-0.36392,-9.62230
2200,2200955,0.68235,-0.43096,-9.55287
2201,2201955,0.54348,-0.37828,-9.56962
2202,2202955,0.92416,-0.56743,-9.53132
2203,2203955,0.46208,-0.33519,-9.54089
2204,2204955,0.67516,-0.65841,-9.51456
2205,2205955,0.76854,-0.26815,-9.61751
2206,2206955,0.89783,-0.84994,-9.56723
2207,2207955,0.26097,-0.17478,-9.65582
2208,2208955,0.99120,-0.75417,-9.44991
2209,2209955,0.85473,-0.43574,-9.48343
2210,2210955,0.16281,-0.01676,-9.63906
2211,2211955,1.49398,-0.90261,-9.27993
2212,2212955,0.75417,-0.33519,-9.52174
2213,2213955,0.39744,-0.22266,-9.57681
2214,2214955,0.85234,-0.63686,-9.42597
2215,2215955,0.61292,-0.39504,-9.57202
2216,2216955,0.67756,-0.37589,-9.51935
2217,2217955,0.64643,-0.49560,-9.57920
2218,2218955,0.91698,-0.45250,-9.53850
2219,2219955,0.42856,-0.58897,-9.56484
2220,2220955,0.88585,-0.45490,-9.52174
2221,2221955,0.75178,-0.42377,-9.63427
2222,2222955,0.76375,-0.71347,-9.52174
2223,2223956,0.28730,-0.06464,-9.68933
2224,2224955,1.29526,-1.01754,-9.43555
2225,2225955,0.45969,0.00718,-9.67257
2226,2226955,0.56503,-0.32801,-9.58638
2227,2227955,1.50356,-0.88825,-9.31344
2228,2228956,0.37350,0.02155,-9.65582
2229,2229955,0.57461,-0.66798,-9.40682
2230,2230955,0.68953,-0.45969,-9.54329
2231,2231955,0.58897,-0.33519,-9.54089
2232,2232955,0.57461,-0.40462,-9.49301
2233,2233955,0.82121,-0.61770,-9.55526
2234,2234955,0.71108,-0.33998,-9.59357
2235,2235956,0.56503,-0.69671,-9.57441
2236,2236955,0.81403,-0.28730,-9.55526
2237,2237956,0.83318,-0.66319,-9.54808
2238,2238955,0.46926,-0.31603,-9.57441
2239,2239955,0.64643,-0.38068,-9.58160
2240,2240955,1.24020,-0.78769,-9.41161
2241,2241956,0.16281,0.20351,-9.66060
2242,2242955,1.19471,-0.64165,-9.38766
2243,2243956,1.11330,-0.65841,-9.49301
2244,2244955,0.27533,0.01915,-9.70370
2245,2245955,0.77572,-0.78290,-9.43316
2246,2246955,0.64643,-0.32322,-9.61990
2247,2247956,0.65122,-0.43096,-9.55287
2248,2248955,0.56024,-0.40462,-9.61511
2249,2249955,0.97923,-0.62968,-9.54329
2250,2250955,0.51715,-0.44772,-9.62948
2251,2251955,0.77093,-0.63925,-9.54808
2252,2252955,0.81642,-0.29928,-9.61511
2253,2253956,0.91698,-0.78290,-9.53371
2254,2254955,0.28491,-0.17478,-9.56484
2255,2255955,1.11091,-0.80445,-9.41400
2256,2256955,0.86910,-0.40701,-9.49062
2257,2257955,0.23942,0.06464,-9.65821
2258,2258955,1.47962,-0.97205,-9.36372
2259,2259955,0.70629,-0.21308,-9.64384
2260,2260956,0.42856,-0.39744,-9.55526
2261,2261955,0.82361,-0.60573,-9.45231
2262,2262956,0.59616,-0.34955,-9.67018
2263,2263955,0.63446,-0.36392,-9.52174
2264,2264955,0.69911,-0.54588,-9.48343
2265,2265956,0.89304,-0.38307,-9.55047
2266,2266955,0.47884,-0.67756,-9.56005
2267,2267955,0.80924,-0.39265,-9.46907
2268,2268955,0.77572,-0.51475,-9.58160
2269,2269956,0.61292,-0.58419,-9.53371
2270,2270955,0.40941,-0.16759,-9.65582
2271,2271955,1.33596,-0.98881,-9.39485
2272,2272955,0.28491,0.20351,-9.65821
2273,2273955,0.77333,-0.49081,-9.51935
2274,2274955,1.37667,-0.84994,-9.33978
2275,2275955,0.29688,0.05267,-9.70370
2276,2276956,0.67756,-0.67516,-9.49062
2277,2277955,0.72065,-0.37110,-9.59835
2278,2278955,0.66319,-0.40941,-9.57441
2279,2279955,0.56024,-0.35434,-9.58399
2280,2280956,0.80445,-0.56024,-9.55765
2281,2281955,0.56264,-0.33040,-9.55765
2282,2282956,0.61052,-0.74460,-9.59835
2283,2283955,0.85473,-0.28970,-9.55526
2284,2284956,0.92177,-0.75178,-9.58399
2285,2285955,0.33279,-0.26097,-9.56723
2286,2286955,0.83797,-0.59855,-9.54568
2287,2287955,1.12527,-0.71826,-9.50977
2288,2288956,0.11492,0.13408,-9.72046
2289,2289955,1.23541,-0.81403,-9.33020
2290,2290956,0.90022,-0.50757,-9.48104
2291,2291955,0.29209,-0.02873,-9.62948
2292,2292955,0.84276,-0.74939,-9.40442
2293,2293955,0.72784,-0.30167,-9.63906
2294,2294955,0.67277,-0.39744,-9.51216
2295,2295955,0.50757,-0.43814,-9.51456
2296,2296955,0.88585,-0.47405,-9.48104
2297,2297955,0.47405,-0.41899,-9.57202
2298,2298955,0.80206,-0.51475,-9.50737
2299,2299955,0.78530,-0.36631,-9.66060
2300,2300955,0.79966,-0.77093,-9.54089
2301,2301956,0.20351,-0.14126,-9.63187
2302,2302955,1.21386,-0.91459,-9.38048
2303,2303955,0.51954,-0.14365,-9.54808
2304,2304955,0.39025,-0.16281,-9.62708
2305,2305956,1.47243,-0.91698,-9.32781
2306,2306955,0.47645,-0.05028,-9.73243
2307,2307955,0.50518,-0.57461,-9.50977
2308,2308955,0.84994,-0.51715,-9.50977
2309,2309956,0.70150,-0.42138,-9.64145
2310,2310955,0.62728,-0.32322,-9.48583
2311,2311955,0.78290,-0.63207,-9.52653
2312,2312955,0.73502,-0.34955,-9.56244
2313,2313956,0.49799,-0.72305,-9.59596
2314,2314955,0.85473,-0.29449,-9.59835
2315,2315955,0.88107,-0.56503,-9.51695
2316,2316956,0.60094,-0.57221,-9.51216
2317,2317955,0.56982,-0.17478,-9.61751
2318,2318955,1.26893,-0.96007,-9.44513
2319,2319955,0.14365,0.27054,-9.70609
2320,2320955,0.90980,-0.56982,-9.44034
2321,2321956,1.27850,-0.83318,-9.35654
2322,2322955,0.25379,0.05267,-9.66779
2323,2323956,0.67995,-0.73981,-9.36612
2324,2324955,0.65841,-0.31603,-9.62708
2325,2325955,0.70868,-0.38307,-9.52892
2326,2326955,0.55785,-0.39265,-9.49780
2327,2327955,0.87867,-0.55067,-9.53132
2328,2328956,0.57461,-0.35195,-9.65342
2329,2329955,0.70629,-0.71587,-9.54808
2330,2330955,0.78051,-0.28252,-9.62469
2331,2331955,0.90740,-0.82121,-9.61033
2332,2332956,0.24181,-0.21069,-9.66060
2333,2333955,1.03430,-0.74220,-9.51456
2334,2334955,0.89064,-0.45729,-9.51695
2335,2335955,0.17717,0.03591,-9.65342
2336,2336955,1.40061,-0.86910,-9.24162
2337,2337955,0.70868,-0.35434,-9.56005
2338,2338955,0.36392,-0.23703,-9.61751
2339,2339955,0.87149,-0.62968,-9.45949
2340,2340956,0.67038,-0.33998,-9.62469
2341,2341955,0.68235,-0.44772,-9.54089
2342,2342955,0.61770,-0.54588,-9.58160
2343,2343955,0.80685,-0.38307,-9.50259
2344,2344955,0.36392,-0.57461,-9.56005
2345,2345955,0.80685,-0.43574,-9.50019
2346,2346955,0.85712,-0.47884,-9.52413
2347,2347955,0.67756,-0.66798,-9.56723
2348,2348955,0.38307,-0.15562,-9.72525
2349,2349955,1.28329,-0.97205,-9.38766
2350,2350955,0.35434,0.00958,-9.66539
2351,2351955,0.63446,-0.38307,-9.62469
2352,2352955,1.41497,-0.91459,-9.38527
2353,2353956,0.32801,0.06943,-9.73961
2354,2354955,0.61052,-0.71587,-9.43316
2355,2355955,0.71826,-0.41180,-9.56723
2356,2356955,0.65362,-0.36631,-9.62708
2357,2357955,0.52912,-0.33758,-9.52892
2358,2358955,0.81642,-0.56264,-9.49780
2359,2359955,0.62489,-0.34955,-9.53132
2360,2360955,0.60334,-0.72544,-9.52892
2361,2361955,0.79727,-0.28730,-9.60314
2362,2362955,0.93853,-0.73023,-9.58878
2363,2363955,0.36631,-0.29688,-9.53132
2364,2364955,0.84515,-0.51954,-9.52413
2365,2365955,1.12527,-0.67756,-9.41640
2366,2366956,0.09577,0.23463,-9.74679
2367,2367955,1.32639,-0.78769,-9.41161
2368,2368955,0.87149,-0.48363,-9.52653
2369,2369955,0.35913,-0.01915,-9.65103
2370,2370955,0.82839,-0.70868,-9.48583
2371,2371955,0.64883,-0.35434,-9.65582
2372,2372955,0.69911,-0.39265,-9.60075
2373,2373955,0.58658,-0.47166,-9.57681
2374,2374955,0.91219,-0.47166,-9.51695
2375,2375955,0.48123,-0.50039,-9.60075
2376,2376955,0.78769,-0.54827,-9.48343
2377,2377955,0.78290,-0.34955,-9.57202
2378,2378955,0.80445,-0.73263,-9.52892
2379,2379955,0.31364,-0.11732,-9.60793
2380,2380955,1.28090,-0.95768,-9.39006
2381,2381955,0.49560,-0.05267,-9.59117
2382,2382955,0.47166,-0.21069,-9.58638
2383,2383955,1.51792,-0.96247,-9.25598
2384,2384955,0.41659,-0.01676,-9.60075
2385,2385955,0.55067,-0.66080,-9.41400
2386,2386955,0.78051,-0.51475,-9.50498
2387,2387955,0.64883,-0.41420,-9.62230
2388,2388955,0.57221,-0.39504,-9.53611
2389,2389955,0.80685,-0.63686,-9.49780
2390,2390955,0.71826,-0.32561,-9.49780
2391,2391955,0.50757,-0.74939,-9.52892
2392,2392955,0.76854,-0.28491,-9.57441
2393,2393955,0.85473,-0.64883,-9.56244
2394,2394955,0.47166,-0.40701,-9.52653
2395,2395955,0.63686,-0.39983,-9.57920
2396,2396955,1.20189,-0.86191,-9.37809
2397,2397955,0.16041,0.21787,-9.71328
2398,2398955,1.07500,-0.63686,-9.39485
2399,2399956,1.04148,-0.58658,-9.44991
2400,2400955,1.04148,-0.58658,-9.44991
2401,2401955,0.29928,0.05028,-9.69412
2402,2402955,0.82600,-0.80445,-9.40442
2403,2403956,0.63925,-0.32801,-9.57681
2404,2404955,0.67756,-0.38786,-9.55047
2405,2405956,0.57221,-0.45729,-9.55765
2406,2406955,0.88585,-0.53630,-9.50019
2407,2407955,0.51715,-0.45250,-9.51935
2408,2408956,0.80924,-0.57221,-9.45470
2409,2409955,0.77093,-0.29688,-9.55526
2410,2410955,0.86431,-0.79248,-9.54808
2411,2411955,0.22984,-0.15323,-9.71088
2412,2412956,1.15161,-0.90022,-9.44752
2413,2413955,0.73263,-0.20351,-9.57441
2414,2414955,0.33998,-0.03591,-9.64624
2415,2415955,1.49159,-0.96486,-9.33499
2416,2416956,0.55545,-0.19393,-9.65582
2417,2417955,0.44053,-0.47166,-9.49540
2418,2418955,0.86191,-0.61531,-9.44752
2419,2419955,0.67756,-0.31843,-9.63427
2420,2420956,0.63925,-0.37589,-9.59596
2421,2421955,0.72784,-0.57461,-9.55287
2422,2422956,0.84994,-0.41659,-9.49301
2423,2423955,0.45729,-0.64404,-9.51216
2424,2424955,0.83318,-0.36392,-9.54329
2425,2425955,0.86431,-0.52912,-9.55526
2426,2426956,0.64643,-0.63207,-9.48104
2427,2427955,0.51715,-0.18435,-9.60554
2428,2428955,1.29526,-1.04148,-9.38527
2429,2429956,0.21548,0.16999,-9.69652
2430,2430955,0.92416,-0.51715,-9.47146
2431,2431956,1.28090,-0.79009,-9.36612
2432,2432955,0.32561,0.19154,-9.63666
2433,2433955,0.74939,-0.71826,-9.36851
2434,2434956,0.73263,-0.36152,-9.59357
2435,2435955,0.62489,-0.45729,-9.57202
2436,2436956,0.52194,-0.38068,-9.53371
2437,2437955,0.83318,-0.59137,-9.51935
2438,2438956,0.57700,-0.36392,-9.50737
2439,2439955,0.66559,-0.67756,-9.52892
2440,2440956,0.81882,-0.29209,-9.59357
2441,2441955,0.93613,-0.83079,-9.48104
2442,2442956,0.30646,-0.19393,-9.63427
2443,2443955,0.95768,-0.65601,-9.48343
2444,2444955,0.91219,-0.58419,-9.40921
2445,2445956,0.08380,0.10774,-9.72046
2446,2446955,1.41018,-0.94092,-9.38048
2447,2447955,0.86191,-0.34955,-9.55526
2448,2448956,0.35195,-0.25379,-9.54568
2449,2449955,0.86670,-0.73263,-9.39964
2450,2450955,0.65362,-0.38307,-9.62230
2451,2451955,0.69192,-0.39504,-9.54089
2452,2452955,0.56503,-0.53630,-9.49062
2453,2453956,0.85952,-0.44772,-9.48104
2454,2454955,0.44772,-0.58419,-9.62708
2455,2455955,0.86670,-0.46448,-9.56484
2456,2456955,0.85952,-0.48363,-9.62230
2457,2457956,0.75896,-0.69671,-9.54089
2458,2458955,0.28491,-0.21548,-9.68933
2459,2459956,1.33118,-0.99838,-9.32781
2460,2460955,0.38786,0.01197,-9.59596
2461,2461956,0.55067,-0.36631,-9.55047
2462,2462955,1.50835,-0.95768,-9.34218
2463,2463956,0.42377,0.03112,-9.71088
2464,2464955,0.62728,-0.68474,-9.48104
2465,2465955,0.77093,-0.46448,-9.60554
2466,2466956,0.58658,-0.40462,-9.61990
2467,2467955,0.55785,-0.40941,-9.55526
2468,2468955,0.82600,-0.58419,-9.50259
2469,2469956,0.70150,-0.34237,-9.61033
2470,2470955,0.62249,-0.71587,-9.54089
2471,2471956,0.84994,-0.27773,-9.52413
2472,2472955,0.86191,-0.66319,-9.49780
2473,2473956,0.39983,-0.41899,-9.54089
2474,2474955,0.74220,-0.40462,-9.62469
2475,2475955,1.11570,-0.84755,-9.44991
2476,2476955,0.10774,0.26097,-9.68455
2477,2477955,1.22344,-0.74460,-9.39485
2478,2478955,1.00796,-0.57940,-9.49062
2479,2479956,0.30885,-0.05986,-9.69412
2480,2480955,0.79248,-0.75417,-9.37330
2481,2481955,0.65601,-0.31603,-9.63427
2482,2482955,0.67516,-0.43096,-9.53850
2483,2483955,0.57700,-0.44053,-9.54808
2484,2484955,0.94332,-0.52672,-9.55526
2485,2485956,0.48363,-0.45250,-9.65103
2486,2486955,0.78769,-0.56024,-9.59596
2487,2487955,0.80685,-0.34477,-9.63666
2488,2488955,0.85712,-0.75896,-9.48343
2489,2489955,0.19154,-0.00718,-9.62708
2490,2490955,1.21386,-1.01754,-9.34457
2491,2491955,0.55306,-0.13168,-9.51695
2492,2492956,0.31364,-0.15562,-9.59596
2493,2493955,1.47243,-0.90501,-9.30866
2494,2494955,0.45490,-0.11013,-9.61033
2495,2495955,0.43096,-0.43814,-9.45710
2496,2496956,0.80924,-0.48842,-9.45470
2497,2497955,0.67756,-0.42377,-9.61511
2498,2498955,0.64643,-0.43814,-9.54329
2499,2499955,0.73023,-0.69911,-9.58878
2500,2500955,0.75417,-0.39744,-9.56962
2501,2501955,0.45729,-0.71108,-9.58878
2502,2502955,0.79727,-0.28491,-9.56723
2503,2503956,0.80445,-0.57461,-9.57920
2504,2504955,0.55306,-0.57700,-9.49540
2505,2505955,0.49321,-0.19632,-9.65103
2506,2506955,1.25696,-0.97205,-9.42597
2507,2507956,0.14126,0.18435,-9.73482
2508,2508955,0.91459,-0.55306,-9.51216
2509,2509955,1.35991,-0.84994,-9.35415
2510,2510955,0.30646,0.00000,-9.75877
2511,2511955,0.72784,-0.76136,-9.51935
2512,2512955,0.68235,-0.34955,-9.65103
2513,2513956,0.68474,-0.40941,-9.61272
2514,2514955,0.55306,-0.40701,-9.50498
2515,2515955,0.91459,-0.56264,-9.54329
2516,2516955,0.62010,-0.36631,-9.57920
2517,2517955,0.62728,-0.69432,-9.53132
2518,2518955,0.82121,-0.28012,-9.59835
2519,2519956,0.86431,-0.76614,-9.55765
2520,2520955,0.28970,-0.28491,-9.60075
2521,2521956,1.04866,-0.71347,-9.43076
2522,2522955,0.96007,-0.44293,-9.45710
2523,2523955,0.13886,0.12929,-9.65821
2524,2524955,1.44131,-0.83797,-9.32302
2525,2525956,0.78051,-0.34955,-9.55526
2526,2526955,0.37350,-0.22027,-9.61990
2527,2527955,0.84994,-0.71108,-9.48583
2528,2528955,0.62728,-0.37110,-9.67976
2529,2529956,0.67756,-0.43335,-9.49780
2530,2530955,0.61292,-0.50518,-9.52892
2531,2531956,0.90022,-0.41899,-9.50498
2532,2532955,0.44293,-0.51954,-9.60314
2533,2533955,0.82361,-0.49560,-9.55287
2534,2534955,0.72305,-0.47166,-9.62948
2535,2535956,0.71347,-0.68953,-9.51456
2536,2536955,0.33279,-0.13647,-9.64384
2537,2537956,1.27850,-1.01993,-9.41640
2538,2538955,0.35195,0.00000,-9.63666
2539,2539955,0.55306,-0.33279,-9.58399
2540,2540955,1.39582,-0.93853,-9.36851
2541,2541955,0.31364,0.03831,-9.65821
2542,2542955,0.62728,-0.65601,-9.40203
2543,2543955,0.77333,-0.37350,-9.56484
2544,2544955,0.68714,-0.37350,-9.67018
2545,2545955,0.59376,-0.33279,-9.56723
2546,2546956,0.81882,-0.68714,-9.50737
2547,2547955,0.68953,-0.37110,-9.55287
2548,2548955,0.60334,-0.74699,-9.53132
2549,2549955,0.83558,-0.24900,-9.61751
2550,2550955,0.89783,-0.71108,-9.61033
2551,2551955,0.43335,-0.38307,-9.53371
2552,2552955,0.72784,-0.37110,-9.53611
2553,2553955,1.20428,-0.79487,-9.37330
2554,2554955,0.12689,0.20351,-9.67497
2555,2555956,1.19471,-0.83558,-9.40921
2556,2556955,0.98881,-0.59137,-9.50977
2557,2557955,0.36152,0.00479,-9.65342
2558,2558955,0.80445,-0.74220,-9.39485
2559,2559955,0.68953,-0.28252,-9.63666
2560,2560955,0.68235,-0.36152,-9.55526
2561,2561955,0.55067,-0.47645,-9.51456
2562,2562955,0.90501,-0.52194,-9.47864
2563,2563955,0.48363,-0.45490,-9.56005
2564,2564955,0.80206,-0.64165,-9.53611
2565,2565956,0.73263,-0.37828,-9.59357
2566,2566955,0.84755,-0.78290,-9.54329
2567,2567955,0.22027,-0.18675,-9.58399
2568,2568955,1.20189,-0.94571,-9.42597
2569,2569956,0.60573,-0.10056,-9.62708
2570,2570955,0.33279,-0.11013,-9.64863
2571,2571955,1.56341,-0.93613,-9.30387
2572,2572955,0.49799,-0.15323,-9.67736
2573,2573955,0.45729,-0.51715,-9.50977
2574,2574955,0.80685,-0.55306,-9.56962
2575,2575955,0.66319,-0.36871,-9.68215
2576,2576955,0.60813,-0.38068,-9.54089
2577,2577955,0.70629,-0.61770,-9.55526
2578,2578955,0.79009,-0.39744,-9.56962
2579,2579955,0.53630,-0.77572,-9.61511
2580,2580956,0.86191,-0.38068,-9.69412
2581,2581955,0.78769,-0.62728,-9.62948
2582,2582955,0.51715,-0.56503,-9.62230
2583,2583955,0.46687,-0.21308,-9.62948
2584,2584955,1.27850,-0.98402,-9.39964
2585,2585955,0.16999,0.21308,-9.72764
2586,2586955,0.92656,-0.57940,-9.44991
2587,2587955,1.26653,-0.82121,-9.42118
2588,2588955,0.32322,0.06943,-9.71567
2589,2589955,0.70629,-0.79009,-9.43555
2590,2590955,0.70629,-0.37828,-9.67018
2591,2591955,0.67277,-0.44772,-9.60075
2592,2592955,0.56503,-0.40223,-9.54329
2593,2593955,0.89543,-0.59137,-9.56484
2594,2594955,0.59616,-0.31364,-9.58878
2595,2595955,0.62489,-0.65122,-9.55047
2596,2596955,0.79009,-0.29449,-9.56962
2597,2597955,0.88825,-0.77093,-9.64624
2598,2598955,0.29928,-0.18675,-9.59596
2599,2599955,1.00796,-0.69671,-9.52653
2600,2600955,0.89064,-0.58179,-9.48104
2601,2601955,0.16041,0.09577,-9.66300
2602,2602955,1.40300,-0.89064,-9.33739
2603,2603955,0.74460,-0.37828,-9.59117
2604,2604955,0.34477,-0.21069,-9.60314
2605,2605955,0.84276,-0.64165,-9.45231
2606,2606955,0.64643,-0.38547,-9.72046
2607,2607955,0.67756,-0.41180,-9.51935
2608,2608955,0.64165,-0.50518,-9.58399
2609,2609955,0.88346,-0.48363,-9.52174
2610,2610955,0.42138,-0.61770,-9.50019
2611,2611955,0.81163,-0.46926,-9.50259
2612,2612955,0.73502,-0.44053,-9.63906
2613,2613955,0.77333,-0.66319,-9.45470
2614,2614955,0.27294,-0.08859,-9.62230
2615,2615955,1.26414,-1.01993,-9.40203
2616,2616955,0.39025,0.03591,-9.56484
2617,2617955,0.51954,-0.33040,-9.52653
2618,2618956,1.53947,-0.88585,-9.33978
2619,2619955,0.41659,-0.05267,-9.71328
2620,2620955,0.54348,-0.56743,-9.48583
2621,2621955,0.82121,-0.48123,-9.61272
2622,2622955,0.64643,-0.39025,-9.61511
2623,2623955,0.58179,-0.34716,-9.55765
2624,2624955,0.77333,-0.56264,-9.52174
2625,2625956,0.67756,-0.36152,-9.54329
2626,2626955,0.59855,-0.73023,-9.60554
2627,2627955,0.88107,-0.29449,-9.61272
2628,2628955,0.84036,-0.62249,-9.64145
2629,2629955,0.51715,-0.55306,-9.55526
2630,2630955,0.63686,-0.27533,-9.58399
2631,2631955,1.23301,-1.01993,-9.44273
2632,2632955,0.16281,0.23224,-9.74679
2633,2633955,1.10852,-0.65601,-9.44752
2634,2634955,1.10852,-0.71347,-9.39006
2635,2635956,0.26097,0.06464,-9.68933
2636,2636955,0.85473,-0.73741,-9.35415
2637,2637955,0.71826,-0.34955,-9.68215
2638,2638955,0.68235,-0.46208,-9.55765
2639,2639955,0.56982,-0.45969,-9.52892
2640,2640955,0.93853,-0.56982,-9.57441
2641,2641955,0.56264,-0.39265,-9.56484
2642,2642955,0.69432,-0.65841,-9.50737
2643,2643955,0.72784,-0.31125,-9.59117
2644,2644955,0.87867,-0.80685,-9.56723
2645,2645955,0.27773,-0.13408,-9.67257
2646,2646955,1.15640,-0.81163,-9.41640
2647,2647955,0.76136,-0.35434,-9.53611
2648,2648955,0.21308,-0.04070,-9.63666
2649,2649955,1.48441,-0.91219,-9.35175
2650,2650955,0.59376,-0.17478,-9.59835
2651,2651955,0.37828,-0.36392,-9.55047
2652,2652955,0.88107,-0.62968,-9.43316
2653,2653956,0.63686,-0.36631,-9.61751
2654,2654955,0.61770,-0.33279,-9.53371
2655,2655955,0.67756,-0.54827,-9.54329
2656,2656955,0.88585,-0.38786,-9.45949
2657,2657955,0.49081,-0.61292,-9.51935
2658,2658955,0.89543,-0.36152,-9.52653
2659,2659955,0.76614,-0.48123,-9.68215
2660,2660955,0.65841,-0.67516,-9.58878
2661,2661956,0.44053,-0.16999,-9.67976
2662,2662955,1.21386,-1.11330,-9.41400
2663,2663956,0.25139,0.09816,-9.69891
2664,2664955,0.72544,-0.43335,-9.56244
2665,2665955,1.45328,-0.87628,-9.37569
2666,2666956,0.31603,0.07422,-9.72525
2667,2667955,0.64643,-0.75417,-9.44991
2668,2668955,0.75657,-0.45490,-9.60554
2669,2669955,0.67038,-0.40701,-9.56962
2670,2670956,0.55306,-0.37110,-9.54329
2671,2671955,0.85473,-0.59616,-9.59117
2672,2672956,0.63686,-0.34477,-9.53371
2673,2673955,0.58179,-0.70150,-9.53371
2674,2674955,0.76136,-0.21548,-9.61990
2675,2675956,0.86191,-0.72544,-9.52174
2676,2676955,0.38068,-0.28012,-9.54808
2677,2677956,0.82600,-0.59376,-9.51935
2678,2678955,0.98402,-0.65601,-9.41879
2679,2679955,0.09098,0.18196,-9.72046
2680,2680955,1.36948,-0.84515,-9.35175
2681,2681955,0.87867,-0.47166,-9.53371
2682,2682956,0.39265,-0.06943,-9.61272
2683,2683955,0.87867,-0.69671,-9.47146
2684,2684956,0.68474,-0.32801,-9.68455
2685,2685955,0.74939,-0.37110,-9.53850
2686,2686956,0.62249,-0.45969,-9.56962
2687,2687955,0.92177,-0.45250,-9.50977
2688,2688956,0.45011,-0.49321,-9.62948
2689,2689955,0.82361,-0.47166,-9.56484
2690,2690955,0.79966,-0.45250,-9.56962
2691,2691955,0.78530,-0.68474,-9.59596
2692,2692956,0.23224,-0.06704,-9.68455
2693,2693955,1.26653,-0.98881,-9.42837
2694,2694955,0.52194,-0.13408,-9.54329
2695,2695955,0.46208,-0.20351,-9.56484
2696,2696956,1.52271,-0.91219,-9.33978
2697,2697955,0.42617,0.00000,-9.70609
2698,2698955,0.60573,-0.59616,-9.52413
2699,2699955,0.83797,-0.43814,-9.55526
2700,2700955,0.62968,-0.39504,-9.61511
2701,2701956,0.56503,-0.38786,-9.49301
2702,2702955,0.77812,-0.64883,-9.51216
2703,2703956,0.74939,-0.32082,-9.50498
2704,2704955,0.55545,-0.69911,-9.52413
2705,2705955,0.86910,-0.28252,-9.57681
2706,2706955,0.86670,-0.67277,-9.53850
2707,2707956,0.42617,-0.48602,-9.53850
2708,2708955,0.69192,-0.35195,-9.62230
2709,2709955,1.20189,-0.91459,-9.39245
2710,2710956,0.08380,0.28491,-9.68215
2711,2711955,1.13485,-0.73502,-9.37091
2712,2712955,1.14682,-0.66798,-9.36851
2713,2713955,0.28491,0.01197,-9.68694
2714,2714955,0.78051,-0.76614,-9.41400
2715,2715955,0.67516,-0.33519,-9.55526
2716,2716956,0.69671,-0.39265,-9.44034
2717,2717955,0.63446,-0.41180,-9.48343
2718,2718955,0.94571,-0.53870,-9.43794
2719,2719955,0.47166,-0.47405,-9.48104
2720,2720956,0.73981,-0.63686,-9.59835
2721,2721955,0.77572,-0.35674,-9.64624
2722,2722955,0.91219,-0.75178,-9.50259
2723,2723955,0.23224,-0.10774,-9.61272
2724,2724956,1.13485,-0.84994,-9.37809
2725,2725955,0.69432,-0.26815,-9.50737
2726,2726955,0.29449,-0.08380,-9.64145
2727,2727955,1.53708,-0.93374,-9.38527
2728,2728956,0.65601,-0.21069,-9.67257
2729,2729955,0.39265,-0.34716,-9.56723
2730,2730956,0.81642,-0.58658,-9.51935
2731,2731955,0.66798,-0.34716,-9.63906
2732,2732955,0.67516,-0.39504,-9.58638
2733,2733955,0.75657,-0.56264,-9.57202
2734,2734956,0.85473,-0.33279,-9.55526
2735,2735955,0.47405,-0.67516,-9.53611
2736,2736955,0.82121,-0.38307,-9.50498
2737,2737955,0.76854,-0.55067,-9.53132
2738,2738956,0.61052,-0.69432,-9.52413
2739,2739955,0.46926,-0.16520,-9.68215
2740,2740955,1.22104,-1.06781,-9.34218
2741,2741955,0.27054,0.14844,-9.65103
2742,2742956,0.83797,-0.50996,-9.49301
2743,2743955,1.27372,-0.94810,-9.35893
2744,2744955,0.30406,0.07661,-9.73482
2745,2745955,0.61770,-0.78769,-9.42597
2746,2746955,0.67756,-0.33040,-9.56005
2747,2747955,0.69671,-0.42617,-9.61033
2748,2748956,0.56264,-0.38786,-9.52892
2749,2749955,0.89543,-0.58897,-9.50737
2750,2750955,0.58897,-0.31843,-9.55765
2751,2751956,0.63207,-0.63446,-9.58878
2752,2752955,0.79966,-0.23942,-9.62948
2753,2753955,0.94810,-0.77572,-9.62948
2754,2754955,0.26336,-0.16999,-9.71328
2755,2755955,1.00796,-0.69911,-9.45470
2756,2756955,0.90501,-0.53151,-9.44513
2757,2757955,0.13408,0.13168,-9.69412
2758,2758956,1.49638,-0.93374,-9.36612
2759,2759955,0.82839,-0.33519,-9.59596
2760,2760955,0.37110,-0.22027,-9.61511
2761,2761955,0.82600,-0.75896,-9.41161
2762,2762955,0.57940,-0.33279,-9.59357
2763,2763955,0.62968,-0.35674,-9.50977
2764,2764955,0.62489,-0.57940,-9.61511
2765,2765955,0.88107,-0.45011,-9.52413
2766,2766955,0.46208,-0.61052,-9.52174
2767,2767956,0.86431,-0.46448,-9.52413
2768,2768955,0.79966,-0.45969,-9.57441
2769,2769955,0.67038,-0.63207,-9.50498
2770,2770955,0.36631,-0.14844,-9.62948
2771,2771955,1.27372,-0.99359,-9.35415
2772,2772955,0.32801,0.12689,-9.61751
2773,2773955,0.63446,-0.37110,-9.58160
2774,2774955,1.49877,-0.99120,-9.40442
2775,2775955,0.39025,0.08859,-9.78271
2776,2776955,0.64165,-0.70629,-9.47146
2777,2777955,0.76136,-0.42138,-9.61272
2778,2778955,0.61292,-0.38547,-9.55287
2779,2779955,0.53151,-0.37589,-9.53850
2780,2780955,0.86191,-0.56743,-9.52653
2781,2781956,0.66559,-0.35674,-9.61990
2782,2782955,0.61292,-0.77333,-9.57920
2783,2783955,0.75657,-0.26336,-9.60793
2784,2784955,0.88585,-0.77572,-9.55047
2785,2785955,0.33758,-0.26815,-9.56723
2786,2786955,0.93134,-0.58658,-9.47386
2787,2787955,1.01035,-0.56982,-9.45231
2788,2788955,0.08380,0.09816,-9.71328
2789,2789955,1.35512,-0.84994,-9.42597
2790,2790955,0.87388,-0.44772,-9.58878
2791,2791955,0.33758,-0.11732,-9.63906
2792,2792955,0.82600,-0.73981,-9.37809
2793,2793955,0.65601,-0.33040,-9.69412
2794,2794955,0.72065,-0.35434,-9.56723
2795,2795955,0.67038,-0.55545,-9.51935
2796,2796956,0.91459,-0.50996,-9.50977
2797,2797955,0.45729,-0.57940,-9.57920
2798,2798955,0.81642,-0.42138,-9.52892
2799,2799955,0.83318,-0.39025,-9.62708
2800,2800955,0.79487,-0.70390,-9.57441
2801,2801956,0.28491,-0.14365,-9.65582
2802,2802955,1.27850,-0.95289,-9.32781
2803,2803955,0.44532,-0.03831,-9.57202
2804,2804955,0.57700,-0.27054,-9.51216
2805,2805955,1.53947,-0.96486,-9.38288
2806,2806956,0.39744,0.05028,-9.72525
2807,2807955,0.59616,-0.69671,-9.49540
2808,2808955,0.80685,-0.50518,-9.65103
2809,2809955,0.68714,-0.39025,-9.57441
2810,2810955,0.59616,-0.35195,-9.50977
2811,2811955,0.79727,-0.56743,-9.55765
2812,2812955,0.62249,-0.36392,-9.54568
2813,2813955,0.56024,-0.73741,-9.55526
2814,2814955,0.81403,-0.30646,-9.56005
2815,2815955,0.86191,-0.74220,-9.58638
2816,2816955,0.40701,-0.35674,-9.48822
2817,2817955,0.73981,-0.51236,-9.45231
2818,2818955,1.09894,-0.76854,-9.38527
2819,2819955,0.11013,0.24660,-9.74201
2820,2820955,1.25696,-0.72544,-9.38527
2821,2821955,1.04148,-0.59137,-9.50259
2822,2822955,0.37110,-0.02634,-9.77313
2823,2823955,0.82361,-0.73502,-9.51935
2824,2824955,0.71108,-0.34237,-9.71328
2825,2825955,0.63446,-0.43096,-9.56723
2826,2826956,0.52194,-0.48842,-9.51216
2827,2827955,0.89783,-0.52672,-9.52174
2828,2828955,0.51475,-0.48123,-9.57441
2829,2829955,0.79487,-0.53151,-9.50259
2830,2830955,0.73741,-0.30406,-9.61033
2831,2831955,0.80685,-0.79966,-9.56484
2832,2832955,0.22505,-0.05507,-9.64384
2833,2833955,1.24259,-0.96486,-9.34696
2834,2834955,0.55785,-0.08140,-9.58399
2835,2835955,0.40462,-0.15562,-9.58878
2836,2836955,1.50835,-0.88825,-9.24641
2837,2837955,0.46208,-0.09098,-9.65342
2838,2838955,0.49560,-0.50518,-9.45949
2839,2839955,0.87388,-0.50757,-9.46667
2840,2840955,0.65601,-0.39744,-9.59835
2841,2841955,0.62010,-0.34237,-9.48822
2842,2842955,0.75657,-0.55785,-9.60554
2843,2843955,0.73741,-0.30167,-9.57920
2844,2844955,0.50996,-0.73263,-9.54568
2845,2845955,0.85473,-0.20351,-9.56484
2846,2846955,0.85473,-0.66080,-9.59357
2847,2847955,0.51954,-0.41899,-9.59596
2848,2848955,0.59137,-0.44532,-9.62230
2849,2849955,1.15879,-0.83558,-9.41879
2850,2850955,0.11971,0.19393,-9.76116
2851,2851955,1.06542,-0.61052,-9.50259
2852,2852955,1.21386,-0.78051,-9.48822
2853,2853955,0.28730,0.10056,-9.75158
2854,2854956,0.77093,-0.75417,-9.41879
2855,2855955,0.71347,-0.32561,-9.65342
2856,2856955,0.68714,-0.40941,-9.53611
2857,2857955,0.56264,-0.41899,-9.54808
2858,2858956,0.89543,-0.53391,-9.59117
2859,2859955,0.54348,-0.40941,-9.59117
2860,2860955,0.71347,-0.65841,-9.50019
2861,2861955,0.75178,-0.29688,-9.57920
2862,2862956,0.91937,-0.78290,-9.58399
2863,2863955,0.27294,-0.20590,-9.61751
2864,2864955,1.07739,-0.73502,-9.55526
2865,2865955,0.81403,-0.47166,-9.48583
2866,2866956,0.20111,0.08380,-9.64863
2867,2867955,1.46046,-0.97923,-9.30866
2868,2868956,0.67756,-0.23703,-9.54808
2869,2869955,0.36631,-0.33519,-9.49540
2870,2870955,0.75896,-0.63207,-9.45949
2871,2871955,0.58179,-0.37350,-9.62469
2872,2872956,0.55067,-0.39504,-9.53132
2873,2873955,0.63925,-0.55545,-9.59596
2874,2874956,0.84276,-0.39025,-9.62708
2875,2875955,0.51954,-0.62728,-9.56005
2876,2876955,0.87388,-0.41659,-9.49780
2877,2877955,0.82361,-0.52672,-9.63906
2878,2878956,0.58658,-0.64165,-9.53850
2879,2879955,0.39744,-0.17478,-9.56484
2880,2880955,1.25456,-1.03908,-9.34696
2881,2881955,0.17478,0.23224,-9.65342
2882,2882956,0.81403,-0.52672,-9.50977
2883,2883955,1.35272,-0.90980,-9.35654
2884,2884955,0.29449,0.03352,-9.71328
2885,2885955,0.67756,-0.73981,-9.37809
2886,2886955,0.67038,-0.31843,-9.57441
2887,2887955,0.67038,-0.42617,-9.57202
2888,2888955,0.55306,-0.37828,-9.50977
2889,2889956,0.89543,-0.63686,-9.52413
2890,2890955,0.59855,-0.37589,-9.55526
2891,2891955,0.62489,-0.73741,-9.60793
2892,2892955,0.76614,-0.25618,-9.64145
2893,2893956,0.90261,-0.75178,-9.59357
2894,2894955,0.22027,-0.16999,-9.65342
2895,2895955,0.96726,-0.69671,-9.50259
2896,2896955,0.89304,-0.55067,-9.51456
2897,2897956,0.14844,0.13886,-9.72525
2898,2898955,1.41258,-0.89064,-9.33978
2899,2899955,0.82361,-0.35434,-9.60554
2900,2900955,0.38786,-0.26336,-9.67976
2901,2901955,0.82600,-0.67995,-9.43555
2902,2902955,0.60094,-0.39265,-9.65103
2903,2903955,0.68235,-0.36631,-9.56723
2904,2904956,0.67756,-0.51715,-9.54568
2905,2905955,0.87388,-0.35195,-9.49301
2906,2906955,0.43574,-0.56264,-9.56962
2907,2907955,0.81882,-0.42377,-9.53611
2908,2908955,0.81642,-0.46448,-9.67736
2909,2909955,0.67756,-0.65362,-9.52892
2910,2910956,0.33758,-0.16999,-9.60793
2911,2911955,1.33836,-1.01275,-9.36372
2912,2912956,0.37828,0.09098,-9.63666
2913,2913955,0.67038,-0.35195,-9.51695
2914,2914956,1.50356,-0.88585,-9.37809
2915,2915955,0.39025,0.02155,-9.74201
2916,2916955,0.69671,-0.70150,-9.46428
2917,2917955,0.82839,-0.38307,-9.61511
2918,2918956,0.66559,-0.39265,-9.63187
2919,2919955,0.59616,-0.41180,-9.53371
2920,2920955,0.86670,-0.62728,-9.51935
2921,2921955,0.66559,-0.33758,-9.57441
2922,2922956,0.60094,-0.72784,-9.52653
2923,2923955,0.80924,-0.22984,-9.61751
2924,2924955,0.87149,-0.70150,-9.52413
2925,2925955,0.34477,-0.35434,-9.59596
2926,2926956,0.82361,-0.47645,-9.61272
2927,2927955,1.12767,-0.73741,-9.40682
2928,2928955,0.09816,0.18435,-9.61751
2929,2929955,1.29766,-0.85952,-9.30387
2930,2930955,0.93134,-0.53870,-9.42597
2931,2931955,0.30406,-0.03831,-9.58399
2932,2932955,0.84515,-0.70868,-9.35415
2933,2933955,0.64883,-0.28012,-9.58638
2934,2934956,0.60573,-0.33519,-9.54808
2935,2935955,0.57940,-0.49321,-9.62230
2936,2936956,0.90261,-0.50996,-9.56723
2937,2937955,0.46208,-0.53870,-9.53850
2938,2938955,0.81882,-0.53630,-9.56484
2939,2939955,0.78769,-0.37350,-9.60793
2940,2940956,0.78051,-0.77333,-9.50977
2941,2941955,0.24421,-0.13408,-9.60554
2942,2942955,1.21147,-0.99359,-9.36133
2943,2943955,0.48363,-0.02155,-9.65342
2944,2944956,0.49321,-0.21069,-9.59835
2945,2945955,1.50595,-0.92416,-9.34936
2946,2946956,0.43574,0.00000,-9.75637
2947,2947955,0.59616,-0.56743,-9.55047
2948,2948955,0.84276,-0.46448,-9.55526
2949,2949955,0.67756,-0.39025,-9.53611
2950,2950955,0.63925,-0.39504,-9.47386
2951,2951955,0.79487,-0.61770,-9.49780
2952,2952956,0.73502,-0.32561,-9.51695
2953,2953955,0.55306,-0.79966,-9.55047
2954,2954955,0.83318,-0.30406,-9.52174
2955,2955956,0.90022,-0.68474,-9.54808
2956,2956955,0.45011,-0.39983,-9.59835
2957,2957955,0.60813,-0.42377,-9.57202
2958,2958955,1.18513,-0.91698,-9.39964
2959,2959956,0.10774,0.17478,-9.73961
2960,2960955,1.14203,-0.71826,-9.40442
2961,2961955,1.10612,-0.71108,-9.45710
2962,2962955,0.26576,0.00958,-9.71567
2963,2963955,0.79487,-0.76375,-9.37809
2964,2964955,0.68714,-0.31603,-9.66300
2965,2965955,0.65362,-0.37350,-9.57681
2966,2966955,0.57940,-0.44772,-9.54329
2967,2967955,0.91937,-0.56024,-9.50498
2968,2968955,0.53391,-0.45729,-9.55047
2969,2969955,0.74460,-0.64883,-9.51456
2970,2970955,0.83079,-0.26336,-9.60314
2971,2971955,0.91698,-0.80445,-9.48104
2972,2972955,0.16281,-0.14844,-9.61033
2973,2973955,1.14922,-0.86670,-9.38527
2974,2974955,0.73502,-0.26097,-9.52413
2975,2975955,0.27054,0.00000,-9.67976
2976,2976955,1.50835,-0.94810,-9.32542
2977,2977955,0.56743,-0.08859,-9.63187
2978,2978955,0.46208,-0.44772,-9.50498
2979,2979955,0.76136,-0.57940,-9.50019
2980,2980955,0.67277,-0.35195,-9.62230
2981,2981955,0.65122,-0.41420,-9.52892
2982,2982956,0.68474,-0.59855,-9.60314
2983,2983955,0.81882,-0.43096,-9.52174
2984,2984955,0.42856,-0.74220,-9.54089
2985,2985955,0.83318,-0.37350,-9.54329
2986,2986955,0.85234,-0.57940,-9.55287
2987,2987955,0.54348,-0.50518,-9.54329
2988,2988955,0.49081,-0.26576,-9.59596
2989,2989955,1.27372,-0.85234,-9.39724
2990,2990955,0.14126,0.17478,-9.65582
2991,2991955,0.89304,-0.54827,-9.46667
2992,2992955,1.31681,-0.80685,-9.40203
2993,2993955,0.28252,0.13886,-9.67497
2994,2994955,0.72305,-0.78051,-9.30147
2995,2995955,0.69192,-0.28730,-9.58399
2996,2996955,0.67038,-0.37110,-9.61272
2997,2997955,0.52672,-0.35913,-9.53850
2998,2998955,0.82121,-0.61531,-9.56005
2999,2999955,0.50278,-0.36871,-9.61033
3000,3000955,0.66559,-0.67995,-9.56962
3001,3001955,0.78530,-0.24421,-9.69891
3002,3002955,0.88107,-0.81163,-9.58878
3003,3003955,0.27533,-0.21069,-9.55526
3004,3004955,1.03430,-0.72305,-9.48104
3005,3005955,0.92177,-0.56982,-9.49301
3006,3006955,0.19154,0.14365,-9.68215
3007,3007955,1.51553,-0.93134,-9.24401
3008,3008955,0.78051,-0.29928,-9.51216
3009,3009955,0.42617,-0.28970,-9.57441
3010,3010955,0.79727,-0.67756,-9.52174
3011,3011956,0.62489,-0.38307,-9.64863
3012,3012955,0.64643,-0.36152,-9.47864
3013,3013955,0.67277,-0.48842,-9.54089
3014,3014955,0.89304,-0.37350,-9.50977
3015,3015955,0.44293,-0.61292,-9.63427
3016,3016955,0.83079,-0.48842,-9.54808
3017,3017955,0.79727,-0.46208,-9.61272
3018,3018955,0.67038,-0.66080,-9.49062
3019,3019955,0.41180,-0.19154,-9.60554
3020,3020955,1.31921,-1.07260,-9.38288
3021,3021955,0.31843,0.12689,-9.67976
3022,3022955,0.74699,-0.44293,-9.45710
3023,3023955,1.41976,-0.88107,-9.37091
3024,3024955,0.28491,0.00958,-9.70370
3025,3025955,0.71108,-0.71347,-9.35415
3026,3026955,0.77093,-0.36631,-9.51216
3027,3027955,0.64883,-0.43335,-9.57920
3028,3028955,0.55785,-0.42856,-9.58399
3029,3029955,0.87867,-0.59616,-9.53611
3030,3030956,0.63686,-0.35913,-9.58878
3031,3031955,0.65362,-0.75657,-9.51216
3032,3032955,0.83079,-0.29928,-9.59357
3033,3033955,0.93134,-0.79966,-9.53850
3034,3034955,0.33519,-0.31125,-9.57681
3035,3035955,0.89783,-0.56503,-9.55047
3036,3036955,1.10852,-0.68474,-9.42837
3037,3037955,0.16759,0.16041,-9.64863
3038,3038955,1.37188,-0.87149,-9.30387
3039,3039955,0.86910,-0.45729,-9.56484
3040,3040956,0.33519,-0.11013,-9.67736
3041,3041955,0.81642,-0.70868,-9.51935
3042,3042955,0.62968,-0.34477,-9.65582
3043,3043955,0.62010,-0.42138,-9.58878
3044,3044955,0.64404,-0.53151,-9.60793
3045,3045955,0.95768,-0.44053,-9.57202
3046,3046955,0.45011,-0.57700,-9.56005
3047,3047955,0.83079,-0.42617,-9.51216
3048,3048955,0.80924,-0.35195,-9.56244
3049,3049955,0.72305,-0.74220,-9.52413
3050,3050955,0.28491,-0.16999,-9.67497
3051,3051955,1.31442,-1.05345,-9.43794
3052,3052955,0.39744,0.07422,-9.67497
3053,3053955,0.59137,-0.31364,-9.57920
3054,3054955,1.48680,-0.96007,-9.33739
3055,3055955,0.32561,0.07901,-9.68933
3056,3056955,0.60813,-0.68953,-9.40442
3057,3057955,0.73741,-0.46448,-9.51695
3058,3058955,0.64883,-0.36631,-9.61033
3059,3059955,0.57700,-0.36631,-9.54089
3060,3060955,0.87867,-0.63446,-9.50498
3061,3061955,0.68235,-0.29688,-9.56484
3062,3062955,0.54348,-0.76614,-9.51456
3063,3063955,0.84994,-0.26815,-9.57441
3064,3064955,0.96247,-0.75657,-9.55526
3065,3065956,0.42377,-0.32561,-9.62230
3066,3066955,0.83797,-0.55067,-9.57202
3067,3067955,1.07021,-0.74699,-9.38527
3068,3068955,0.09816,0.13647,-9.70131
3069,3069955,1.35033,-0.77093,-9.33739
3070,3070955,1.01993,-0.55785,-9.50498
3071,3071956,0.34716,-0.11732,-9.73961
3072,3072955,0.89543,-0.78769,-9.38048
3073,3073955,0.68953,-0.32561,-9.62708
3074,3074955,0.65122,-0.32322,-9.56244
3075,3075955,0.58419,-0.47884,-9.55047
3076,3076956,0.90980,-0.51954,-9.52413
3077,3077955,0.45729,-0.47645,-9.55047
3078,3078955,0.79248,-0.54348,-9.52413
3079,3079956,0.77572,-0.34955,-9.65821
3080,3080955,0.77093,-0.78051,-9.48343
3081,3081955,0.23224,-0.10534,-9.68933
3082,3082955,1.27850,-0.99838,-9.38288
3083,3083956,0.52912,-0.10774,-9.61511
3084,3084955,0.35913,-0.19872,-9.64624
3085,3085956,1.50116,-0.99359,-9.31584
3086,3086955,0.47405,-0.06225,-9.65103
3087,3087955,0.51954,-0.56503,-9.45710
3088,3088955,0.80445,-0.53870,-9.51456
3089,3089956,0.66319,-0.35913,-9.59596
3090,3090955,0.57700,-0.37110,-9.54089
3091,3091956,0.76136,-0.56743,-9.57681
3092,3092955,0.74460,-0.38547,-9.64624
3093,3093955,0.55306,-0.74939,-9.62708
3094,3094955,0.85473,-0.27533,-9.58878
3095,3095956,0.92895,-0.70868,-9.55526
3096,3096955,0.48123,-0.44772,-9.52892
3097,3097955,0.68235,-0.40462,-9.50977
3098,3098955,1.25456,-0.82361,-9.40203
3099,3099956,0.13168,0.13647,-9.73482
3100,3100955,1.12288,-0.65601,-9.39006
3101,3101956,1.10612,-0.68474,-9.38527
3102,3102955,0.25379,-0.00239,-9.63666
3103,3103955,0.80924,-0.83797,-9.39485
3104,3104955,0.72305,-0.34237,-9.59596
3105,3105955,0.69911,-0.41180,-9.54089
3106,3106955,0.60334,-0.46926,-9.58638
3107,3107955,0.89543,-0.56264,-9.48822
3108,3108955,0.47884,-0.46687,-9.49780
3109,3109956,0.76614,-0.61770,-9.52892
3110,3110955,0.83079,-0.24181,-9.61033
3111,3111955,0.89064,-0.77333,-9.55287
3112,3112955,0.23224,-0.12210,-9.67257
3113,3113955,1.12527,-0.81882,-9.40682
3114,3114955,0.68714,-0.27533,-9.49301
3115,3115956,0.25618,-0.02394,-9.63427
3116,3116955,1.50835,-1.01754,-9.31584
3117,3117955,0.56024,-0.04788,-9.67736
3118,3118955,0.47884,-0.48123,-9.50977
3119,3119956,0.86191,-0.57221,-9.46428
3120,3120955,0.64643,-0.38307,-9.65821
3121,3121955,0.49799,-0.36631,-9.55287
3122,3122955,0.69192,-0.61292,-9.54089
3123,3123955,0.76136,-0.34955,-9.47625
3124,3124955,0.51954,-0.64643,-9.51216
3125,3125955,0.79248,-0.34237,-9.56484
3126,3126956,0.84515,-0.55545,-9.55047
3127,3127955,0.52912,-0.50757,-9.52653
3128,3128956,0.53391,-0.24421,-9.61511
3129,3129955,1.23780,-0.92656,-9.36372
3130,3130955,0.20111,0.18435,-9.70609
3131,3131956,1.00556,-0.62249,-9.46907
3132,3132955,1.24498,-0.74699,-9.37330
3133,3133955,0.24900,0.09337,-9.67736
3134,3134955,0.78769,-0.77093,-9.48822
3135,3135956,0.74939,-0.34955,-9.60793
3136,3136955,0.61531,-0.39744,-9.56962
3137,3137955,0.56024,-0.45729,-9.54329
3138,3138955,0.89783,-0.53630,-9.53850
3139,3139955,0.54827,-0.36392,-9.58399
3140,3140955,0.71587,-0.64643,-9.50977
3141,3141956,0.75896,-0.23703,-9.54329
3142,3142955,0.88585,-0.77093,-9.54568
3143,3143955,0.23942,-0.17957,-9.72525
3144,3144956,1.13964,-0.90740,-9.44991
3145,3145955,0.74220,-0.35913,-9.54329
3146,3146956,0.26576,0.00239,-9.61033
3147,3147955,1.48680,-0.92656,-9.33739
3148,3148955,0.64404,-0.26336,-9.61033
3149,3149955,0.41180,-0.39025,-9.51695
3150,3150955,0.84994,-0.60094,-9.39485
3151,3151955,0.67995,-0.36392,-9.65103
3152,3152955,0.66319,-0.38547,-9.56962
3153,3153955,0.68235,-0.54588,-9.58878
3154,3154956,0.79248,-0.32801,-9.60314
3155,3155955,0.51236,-0.63686,-9.56723
3156,3156955,0.90980,-0.33519,-9.54808
3157,3157956,0.84515,-0.56264,-9.61033
3158,3158955,0.54827,-0.58658,-9.54089
3159,3159955,0.51954,-0.25379,-9.59117
3160,3160956,1.30963,-1.02232,-9.41161
3161,3161955,0.17957,0.23703,-9.67018
3162,3162955,0.85712,-0.50039,-9.49780
3163,3163955,1.32399,-0.84994,-9.38288
3164,3164956,0.34237,0.10534,-9.73243
3165,3165955,0.66798,-0.74460,-9.46428
3166,3166955,0.69911,-0.33040,-9.58878
3167,3167955,0.66080,-0.35195,-9.60554
3168,3168955,0.56743,-0.35674,-9.55287
3169,3169955,0.86431,-0.51954,-9.52413
3170,3170955,0.54827,-0.37110,-9.57441
3171,3171955,0.71108,-0.67277,-9.49540
3172,3172955,0.85234,-0.25857,-9.52653
3173,3173955,0.94810,-0.77572,-9.46428
3174,3174955,0.25379,-0.20830,-9.60075
3175,3175955,0.99599,-0.70390,-9.47146
3176,3176955,0.87149,-0.46687,-9.47386
3177,3177955,0.15323,0.08859,-9.66060
3178,3178955,1.37427,-0.92416,-9.34218
3179,3179956,0.72544,-0.31364,-9.54808
3180,3180955,0.33040,-0.23942,-9.62948
3181,3181955,0.89064,-0.57700,-9.50019
3182,3182955,0.63207,-0.32322,-9.63666
3183,3183955,0.67995,-0.37110,-9.50259
3184,3184955,0.67277,-0.51954,-9.50019
3185,3185955,0.88346,-0.43814,-9.47864
3186,3186955,0.40462,-0.62728,-9.51935
3187,3187955,0.87149,-0.41659,-9.47625
3188,3188955,0.84276,-0.43814,-9.60075
3189,3189955,0.68235,-0.66559,-9.50737
3190,3190955,0.36392,-0.13168,-9.64384
3191,3191955,1.27132,-1.04148,-9.37330
3192,3192955,0.23224,0.15083,-9.67018
3193,3193955,0.70629,-0.42856,-9.50259
3194,3194955,1.40300,-0.84515,-9.32302
3195,3195955,0.29449,0.03831,-9.67497
3196,3196955,0.63207,-0.69671,-9.41640
3197,3197955,0.66559,-0.41659,-9.58878
3198,3198955,0.67038,-0.42138,-9.62230
3199,3199955,0.59137,-0.36392,-9.58399
3200,3200955,0.84755,-0.62010,-9.54808
3201,3201955,0.58897,-0.33279,-9.60314
3202,3202955,0.59376,-0.75178,-9.61033
3203,3203955,0.80924,-0.25857,-9.61751
3204,3204955,0.91219,-0.74460,-9.54808
3205,3205955,0.30406,-0.23463,-9.61272
3206,3206955,0.92177,-0.62728,-9.54808
3207,3207955,1.01275,-0.55067,-9.42597
3208,3208955,0.11732,0.17717,-9.67018
3209,3209955,1.29287,-0.86431,-9.32302
3210,3210955,0.81403,-0.44293,-9.48104
3211,3211955,0.24421,-0.12929,-9.61751
3212,3212955,0.84515,-0.72784,-9.47625
3213,3213955,0.65841,-0.39504,-9.64384
3214,3214955,0.60573,-0.42856,-9.57681
3215,3215955,0.59376,-0.52194,-9.57202
3216,3216955,0.91459,-0.42377,-9.51695
3217,3217955,0.46448,-0.62728,-9.54089
3218,3218955,0.82121,-0.41659,-9.50019
3219,3219955,0.79727,-0.40941,-9.60314
3220,3220955,0.73981,-0.67038,-9.55287
3221,3221955,0.31364,-0.13168,-9.71328
3222,3222955,1.33596,-0.98641,-9.36133
3223,3223955,0.41899,0.10534,-9.60793
3224,3224955,0.53870,-0.30167,-9.56723
3225,3225955,1.45089,-0.92895,-9.33978
3226,3226955,0.37828,0.01676,-9.69891
3227,3227955,0.66559,-0.57700,-9.47864
3228,3228956,0.84276,-0.44772,-9.57920
3229,3229955,0.71826,-0.41899,-9.59117
3230,3230955,0.57700,-0.45490,-9.47864
3231,3231955,0.81882,-0.67516,-9.53850
3232,3232955,0.63446,-0.33998,-9.55287
3233,3233955,0.54827,-0.76375,-9.49780
3234,3234955,0.85952,-0.25139,-9.58160
3235,3235955,0.86910,-0.70868,-9.57920
3236,3236955,0.86910,-0.70868,-9.57920
3237,3237955,0.45011,-0.43814,-9.55287
3238,3238956,0.72784,-0.39265,-9.56484
3239,3239955,1.14682,-0.80685,-9.34696
3240,3240955,0.08140,0.24181,-9.69652
3241,3241955,1.20668,-0.76614,-9.36133
3242,3242955,1.07500,-0.60573,-9.48583
3243,3243955,0.32801,-0.04788,-9.75398
3244,3244955,0.81163,-0.78051,-9.42358
3245,3245956,0.66319,-0.30646,-9.62708
3246,3246955,0.71826,-0.45729,-9.59357
3247,3247956,0.61052,-0.48842,-9.56005
3248,3248955,0.97205,-0.51715,-9.50019
3249,3249955,0.49081,-0.46926,-9.56962
3250,3250955,0.73981,-0.56743,-9.51216
3251,3251956,0.75178,-0.30885,-9.64145
3252,3252955,0.82839,-0.83558,-9.51216
3253,3253955,0.22984,-0.08859,-9.67018
3254,3254955,1.22104,-0.89064,-9.44513
3255,3255955,0.58419,-0.22745,-9.49301
3256,3256956,0.29449,-0.07661,-9.63906
3257,3257955,1.53468,-0.90980,-9.38766
3258,3258956,0.53630,-0.07422,-9.59117
3259,3259955,0.46687,-0.42856,-9.53850
3260,3260955,0.84276,-0.52194,-9.43555
3261,3261956,0.63446,-0.39504,-9.58878
3262,3262955,0.59137,-0.43335,-9.50977
3263,3263955,0.76375,-0.63925,-9.59117
3264,3264955,0.84994,-0.36152,-9.48822
3265,3265955,0.55306,-0.72305,-9.50737
3266,3266955,0.81403,-0.38786,-9.55526
3267,3267955,0.83079,-0.65122,-9.55287
3268,3268956,0.56503,-0.55545,-9.50498
3269,3269955,0.53151,-0.29688,-9.57202
3270,3270955,1.27611,-0.90980,-9.38527
3271,3271955,0.15562,0.21069,-9.67976
3272,3272956,0.90740,-0.56024,-9.51935
3273,3273955,1.27372,-0.80685,-9.38766
3274,3274955,0.23942,0.09098,-9.66779
3275,3275955,0.71347,-0.79487,-9.42597
3276,3276955,0.74699,-0.34477,-9.53611
3277,3277955,0.67038,-0.37350,-9.54808
3278,3278955,0.58419,-0.42617,-9.57202
3279,3279955,0.88585,-0.62728,-9.50977
3280,3280955,0.57221,-0.39025,-9.53371
3281,3281955,0.66319,-0.64883,-9.56244
3282,3282956,0.79966,-0.29688,-9.69173
3283,3283955,0.87628,-0.78769,-9.59596
3284,3284955,0.30167,-0.20590,-9.58878
3285,3285955,1.00078,-0.66319,-9.47386
3286,3286955,0.92177,-0.59376,-9.50019
3287,3287955,0.21548,0.12689,-9.66779
3288,3288956,1.45567,-0.93613,-9.32063
3289,3289955,0.67516,-0.32082,-9.55047
3290,3290955,0.32322,-0.29209,-9.66060
3291,3291956,0.84036,-0.68953,-9.42118
3292,3292955,0.63446,-0.33758,-9.60075
3293,3293956,0.64883,-0.41180,-9.53371
3294,3294955,0.66798,-0.52433,-9.60793
3295,3295956,0.91219,-0.43574,-9.47386
3296,3296955,0.50996,-0.62010,-9.49301
3297,3297956,0.85712,-0.45250,-9.59596
3298,3298955,0.80206,-0.45250,-9.62469
3299,3299956,0.65362,-0.69911,-9.58160
3300,3300955,0.33279,-0.16041,-9.72046
3301,3301955,1.24977,-0.98641,-9.33978
3302,3302956,0.30406,0.14605,-9.65103
3303,3303955,0.71347,-0.43574,-9.54568
3304,3304956,1.41258,-0.95050,-9.40442
3305,3305955,0.36871,0.05746,-9.71567
3306,3306956,0.70629,-0.69671,-9.39964
3307,3307955,0.77333,-0.39025,-9.53850
3308,3308956,0.68714,-0.40941,-9.63187
3309,3309955,0.52433,-0.40223,-9.53371
3310,3310955,0.85712,-0.64165,-9.60075
3311,3311955,0.68474,-0.32322,-9.64384
3312,3312955,0.61770,-0.74220,-9.55287
3313,3313955,0.84036,-0.24660,-9.54089
3314,3314955,0.90261,-0.73502,-9.58160
3315,3315955,0.36152,-0.31603,-9.55287
3316,3316955,0.79487,-0.55306,-9.51695
3317,3317955,1.08218,-0.70868,-9.48343
3318,3318955,0.12210,0.17717,-9.68215
3319,3319956,1.33836,-0.80685,-9.42358
3320,3320955,0.90980,-0.45490,-9.59835
3321,3321955,0.30167,-0.08380,-9.74440
3322,3322955,0.86431,-0.79727,-9.46428
3323,3323956,0.67277,-0.38547,-9.61990
3324,3324955,0.65601,-0.39025,-9.50737
3325,3325955,0.57461,-0.51475,-9.50259
3326,3326955,0.94332,-0.48123,-9.45710
3327,3327955,0.45011,-0.53391,-9.56244
3328,3328955,0.77333,-0.53151,-9.55287
3329,3329956,0.76614,-0.45729,-9.62948
3330,3330955,0.85234,-0.74939,-9.48343
3331,3331955,0.28970,-0.12210,-9.65342
3332,3332956,1.26653,-0.96965,-9.37091
3333,3333955,0.50996,-0.04070,-9.58638
3334,3334956,0.43814,-0.21548,-9.59596
3335,3335955,1.46286,-1.01514,-9.26795
3336,3336955,0.41420,-0.06704,-9.67976
3337,3337956,0.58179,-0.50996,-9.55526
3338,3338955,0.85712,-0.45011,-9.55047
3339,3339956,0.65122,-0.37350,-9.63427
3340,3340955,0.60573,-0.39983,-9.60793
3341,3341955,0.80206,-0.59855,-9.66539
3342,3342955,0.68235,-0.34237,-9.59117
3343,3343956,0.51954,-0.73502,-9.58399
3344,3344955,0.78530,-0.34477,-9.57202
3345,3345955,0.87388,-0.67277,-9.55287
3346,3346956,0.51715,-0.49560,-9.50737
3347,3347955,0.64643,-0.40701,-9.54568
3348,3348956,1.15879,-0.85234,-9.44034
3349,3349955,0.12929,0.19632,-9.69652
3350,3350955,1.13485,-0.65122,-9.43076
3351,3351955,1.06303,-0.71347,-9.45231
3352,3352955,0.24900,0.03352,-9.60793
3353,3353955,0.83079,-0.85234,-9.32302
3354,3354956,0.72784,-0.36152,-9.57202
3355,3355955,0.66559,-0.41420,-9.55765
3356,3356955,0.55785,-0.44053,-9.60075
3357,3357955,0.90501,-0.56503,-9.60793
3358,3358956,0.47884,-0.44293,-9.65103
3359,3359955,0.72544,-0.65362,-9.51695
3360,3360955,0.82839,-0.32322,-9.61990
3361,3361956,0.93374,-0.78051,-9.57920
3362,3362955,0.24900,-0.16520,-9.67257
3363,3363956,1.16837,-0.82121,-9.44273
3364,3364955,0.70629,-0.31603,-9.52653
3365,3365956,0.29928,0.00479,-9.68694
3366,3366955,1.48919,-0.99599,-9.37809
3367,3367956,0.60813,-0.15323,-9.68215
3368,3368955,0.44532,-0.45250,-9.50737
3369,3369955,0.84515,-0.57700,-9.47386
3370,3370955,0.64404,-0.36871,-9.65103
3371,3371956,0.59376,-0.34955,-9.44752
3372,3372955,0.69911,-0.57700,-9.47625
3373,3373956,0.76854,-0.40462,-9.54089
3374,3374955,0.53630,-0.72784,-9.60314
3375,3375955,0.84755,-0.33998,-9.61033
3376,3376955,0.84994,-0.57700,-9.53611
3377,3377956,0.57700,-0.57461,-9.53850
3378,3378955,0.50996,-0.32801,-9.63187
3379,3379956,1.28569,-1.00317,-9.40682
3380,3380955,0.15083,0.21308,-9.71088
3381,3381955,0.93853,-0.55067,-9.41161
3382,3382955,1.32878,-0.80206,-9.33978
3383,3383955,0.28970,0.06225,-9.65103
3384,3384955,0.74460,-0.81163,-9.36851
3385,3385955,0.73263,-0.39504,-9.53132
3386,3386955,0.64643,-0.38786,-9.61990
3387,3387955,0.53870,-0.42138,-9.60075
3388,3388955,0.91698,-0.63207,-9.50977
3389,3389955,0.62728,-0.45011,-9.52653
3390,3390955,0.70629,-0.67995,-9.52892
3391,3391955,0.80924,-0.28252,-9.56484
3392,3392956,0.89543,-0.76136,-9.54089
3393,3393955,0.27294,-0.19872,-9.65582
3394,3394955,1.00078,-0.67995,-9.40921
3395,3395955,0.83797,-0.45729,-9.51216
3396,3396955,0.16041,0.06464,-9.72525
3397,3397955,1.44370,-0.96486,-9.31823
3398,3398955,0.70629,-0.24900,-9.62230
3399,3399955,0.41659,-0.25857,-9.60554
3400,3400955,0.83797,-0.68714,-9.48822
3401,3401955,0.62968,-0.36392,-9.61511
3402,3402955,0.60573,-0.38547,-9.49301
3403,3403955,0.64883,-0.56264,-9.53132
3404,3404955,0.89064,-0.43096,-9.52653
3405,3405955,0.48123,-0.60813,-9.51695
3406,3406955,0.85952,-0.39025,-9.51935
3407,3407955,0.79966,-0.45490,-9.60314
3408,3408955,0.73502,-0.67038,-9.52174
3409,3409955,0.39744,-0.06704,-9.65103
3410,3410955,1.32399,-1.01754,-9.36372
3411,3411955,0.32561,0.20351,-9.71567
3412,3412955,0.62249,-0.37589,-9.59117
3413,3413955,1.44131,-0.92656,-9.35893
3414,3414955,0.35434,0.07901,-9.70609
3415,3415955,0.69911,-0.74939,-9.41400
3416,3416955,0.71587,-0.42617,-9.53371
3417,3417955,0.66559,-0.36631,-9.50977
3418,3418955,0.62968,-0.37110,-9.48583
3419,3419955,0.85952,-0.62968,-9.48822
3420,3420955,0.65601,-0.35913,-9.55287
3421,3421955,0.64883,-0.74939,-9.50498
3422,3422955,0.79727,-0.29928,-9.57920
3423,3423955,0.88825,-0.73023,-9.56962
3424,3424955,0.32082,-0.23224,-9.59117
3425,3425955,0.86191,-0.59376,-9.56723
3426,3426955,0.98402,-0.60573,-9.44034
3427,3427955,0.07901,0.18675,-9.60793
3428,3428955,1.32160,-0.76375,-9.31344
3429,3429955,0.93134,-0.45250,-9.43316
3430,3430955,0.33279,-0.10295,-9.59357
3431,3431955,0.90740,-0.71108,-9.41879
3432,3432955,0.65841,-0.33998,-9.61272
3433,3433955,0.60334,-0.38786,-9.56723
3434,3434956,0.56743,-0.47884,-9.63906
3435,3435955,0.86191,-0.44293,-9.55047
3436,3436955,0.39504,-0.54827,-9.61033
3437,3437955,0.76854,-0.46926,-9.51216
3438,3438955,0.78051,-0.33998,-9.59596
3439,3439955,0.77093,-0.71826,-9.49780
3440,3440955,0.27054,-0.08859,-9.60075
3441,3441955,1.25217,-1.00317,-9.39485
3442,3442955,0.43335,-0.00958,-9.61511
3443,3443955,0.46208,-0.19632,-9.55526
3444,3444955,1.51314,-0.98881,-9.31344
3445,3445955,0.42856,0.01197,-9.61033
3446,3446955,0.54827,-0.67995,-9.48583
3447,3447955,0.82361,-0.43096,-9.56962
3448,3448955,0.69192,-0.39025,-9.57681
3449,3449955,0.58419,-0.46448,-9.53132
3450,3450955,0.82600,-0.59855,-9.60314
3451,3451955,0.69432,-0.32082,-9.52653
3452,3452955,0.59855,-0.70629,-9.55047
3453,3453955,0.82600,-0.25618,-9.62469
3454,3454955,0.93134,-0.70150,-9.61272
3455,3455955,0.43096,-0.41180,-9.53132
3456,3456955,0.73741,-0.45969,-9.49301
3457,3457955,1.13725,-0.76854,-9.41879
3458,3458955,0.11013,0.16281,-9.72764
3459,3459955,1.23301,-0.74220,-9.42118
3460,3460955,1.02232,-0.63207,-9.48104
3461,3461956,0.25857,0.00000,-9.72764
3462,3462955,0.84276,-0.82600,-9.42358
3463,3463955,0.67038,-0.32322,-9.63427
3464,3464955,0.68474,-0.38307,-9.54089
3465,3465955,0.55306,-0.46208,-9.52174
3466,3466955,0.94332,-0.49560,-9.54808
3467,3467955,0.49799,-0.44293,-9.55526
3468,3468955,0.83318,-0.56503,-9.55526
3469,3469955,0.83318,-0.31364,-9.64384
3470,3470955,0.83797,-0.79487,-9.50977
3471,3471955,0.14365,-0.13408,-9.65821
3472,3472955,1.22344,-0.87149,-9.41161
3473,3473955,0.59616,-0.11732,-9.59596
3474,3474955,0.39744,-0.07901,-9.61033
3475,3475955,1.50595,-1.01754,-9.30626
3476,3476956,0.49081,-0.04070,-9.63427
3477,3477955,0.46448,-0.55785,-9.45949
3478,3478955,0.81403,-0.57221,-9.48583
3479,3479955,0.69432,-0.45969,-9.62948
3480,3480955,0.62489,-0.35674,-9.50977
3481,3481955,0.80445,-0.61531,-9.50977
3482,3482956,0.74939,-0.33040,-9.52413
3483,3483955,0.56743,-0.74460,-9.54089
3484,3484955,0.88107,-0.29449,-9.55287
3485,3485955,0.88585,-0.63446,-9.61990
3486,3486955,0.48842,-0.45250,-9.57202
3487,3487955,0.67277,-0.35195,-9.57920
3488,3488955,1.23541,-0.83797,-9.42358
3489,3489955,0.14844,0.17957,-9.74440
3490,3490955,1.04627,-0.62968,-9.47386
3491,3491956,1.12767,-0.68235,-9.46428
3492,3492955,0.25379,0.05986,-9.69173
3493,3493956,0.73263,-0.79966,-9.36851
3494,3494955,0.71108,-0.33758,-9.58878
3495,3495955,0.62010,-0.35913,-9.52413
3496,3496955,0.59855,-0.44053,-9.54329
3497,3497956,0.93853,-0.52912,-9.60554
3498,3498955,0.54348,-0.46448,-9.54568
3499,3499955,0.81642,-0.62249,-9.51935
3500,3500955,0.82839,-0.30406,-9.66779
3501,3501955,0.85712,-0.71108,-9.54808
3502,3502955,0.25379,-0.14126,-9.63187
3503,3503956,1.13246,-0.82361,-9.55287
3504,3504955,0.79727,-0.31603,-9.63666
3505,3505955,0.26576,0.08859,-9.73482
3506,3506955,1.50835,-0.95529,-9.28232
3507,3507955,0.66559,-0.15802,-9.65821
3508,3508955,0.45011,-0.38307,-9.62708
3509,3509956,0.84755,-0.59616,-9.49062
3510,3510955,0.62249,-0.30885,-9.57920
3511,3511955,0.61531,-0.36631,-9.51456
3512,3512955,0.72305,-0.60813,-9.59117
3513,3513956,0.78290,-0.40941,-9.50977
3514,3514955,0.49560,-0.76375,-9.50498
3515,3515955,0.84994,-0.34716,-9.53850
3516,3516955,0.83318,-0.56264,-9.57920
3517,3517956,0.52912,-0.60573,-9.51216
3518,3518955,0.47645,-0.20351,-9.56962
3519,3519955,1.25456,-0.96007,-9.33260
3520,3520955,0.20830,0.19154,-9.67736
3521,3521955,0.96726,-0.58897,-9.44991
3522,3522955,1.33357,-0.87867,-9.33978
3523,3523956,0.32322,0.08380,-9.73722
3524,3524955,0.70390,-0.75178,-9.38527
3525,3525955,0.68953,-0.40223,-9.60075
3526,3526955,0.68714,-0.42377,-9.61272
3527,3527956,0.60094,-0.40941,-9.57202
3528,3528955,0.90501,-0.52912,-9.51456
3529,3529955,0.62249,-0.38307,-9.59596
3530,3530955,0.69911,-0.68714,-9.62708
3531,3531955,0.75417,-0.23703,-9.62469
3532,3532955,0.93134,-0.75896,-9.58399
3533,3533956,0.28491,-0.21548,-9.60075
3534,3534955,1.02711,-0.79727,-9.53132
3535,3535956,0.90980,-0.49799,-9.48343
3536,3536955,0.17478,0.08619,-9.67018
3537,3537956,1.44610,-0.93613,-9.34218
3538,3538955,0.76375,-0.36631,-9.53132
3539,3539956,0.37110,-0.26815,-9.57441
3540,3540955,0.84276,-0.72065,-9.39006
3541,3541955,0.64165,-0.47884,-9.63906
3542,3542955,0.61292,-0.39744,-9.44991
3543,3543955,0.61770,-0.53151,-9.48104
3544,3544955,0.86910,-0.45729,-9.52174
3545,3545955,0.48363,-0.63446,-9.59117
3546,3546955,0.87867,-0.43096,-9.52413
3547,3547956,0.83797,-0.48123,-9.61272
3548,3548955,0.64165,-0.65362,-9.54568
3549,3549956,0.32322,-0.08140,-9.68933
3550,3550956,1.27132,-1.02711,-9.39245
3551,3551955,0.31125,0.08140,-9.66539
3552,3552956,0.72784,-0.46448,-9.56484
3553,3553955,1.40300,-0.88825,-9.36612
3554,3554955,0.29449,0.08140,-9.71328
3555,3555955,0.64643,-0.72065,-9.40921
3556,3556956,0.71108,-0.35434,-9.52892
3557,3557955,0.68714,-0.38547,-9.58638
3558,3558955,0.57940,-0.38068,-9.54808
3559,3559955,0.85952,-0.60094,-9.57681
3560,3560955,0.56743,-0.33758,-9.60314
3561,3561956,0.65841,-0.70150,-9.59117
3562,3562955,0.79248,-0.19632,-9.58638
3563,3563956,0.81882,-0.81163,-9.52413
3564,3564955,0.31843,-0.35674,-9.60075
3565,3565955,0.86910,-0.53630,-9.60793
3566,3566956,1.00796,-0.70390,-9.42118
3567,3567955,0.12689,0.21069,-9.67976
3568,3568955,1.37188,-0.89543,-9.38048
3569,3569956,0.86670,-0.48602,-9.58638
3570,3570955,0.33519,-0.16520,-9.64863
3571,3571956,0.84755,-0.68714,-9.49780
3572,3572955,0.67995,-0.33040,-9.61272
3573,3573955,0.65362,-0.40701,-9.54808
3574,3574955,0.63446,-0.53870,-9.59596
3575,3575955,0.90980,-0.46448,-9.59596
3576,3576955,0.50039,-0.56264,-9.60554
3577,3577955,0.84276,-0.41899,-9.50977
3578,3578955,0.78051,-0.46687,-9.65582
3579,3579955,0.70390,-0.71108,-9.48822
3580,3580955,0.33040,-0.08859,-9.61990
3581,3581956,1.30484,-1.04627,-9.31823
3582,3582955,0.40462,0.08859,-9.58878
3583,3583955,0.60813,-0.37110,-9.54329
3584,3584956,1.46046,-0.99599,-9.37330
3585,3585955,0.36392,0.03112,-9.77074
3586,3586956,0.59137,-0.73023,-9.44273
3587,3587955,0.70390,-0.47884,-9.55526
3588,3588955,0.69192,-0.38547,-9.55526
3589,3589955,0.62010,-0.41899,-9.47146
3590,3590955,0.88825,-0.63925,-9.47864
3591,3591956,0.60094,-0.25618,-9.50977
3592,3592955,0.58897,-0.72065,-9.58399
3593,3593955,0.81882,-0.26097,-9.64145
3594,3594955,0.89783,-0.71587,-9.57681
3595,3595955,0.35434,-0.38786,-9.59357
3596,3596955,0.79009,-0.56503,-9.53132
3597,3597955,1.01035,-0.72544,-9.38527
3598,3598955,0.08619,0.21308,-9.75158
3599,3599955,1.34315,-0.86431,-9.41400
3600,3600955,0.92656,-0.50996,-9.50498
3601,3601955,0.31603,-0.11971,-9.64624
3602,3602955,0.85952,-0.79009,-9.39964
3603,3603955,0.66798,-0.39504,-9.59596
3604,3604955,0.62968,-0.46208,-9.58878
3605,3605955,0.60094,-0.52194,-9.60075
3606,3606955,0.89543,-0.52433,-9.48104
3607,3607955,0.45250,-0.60334,-9.52892
3608,3608955,0.81403,-0.47405,-9.54808
3609,3609955,0.82600,-0.39744,-9.57202
3610,3610955,0.76136,-0.76614,-9.50737
3611,3611955,0.28491,-0.04549,-9.68694
3612,3612955,1.29287,-0.98162,-9.34218
3613,3613955,0.46208,0.02873,-9.55287
3614,3614955,0.48363,-0.26097,-9.56005
3615,3615955,1.46286,-0.99120,-9.33260
3616,3616956,0.39504,-0.00958,-9.67736
3617,3617955,0.58897,-0.65841,-9.51456
3618,3618955,0.82121,-0.49321,-9.59596
3619,3619955,0.69671,-0.36871,-9.71806
3620,3620955,0.58897,-0.39025,-9.60075
3621,3621955,0.82600,-0.59855,-9.50977
3622,3622955,0.64883,-0.35195,-9.51456
3623,3623955,0.58419,-0.71347,-9.54568
3624,3624955,0.85473,-0.20590,-9.65582
3625,3625955,0.87149,-0.73023,-9.56244
3626,3626955,0.40701,-0.39025,-9.46907
3627,3627955,0.77812,-0.58179,-9.49301
3628,3628955,1.14922,-0.71587,-9.39006
3629,3629955,0.13886,0.13647,-9.76355
3630,3630955,1.32639,-0.79009,-9.39964
3631,3631955,1.04627,-0.63207,-9.40921
3632,3632955,0.24900,-0.08140,-9.65103
3633,3633955,0.74220,-0.80206,-9.43076
3634,3634955,0.57221,-0.29209,-9.66779
3635,3635955,0.63446,-0.41899,-9.50977
3636,3636955,0.55306,-0.50996,-9.50259
3637,3637955,0.92656,-0.50757,-9.56723
3638,3638955,0.52912,-0.48842,-9.56723
3639,3639955,0.85952,-0.57940,-9.53132
3640,3640955,0.79009,-0.33279,-9.59357
3641,3641955,0.78290,-0.78530,-9.47146
3642,3642955,0.26097,-0.14126,-9.65342
3643,3643955,1.22344,-0.96007,-9.44513
3644,3644955,0.55067,-0.14126,-9.60314
3645,3645955,0.39265,-0.14126,-9.63427
3646,3646955,1.52750,-1.03669,-9.37569
3647,3647955,0.47405,-0.03352,-9.72525
3648,3648955,0.55545,-0.66798,-9.55526
3649,3649955,0.83079,-0.48363,-9.56962
3650,3650955,0.64404,-0.32561,-9.57441
3651,3651955,0.57461,-0.33040,-9.55765
3652,3652955,0.76375,-0.56503,-9.51216
3653,3653955,0.73741,-0.33519,-9.54089
3654,3654956,0.57461,-0.74699,-9.53611
3655,3655955,0.86431,-0.22505,-9.58399
3656,3656955,0.92895,-0.64404,-9.60314
3657,3657955,0.47166,-0.41659,-9.59596
3658,3658955,0.68474,-0.37828,-9.53850
3659,3659955,1.24738,-0.88825,-9.37091
3660,3660955,0.09816,0.22027,-9.67018
3661,3661955,1.10133,-0.70868,-9.39245
3662,3662955,1.05824,-0.68953,-9.43555
3663,3663955,0.26576,0.00000,-9.69173
3664,3664955,0.76854,-0.80685,-9.39245
3665,3665955,0.66559,-0.35913,-9.61033
3666,3666955,0.64643,-0.38307,-9.53611
3667,3667955,0.57461,-0.42377,-9.50977
3668,3668955,0.95529,-0.55067,-9.54808
3669,3669955,0.52912,-0.44532,-9.55765
3670,3670955,0.73741,-0.58658,-9.56244
3671,3671955,0.80685,-0.32801,-9.61272
3672,3672955,0.93374,-0.84036,-9.46907
3673,3673955,0.27773,-0.11492,-9.61990
3674,3674955,1.12527,-0.81163,-9.47146
3675,3675955,0.71826,-0.29449,-9.61990
3676,3676955,0.29209,-0.03831,-9.69412
3677,3677955,1.51314,-0.94571,-9.32542
3678,3678955,0.60573,-0.14365,-9.67736
3679,3679955,0.46208,-0.44293,-9.57441
3680,3680955,0.84515,-0.63207,-9.53611
3681,3681955,0.62728,-0.40701,-9.64384
3682,3682955,0.62249,-0.40941,-9.54329
3683,3683955,0.74939,-0.58897,-9.54329
3684,3684955,0.81642,-0.38547,-9.50737
3685,3685956,0.56503,-0.64883,-9.56962
3686,3686955,0.90740,-0.33279,-9.53132
3687,3687955,0.82839,-0.56264,-9.48343
3688,3688955,0.53391,-0.58658,-9.48343
3689,3689955,0.54109,-0.18196,-9.63666
3690,3690955,1.23062,-0.96007,-9.33978
3691,3691955,0.12689,0.22027,-9.68215
3692,3692955,0.91937,-0.57940,-9.46907
3693,3693956,1.26414,-0.80924,-9.35654
3694,3694955,0.24421,0.05746,-9.64384
3695,3695955,0.73981,-0.81882,-9.36372
3696,3696955,0.73023,-0.33040,-9.57441
3697,3697955,0.70150,-0.37589,-9.64624
3698,3698955,0.53870,-0.43574,-9.61751
3699,3699956,0.85473,-0.57700,-9.55765
3700,3700956,0.48363,-0.37110,-9.60075
3701,3701955,0.68714,-0.71587,-9.51935
3702,3702956,0.75417,-0.34716,-9.63906
3703,3703955,0.85234,-0.74460,-9.58160
3704,3704955,0.20590,-0.15802,-9.64863
3705,3705955,1.01993,-0.79966,-9.46189
3706,3706956,0.77812,-0.45969,-9.48343
3707,3707955,0.20590,0.01676,-9.71088
3708,3708955,1.56341,-0.91698,-9.40442
3709,3709955,0.70390,-0.20111,-9.60793
3710,3710955,0.40701,-0.34237,-9.61033
3711,3711955,0.87149,-0.60094,-9.45470
3712,3712955,0.65601,-0.34237,-9.66300
3713,3713955,0.64643,-0.35674,-9.56723
3714,3714956,0.71347,-0.54588,-9.56005
3715,3715955,0.89783,-0.37350,-9.55287
3716,3716955,0.45250,-0.63207,-9.56244
3717,3717955,0.80685,-0.39265,-9.56484
3718,3718956,0.81163,-0.50757,-9.62948
3719,3719955,0.63446,-0.61531,-9.52892
3720,3720955,0.36871,-0.13647,-9.61033
3721,3721955,1.29526,-1.00796,-9.41161
3722,3722956,0.28012,0.11253,-9.70131
3723,3723955,0.73741,-0.51954,-9.55047
3724,3724955,1.37906,-0.95289,-9.38527
3725,3725955,0.33279,0.07901,-9.69891
3726,3726955,0.69671,-0.77812,-9.41879
3727,3727955,0.71347,-0.45490,-9.67257
3728,3728956,0.67516,-0.35434,-9.61272
3729,3729955,0.53391,-0.45250,-9.50737
3730,3730955,0.83079,-0.61052,-9.50019
3731,3731955,0.56024,-0.38547,-9.56723
3732,3732956,0.61770,-0.67038,-9.58638
3733,3733955,0.77333,-0.22505,-9.58399
3734,3734955,0.85952,-0.75896,-9.50498
3735,3735956,0.27533,-0.21308,-9.56962
3736,3736955,1.02472,-0.71108,-9.48104
3737,3737955,1.00078,-0.52672,-9.50259
3738,3738955,0.17478,0.08380,-9.70849
3739,3739955,1.42216,-0.79487,-9.32542
3740,3740956,0.74699,-0.39744,-9.57920
3741,3741955,0.30646,-0.19393,-9.67497
3742,3742956,0.80206,-0.74699,-9.42837
3743,3743955,0.59855,-0.32082,-9.62708
3744,3744955,0.63446,-0.35195,-9.49301
3745,3745956,0.67277,-0.53151,-9.52413
3746,3746955,0.89783,-0.44772,-9.47386
3747,3747955,0.43096,-0.62728,-9.55765
3748,3748955,0.87388,-0.51475,-9.51935
3749,3749956,0.79966,-0.44772,-9.57920
3750,3750955,0.73741,-0.75896,-9.50498
3751,3751955,0.34237,-0.22027,-9.66779
3752,3752955,1.31442,-1.04866,-9.40682
3753,3753955,0.41180,0.00958,-9.57202
3754,3754956,0.58419,-0.25857,-9.55287
3755,3755955,1.47243,-0.98162,-9.25359
3756,3756956,0.38307,0.09577,-9.67018
3757,3757955,0.59137,-0.69192,-9.37809
3758,3758956,0.81163,-0.35674,-9.51456
3759,3759955,0.71108,-0.39265,-9.55526
3760,3760955,0.54348,-0.40941,-9.52174
3761,3761956,0.86431,-0.57221,-9.53371
3762,3762955,0.63686,-0.33279,-9.61272
3763,3763955,0.59855,-0.73263,-9.59357
3764,3764955,0.80445,-0.30167,-9.56962
3765,3765955,0.91937,-0.70390,-9.56962
3766,3766955,0.36871,-0.31843,-9.56005
3767,3767955,0.74939,-0.51475,-9.41400
3768,3768956,1.06781,-0.81882,-9.34936
3769,3769955,0.11253,0.18914,-9.75877
3770,3770956,1.37667,-0.86191,-9.42837
3771,3771955,0.91219,-0.50039,-9.44034
3772,3772955,0.32322,-0.11492,-9.65821
3773,3773955,0.79009,-0.73502,-9.40921
3774,3774955,0.58419,-0.31125,-9.58160
3775,3775955,0.61770,-0.39025,-9.48104
3776,3776955,0.50518,-0.53630,-9.54808
3777,3777955,0.88107,-0.45729,-9.57681
3778,3778956,0.45969,-0.49799,-9.63187
3779,3779955,0.81882,-0.59855,-9.51695
3780,3780955,0.81163,-0.42377,-9.65821
3781,3781955,0.81163,-0.77812,-9.53850
3782,3782956,0.22984,-0.09337,-9.67976
3783,3783955,1.28808,-0.95529,-9.44034
3784,3784955,0.52433,-0.01915,-9.56005
3785,3785955,0.46926,-0.26576,-9.58638
3786,3786956,1.48201,-1.01514,-9.33978
3787,3787955,0.41180,-0.05028,-9.64863
3788,3788956,0.53630,-0.59855,-9.46667
3789,3789955,0.77333,-0.49081,-9.53132
3790,3790955,0.62728,-0.33998,-9.56484
3791,3791955,0.61770,-0.37828,-9.43555
3792,3792956,0.76854,-0.62968,-9.49780
3793,3793955,0.67995,-0.37110,-9.51216
3794,3794956,0.57700,-0.74460,-9.52653
3795,3795955,0.83079,-0.25139,-9.58638
3796,3796956,0.90980,-0.64165,-9.61272
3797,3797955,0.39504,-0.46208,-9.55287
3798,3798955,0.67038,-0.38547,-9.58878
3799,3799955,1.17555,-0.88107,-9.39006
3800,3800955,0.11732,0.23703,-9.69412
3801,3801955,1.18992,-0.72784,-9.42837
3802,3802955,1.09415,-0.67995,-9.43555
3803,3803955,0.32082,-0.02155,-9.74919
3804,3804955,0.79727,-0.78769,-9.39245
3805,3805955,0.65601,-0.32561,-9.66060
3806,3806955,0.62968,-0.46687,-9.59117
3807,3807955,0.56024,-0.52194,-9.51216
3808,3808955,0.96486,-0.53391,-9.49062
3809,3809955,0.50518,-0.44293,-9.53850
3810,3810955,0.77572,-0.60573,-9.51456
3811,3811955,0.78769,-0.29449,-9.58878
3812,3812955,0.84036,-0.73263,-9.54089
3813,3813955,0.28012,-0.13647,-9.70131
3814,3814955,1.23062,-0.90022,-9.44991
3815,3815955,0.57700,-0.14365,-9.54089
3816,3816955,0.38068,-0.08859,-9.57441
3817,3817955,1.51792,-0.95529,-9.30626
3818,3818955,0.52194,-0.03831,-9.67736
3819,3819955,0.51475,-0.51954,-9.55526
3820,3820955,0.82600,-0.48363,-9.45949
3821,3821956,0.66559,-0.35434,-9.61272
3822,3822955,0.58419,-0.33998,-9.57920
3823,3823955,0.75178,-0.58419,-9.52413
3824,3824955,0.79966,-0.37828,-9.59596
3825,3825955,0.56743,-0.67038,-9.51216
3826,3826955,0.82839,-0.35913,-9.58399
3827,3827955,0.82361,-0.58179,-9.68215
3828,3828955,0.49799,-0.52672,-9.48343
3829,3829955,0.59616,-0.25618,-9.64863
3830,3830955,1.22344,-0.98402,-9.41640
3831,3831955,0.20590,0.31364,-9.68933
3832,3832955,1.05105,-0.68953,-9.47386
3833,3833956,1.19950,-0.77572,-9.45231
3834,3834955,0.27054,0.06464,-9.71088
3835,3835955,0.72784,-0.78530,-9.36372
3836,3836955,0.66798,-0.34716,-9.56484
3837,3837955,0.68235,-0.39025,-9.62708
3838,3838955,0.58179,-0.45490,-9.62469
3839,3839955,0.93134,-0.53870,-9.43794
3840,3840955,0.50757,-0.47166,-9.56244
3841,3841955,0.73502,-0.66559,-9.55526
3842,3842955,0.82121,-0.34955,-9.63187
3843,3843955,0.89783,-0.80685,-9.51216
3844,3844955,0.23463,-0.11492,-9.66539
3845,3845955,1.16358,-0.91698,-9.41161
3846,3846955,0.69192,-0.23463,-9.49062
3847,3847955,0.28012,-0.10295,-9.70131
3848,3848955,1.49877,-0.96726,-9.38288
3849,3849955,0.59137,-0.11971,-9.62708
3850,3850955,0.49321,-0.40223,-9.49062
3851,3851955,0.82600,-0.60334,-9.47625
3852,3852955,0.60094,-0.35674,-9.67976
3853,3853955,0.62249,-0.33758,-9.62948
3854,3854955,0.72305,-0.56743,-9.62948
3855,3855955,0.82121,-0.33519,-9.54329
3856,3856955,0.47645,-0.70629,-9.56723
3857,3857955,0.80685,-0.33998,-9.59117
3858,3858955,0.79009,-0.63925,-9.57681
3859,3859955,0.46208,-0.50518,-9.54329
3860,3860955,0.55067,-0.33998,-9.60554
3861,3861955,1.30723,-0.96247,-9.38288
3862,3862955,0.13647,0.15323,-9.65342
3863,3863955,0.98402,-0.55785,-9.51216
3864,3864955,1.22344,-0.80924,-9.39964
3865,3865955,0.28730,0.09577,-9.65582
3866,3866955,0.70390,-0.79009,-9.41879
3867,3867955,0.71108,-0.33758,-9.69891
3868,3868955,0.66559,-0.38307,-9.56723
3869,3869955,0.51715,-0.45969,-9.50977
3870,3870955,0.87149,-0.54109,-9.48583
3871,3871955,0.51954,-0.44053,-9.53132
3872,3872955,0.78769,-0.69432,-9.53611
3873,3873955,0.81642,-0.31364,-9.62469
3874,3874955,0.88107,-0.77572,-9.51216
3875,3875955,0.22745,-0.16281,-9.67976
3876,3876955,1.13246,-0.81642,-9.45710
3877,3877955,0.74939,-0.33998,-9.47146
3878,3878955,0.23703,0.05267,-9.63906
3879,3879955,1.52511,-0.98641,-9.32302
3880,3880955,0.61770,-0.18435,-9.61033
3881,3881955,0.40941,-0.37828,-9.56005
3882,3882955,0.83558,-0.60094,-9.43794
3883,3883955,0.60094,-0.33519,-9.63427
3884,3884955,0.62010,-0.34716,-9.50737
3885,3885955,0.70629,-0.54109,-9.52413
3886,3886955,0.77812,-0.37589,-9.58399
3887,3887955,0.47645,-0.71108,-9.60075
3888,3888955,0.85234,-0.37589,-9.55765
3889,3889955,0.84515,-0.58179,-9.61511
3890,3890955,0.56743,-0.54827,-9.54089
3891,3891956,0.47884,-0.27054,-9.61990
3892,3892955,1.29526,-0.94092,-9.32781
3893,3893955,0.26097,0.19872,-9.67736
3894,3894955,0.95768,-0.50518,-9.46428
3895,3895955,1.35751,-0.77093,-9.38288
3896,3896955,0.33998,0.05267,-9.74201
3897,3897955,0.75178,-0.79248,-9.43316
3898,3898955,0.75178,-0.37589,-9.60793
3899,3899955,0.67516,-0.42377,-9.55765
3900,3900955,0.57221,-0.41420,-9.57681
3901,3901955,0.91219,-0.61531,-9.52892
3902,3902955,0.57461,-0.35195,-9.57202
3903,3903955,0.72305,-0.72305,-9.53132
3904,3904955,0.77572,-0.28012,-9.58638
3905,3905955,0.90980,-0.81642,-9.56244
3906,3906955,0.25139,-0.15323,-9.64863
3907,3907955,0.96247,-0.71587,-9.43316
3908,3908956,0.90022,-0.51475,-9.49062
3909,3909955,0.21787,0.11732,-9.72046
3910,3910955,1.50835,-0.90022,-9.36612
3911,3911955,0.76375,-0.26815,-9.56962
3912,3912955,0.38547,-0.30885,-9.59357
3913,3913955,0.84036,-0.64404,-9.46428
3914,3914955,0.67277,-0.38547,-9.65103
3915,3915955,0.63207,-0.36152,-9.58878
3916,3916955,0.64883,-0.49799,-9.62708
3917,3917955,0.89543,-0.39504,-9.52653
3918,3918956,0.53151,-0.63207,-9.61272
3919,3919955,0.89304,-0.37110,-9.59596
3920,3920955,0.77812,-0.44772,-9.57681
3921,3921955,0.66559,-0.58658,-9.46428
3922,3922955,0.41659,-0.19872,-9.54808
3923,3923955,1.32639,-0.95529,-9.34218
3924,3924955,0.31125,0.08619,-9.62230
3925,3925955,0.71826,-0.39744,-9.50259
3926,3926955,1.35512,-0.92177,-9.34457
3927,3927955,0.32322,0.08380,-9.76116
3928,3928956,0.62728,-0.75178,-9.52413
3929,3929955,0.76136,-0.38307,-9.58399
3930,3930956,0.67516,-0.35434,-9.63427
3931,3931955,0.57700,-0.37110,-9.59596
3932,3932955,0.93613,-0.60334,-9.48583
3933,3933955,0.62489,-0.35434,-9.59835
3934,3934955,0.68474,-0.72065,-9.52653
3935,3935956,0.84994,-0.28012,-9.57441
3936,3936955,0.90980,-0.71108,-9.56244
3937,3937956,0.29449,-0.37350,-9.56484
3938,3938955,0.81642,-0.46687,-9.54089
3939,3939955,1.05105,-0.69432,-9.45470
3940,3940955,0.13408,0.29449,-9.74919
3941,3941956,1.34554,-0.86431,-9.38527
3942,3942955,0.90261,-0.48123,-9.59596
3943,3943956,0.30646,-0.10056,-9.67976
3944,3944955,0.81642,-0.73741,-9.44991
3945,3945956,0.64643,-0.33519,-9.63187
3946,3946955,0.66559,-0.43335,-9.52892
3947,3947955,0.61531,-0.46926,-9.56244
3948,3948955,0.91937,-0.50518,-9.51216
3949,3949956,0.43096,-0.54109,-9.56962
3950,3950955,0.81163,-0.55785,-9.54329
3951,3951955,0.76614,-0.37110,-9.65582
3952,3952956,0.81642,-0.75417,-9.50498
3953,3953955,0.27054,-0.02634,-9.62948
3954,3954955,1.21865,-0.90980,-9.38288
3955,3955956,0.43814,0.02873,-9.66539
3956,3956955,0.49321,-0.30646,-9.59596
3957,3957955,1.51553,-0.93613,-9.31105
3958,3958956,0.40941,0.04310,-9.69412
3959,3959955,0.58897,-0.59616,-9.47625
3960,3960956,0.79248,-0.46448,-9.51695
3961,3961955,0.62968,-0.41420,-9.60793
3962,3962955,0.56743,-0.39744,-9.59835
3963,3963955,0.82600,-0.57221,-9.58160
3964,3964956,0.68714,-0.30167,-9.56244
3965,3965955,0.62968,-0.68474,-9.59596
3966,3966956,0.86910,-0.24660,-9.54568
3967,3967955,0.87149,-0.66798,-9.53132
3968,3968955,0.42856,-0.33040,-9.67257
3969,3969956,0.67756,-0.48123,-9.65582
3970,3970955,1.19710,-0.84036,-9.42118
3971,3971955,0.14126,0.15083,-9.77074
3972,3972955,1.23062,-0.71347,-9.46189
3973,3973956,1.11570,-0.56982,-9.49062
3974,3974955,0.30646,0.04070,-9.71088
3975,3975955,0.77333,-0.79248,-9.38288
3976,3976955,0.68474,-0.31603,-9.58878
3977,3977956,0.64404,-0.39025,-9.54808
3978,3978955,0.57700,-0.46926,-9.57202
3979,3979955,0.86191,-0.56982,-9.48583
3980,3980955,0.49560,-0.45011,-9.59835
3981,3981956,0.78530,-0.59855,-9.51216
3982,3982955,0.81163,-0.36871,-9.55047
3983,3983956,0.84755,-0.84036,-9.48822
3984,3984955,0.20590,-0.12929,-9.68694
3985,3985955,1.18274,-0.89783,-9.39724
3986,3986955,0.56743,-0.17957,-9.53132
3987,3987956,0.32801,-0.06943,-9.57920
3988,3988955,1.55863,-0.97444,-9.27993
3989,3989955,0.56503,-0.04549,-9.65342
3990,3990955,0.51236,-0.45729,-9.46189
3991,3991955,0.83079,-0.60573,-9.51216
3992,3992955,0.66319,-0.41659,-9.62230
3993,3993955,0.63686,-0.39983,-9.54329
3994,3994956,0.77572,-0.55545,-9.58878
3995,3995955,0.76854,-0.39504,-9.59357
3996,3996955,0.50757,-0.65841,-9.60075
3997,3997955,0.85712,-0.31364,-9.56005
3998,3998956,0.84515,-0.62728,-9.55287
3999,3999955,0.50278,-0.46926,-9.53850
4000,4000955,0.58658,-0.33758,-9.61272
4001,4001955,1.29047,-0.87628,-9.42597
4002,4002955,0.13168,0.11971,-9.69652
4003,4003955,1.01035,-0.64643,-9.51456
4004,4004956,1.25696,-0.83079,-9.42597
4005,4005955,0.27054,0.05507,-9.78989
4006,4006955,0.74699,-0.81882,-9.45231
4007,4007955,0.70150,-0.29688,-9.58160
4008,4008955,0.66319,-0.44772,-9.57920
4009,4009955,0.53870,-0.40941,-9.52892
4010,4010955,0.92656,-0.60573,-9.48343
4011,4011955,0.59376,-0.41180,-9.61511
4012,4012955,0.75417,-0.70390,-9.53132
4013,4013955,0.80685,-0.25618,-9.54808
4014,4014955,0.87388,-0.82600,-9.49780
4015,4015955,0.19393,-0.19632,-9.63906
4016,4016955,1.15879,-0.84515,-9.45710
4017,4017955,0.74460,-0.32561,-9.44513
4018,4018955,0.21308,-0.00718,-9.63187
4019,4019955,1.47483,-0.91459,-9.38288
4020,4020955,0.58897,-0.24900,-9.68215
4021,4021955,0.43574,-0.32561,-9.63906
4022,4022955,0.86910,-0.64883,-9.46907
4023,4023955,0.64883,-0.38307,-9.69652
4024,4024955,0.58419,-0.37350,-9.55526
4025,4025955,0.66559,-0.58897,-9.57681
4026,4026955,0.80685,-0.43814,-9.55765
4027,4027955,0.46687,-0.62728,-9.59117
4028,4028955,0.89304,-0.33040,-9.54329
4029,4029955,0.83558,-0.46448,-9.59835
4030,4030955,0.72544,-0.65122,-9.52653
4031,4031955,0.45250,-0.14844,-9.63906
4032,4032955,1.25217,-1.00317,-9.39485
4033,4033955,0.23703,0.15562,-9.71567
4034,4034955,0.74699,-0.42856,-9.47146
4035,4035955,1.39582,-0.91219,-9.34218
4036,4036955,0.28012,0.04549,-9.78031
4037,4037955,0.65122,-0.81163,-9.36612
4038,4038955,0.67995,-0.42377,-9.57920
4039,4039955,0.65362,-0.47405,-9.55287
4040,4040955,0.57461,-0.39983,-9.54089
4041,4041955,0.90740,-0.56743,-9.54329
4042,4042955,0.65122,-0.29688,-9.57441
4043,4043955,0.71108,-0.66080,-9.55287
4044,4044955,0.82600,-0.21787,-9.54568
4045,4045955,0.86191,-0.71108,-9.58638
4046,4046955,0.25139,-0.29688,-9.60075
4047,4047955,0.97683,-0.61770,-9.51456
4048,4048955,0.93374,-0.58179,-9.48583
4049,4049955,0.20111,0.08619,-9.66779
4050,4050955,1.44131,-0.95768,-9.31105
4051,4051955,0.82839,-0.39983,-9.48104
4052,4052955,0.30646,-0.20351,-9.63187
4053,4053955,0.86191,-0.74220,-9.46428
4054,4054955,0.67756,-0.29688,-9.66300
4055,4055955,0.68953,-0.43335,-9.59117
4056,4056955,0.65362,-0.51715,-9.60793
4057,4057956,0.89304,-0.47884,-9.53850
4058,4058955,0.47884,-0.63207,-9.48822
4059,4059955,0.86670,-0.48363,-9.49062
4060,4060955,0.73981,-0.44053,-9.59596
4061,4061955,0.68235,-0.69432,-9.53611
4062,4062955,0.32082,-0.12450,-9.65582
4063,4063955,1.26414,-0.99120,-9.35175
4064,4064955,0.32801,0.06464,-9.58399
4065,4065955,0.57940,-0.28970,-9.58399
4066,4066955,1.41737,-0.90740,-9.29669
4067,4067955,0.34955,0.09577,-9.68933
4068,4068955,0.64404,-0.73502,-9.40203
4069,4069955,0.75178,-0.35434,-9.58878
4070,4070955,0.69911,-0.35674,-9.58399
4071,4071955,0.59616,-0.41420,-9.52174
4072,4072955,0.59616,-0.41420,-9.52174
4073,4073955,0.86191,-0.65841,-9.53371
4074,4074956,0.62010,-0.41420,-9.53611
4075,4075955,0.63446,-0.82361,-9.49062
4076,4076955,0.87149,-0.27773,-9.54329
4077,4077955,0.90980,-0.73023,-9.54568
4078,4078955,0.38786,-0.32561,-9.57202
4079,4079955,0.88585,-0.57940,-9.49062
4080,4080956,1.03908,-0.71347,-9.42118
4081,4081955,0.12689,0.21787,-9.72046
4082,4082956,1.32399,-0.87149,-9.31823
4083,4083955,0.86910,-0.46208,-9.50019
4084,4084955,0.32801,-0.12689,-9.66300
4085,4085955,0.82600,-0.70150,-9.43076
4086,4086956,0.63925,-0.37110,-9.65582
4087,4087955,0.64165,-0.39504,-9.58878
4088,4088955,0.57461,-0.53151,-9.59117
4089,4089955,0.90261,-0.42138,-9.51216
4090,4090955,0.43814,-0.52194,-9.61751
4091,4091955,0.75657,-0.50039,-9.54568
4092,4092956,0.77572,-0.47405,-9.54808
4093,4093955,0.76854,-0.68235,-9.50498
4094,4094956,0.32082,-0.10056,-9.62469
4095,4095955,1.38145,-0.92895,-9.39485
4096,4096955,0.38786,0.08380,-9.61751
4097,4097956,0.58179,-0.27294,-9.51935
4098,4098955,1.47483,-0.91698,-9.27274
4099,4099955,0.42138,-0.00239,-9.64624
4100,4100955,0.63207,-0.63686,-9.40682
4101,4101956,0.77093,-0.43574,-9.56484
4102,4102955,0.68714,-0.40941,-9.61272
4103,4103955,0.57461,-0.39504,-9.59835
4104,4104955,0.84994,-0.59855,-9.58638
4105,4105955,0.65362,-0.31364,-9.61511
4106,4106956,0.59137,-0.70150,-9.51216
4107,4107955,0.82839,-0.25379,-9.60793
4108,4108955,0.93853,-0.70390,-9.58399
4109,4109956,0.37110,-0.40941,-9.50259
4110,4110955,0.85952,-0.39744,-9.52413
4111,4111955,1.15401,-0.79727,-9.32542
4112,4112955,0.09816,0.25857,-9.65582
4113,4113956,1.26653,-0.73741,-9.33739
4114,4114955,0.97683,-0.51236,-9.48104
4115,4115956,0.31603,-0.06464,-9.68215
4116,4116955,0.80445,-0.75417,-9.43076
4117,4117956,0.69671,-0.30167,-9.61033
4118,4118955,0.68714,-0.40462,-9.50498
4119,4119955,0.60094,-0.49560,-9.55526
4120,4120956,0.86431,-0.51475,-9.57920
4121,4121955,0.46687,-0.60334,-9.55047
4122,4122956,0.80206,-0.56982,-9.50019
4123,4123955,0.72065,-0.39025,-9.65582
4124,4124955,0.78290,-0.76614,-9.57202
4125,4125955,0.28012,-0.10534,-9.69652
4126,4126956,1.27372,-0.95768,-9.37809
4127,4127955,0.44772,-0.00718,-9.62948
4128,4128955,0.50518,-0.23463,-9.59596
4129,4129956,1.53947,-0.97444,-9.30626
4130,4130955,0.43096,-0.01676,-9.68455
4131,4131955,0.54588,-0.66080,-9.44752
4132,4132956,0.72305,-0.43335,-9.53611
4133,4133955,0.65362,-0.40462,-9.59835
4134,4134955,0.64165,-0.33998,-9.53132
4135,4135955,0.85473,-0.59616,-9.56005
4136,4136955,0.65841,-0.27533,-9.55287
4137,4137955,0.51954,-0.71108,-9.51216
4138,4138956,0.84276,-0.26815,-9.60314
4139,4139955,0.89783,-0.69192,-9.61511
4140,4140955,0.41420,-0.36871,-9.57681
4141,4141955,0.76854,-0.41180,-9.51456
4142,4142955,1.11809,-0.68235,-9.40203
4143,4143955,0.08859,0.19632,-9.74919
4144,4144956,1.21386,-0.77333,-9.41879
4145,4145955,1.02232,-0.59855,-9.45470
4146,4146955,0.25379,-0.00479,-9.65103
4147,4147955,0.80206,-0.76375,-9.43316
4148,4148956,0.70150,-0.31364,-9.61272
4149,4149955,0.66798,-0.39983,-9.51695
4150,4150955,0.56743,-0.50996,-9.53132
4151,4151955,0.90261,-0.54109,-9.53132
4152,4152956,0.44293,-0.45729,-9.54089
4153,4153955,0.79248,-0.60334,-9.47625
4154,4154955,0.76136,-0.33998,-9.58878
4155,4155955,0.83079,-0.82361,-9.53132
4156,4156956,0.22027,-0.09577,-9.71328
4157,4157955,1.26653,-0.96726,-9.38527
4158,4158956,0.54827,-0.09577,-9.58399
4159,4159955,0.40701,-0.21787,-9.60075
4160,4160956,1.53947,-0.99838,-9.21049
4161,4161955,0.46926,0.02634,-9.64384
4162,4162955,0.49799,-0.53391,-9.49062
4163,4163955,0.79487,-0.55785,-9.50019
4164,4164955,0.64165,-0.42138,-9.58878
4165,4165955,0.53630,-0.35434,-9.47625
4166,4166956,0.79487,-0.62010,-9.48104
4167,4167955,0.73502,-0.35434,-9.53132
4168,4168955,0.54827,-0.68474,-9.61751
4169,4169955,0.81882,-0.25618,-9.62948
4170,4170955,0.85473,-0.64404,-9.56005
4171,4171956,0.49081,-0.45250,-9.56723
4172,4172955,0.60334,-0.39504,-9.58638
4173,4173956,1.15161,-0.85473,-9.43076
4174,4174955,0.08859,0.17238,-9.67736
4175,4175955,1.07739,-0.64643,-9.42358
4176,4176955,1.15640,-0.73741,-9.41161
4177,4177955,0.28970,0.01197,-9.66060
4178,4178955,0.80445,-0.80445,-9.36372
4179,4179956,0.72544,-0.32561,-9.60075
4180,4180955,0.69432,-0.41420,-9.58878
4181,4181955,0.60573,-0.46448,-9.57441
4182,4182956,0.96247,-0.59376,-9.57920
4183,4183955,0.50757,-0.48602,-9.58399
4184,4184955,0.75417,-0.63686,-9.48104
4185,4185955,0.78051,-0.32082,-9.57681
4186,4186956,0.83797,-0.81642,-9.47864
4187,4187955,0.18435,-0.13886,-9.60075
4188,4188955,1.16358,-0.90740,-9.36372
4189,4189955,0.63686,-0.16281,-9.49780
4190,4190955,0.30885,-0.05267,-9.60554
4191,4191955,1.50116,-0.92895,-9.35415
4192,4192955,0.50278,-0.05028,-9.60075
4193,4193956,0.42377,-0.43335,-9.45470
4194,4194955,0.84515,-0.49799,-9.40442
4195,4195956,0.67756,-0.39025,-9.61751
4196,4196955,0.61292,-0.37828,-9.55765
4197,4197956,0.68953,-0.61531,-9.63427
4198,4198955,0.77812,-0.38786,-9.55526
4199,4199955,0.50039,-0.67756,-9.58638
4200,4200955,0.83318,-0.36631,-9.52653
4201,4201955,0.84036,-0.60334,-9.57202
4202,4202955,0.54109,-0.53391,-9.55287
4203,4203956,0.51715,-0.27054,-9.62708
4204,4204955,1.23780,-0.96965,-9.40203
4205,4205955,0.13886,0.11492,-9.67257
4206,4206955,0.94332,-0.56024,-9.44034
4207,4207955,1.29047,-0.82839,-9.40921
4208,4208955,0.31125,0.09577,-9.76355
4209,4209955,0.76854,-0.77812,-9.36133
4210,4210956,0.72544,-0.34955,-9.55526
4211,4211955,0.71826,-0.40701,-9.53371
4212,4212955,0.54588,-0.43335,-9.46667
4213,4213955,0.87867,-0.55785,-9.55047
4214,4214956,0.54109,-0.42138,-9.58160
4215,4215955,0.68235,-0.69911,-9.47386
4216,4216955,0.79009,-0.27294,-9.68215
4217,4217955,0.91219,-0.74939,-9.58638
4218,4218955,0.27773,-0.14605,-9.61033
4219,4219955,1.09654,-0.73263,-9.42358
4220,4220955,0.84994,-0.47166,-9.53611
4221,4221955,0.24900,0.02873,-9.72764
4222,4222955,1.53947,-0.99599,-9.29429
4223,4223955,0.78290,-0.37350,-9.54089
4224,4224955,0.35913,-0.32561,-9.55526
4225,4225955,0.84515,-0.67756,-9.41879
4226,4226955,0.65601,-0.39504,-9.58399
4227,4227955,0.61292,-0.39504,-9.54329
4228,4228955,0.69432,-0.56503,-9.61511
4229,4229955,0.84994,-0.41180,-9.56005
4230,4230955,0.48602,-0.65841,-9.56484
4231,4231955,0.84994,-0.43096,-9.50977
4232,4232955,0.73981,-0.50518,-9.60075
4233,4233955,0.66319,-0.67995,-9.52174
4234,4234955,0.36871,-0.21308,-9.63187
4235,4235955,1.28090,-1.01993,-9.35175
4236,4236955,0.24421,0.14844,-9.60554
4237,4237955,0.79727,-0.47645,-9.50977
4238,4238955,1.42694,-0.89064,-9.37330
4239,4239955,0.31364,0.04070,-9.64863
4240,4240955,0.64643,-0.73502,-9.38048
4241,4241956,0.71826,-0.37589,-9.54568
4242,4242955,0.68714,-0.43574,-9.53850
4243,4243955,0.59376,-0.40941,-9.53611
4244,4244955,0.82600,-0.61531,-9.49301
4245,4245955,0.60334,-0.34955,-9.55287
4246,4246955,0.64883,-0.76375,-9.57681
4247,4247956,0.83318,-0.25379,-9.61751
4248,4248955,0.87149,-0.68474,-9.59357
4249,4249955,0.36631,-0.33758,-9.57441
4250,4250955,0.84276,-0.40223,-9.55526
4251,4251955,1.05824,-0.74460,-9.50019
4252,4252955,0.10534,0.23703,-9.78989
4253,4253955,1.34315,-0.84515,-9.31823
4254,4254955,0.87149,-0.41899,-9.48343
4255,4255955,0.27054,-0.15083,-9.63187
4256,4256955,0.83079,-0.74939,-9.40442
4257,4257955,0.60094,-0.32082,-9.58160
4258,4258955,0.61770,-0.36392,-9.52892
4259,4259955,0.55545,-0.51715,-9.55765
4260,4260955,0.92895,-0.48842,-9.53371
4261,4261955,0.45490,-0.52912,-9.59596
4262,4262955,0.80206,-0.53870,-9.57681
4263,4263955,0.78051,-0.34237,-9.63906
4264,4264955,0.90022,-0.73741,-9.49301
4265,4265955,0.33998,-0.07422,-9.63187
4266,4266955,1.28090,-1.01035,-9.38288
4267,4267955,0.45250,-0.04310,-9.56244
4268,4268955,0.51475,-0.25139,-9.56244
4269,4269955,1.52750,-0.92656,-9.30147
4270,4270955,0.43335,-0.05746,-9.61272
4271,4271955,0.56982,-0.54109,-9.43076
4272,4272955,0.83079,-0.50996,-9.54568
4273,4273955,0.67277,-0.41659,-9.58878
4274,4274955,0.60334,-0.32561,-9.51695
4275,4275955,0.81642,-0.56264,-9.62708
4276,4276955,0.72065,-0.37110,-9.58638
4277,4277955,0.58179,-0.73263,-9.59835
4278,4278955,0.81642,-0.28012,-9.64145
4279,4279955,0.75657,-0.63207,-9.61033
4280,4280955,0.40462,-0.43574,-9.50737
4281,4281955,0.63686,-0.39504,-9.58399
4282,4282955,1.22823,-0.86431,-9.45949
4283,4283955,0.18435,0.18914,-9.76355
4284,4284955,1.16837,-0.70150,-9.37091
4285,4285955,1.16598,-0.69432,-9.44991
4286,4286955,0.25857,0.03352,-9.67976
4287,4287955,0.76614,-0.84755,-9.36133
4288,4288955,0.67516,-0.36392,-9.64145
4289,4289955,0.70390,-0.38307,-9.53611
4290,4290955,0.58179,-0.43096,-9.54808
4291,4291955,0.95768,-0.48602,-9.56005
4292,4292955,0.50518,-0.45011,-9.56005
4293,4293955,0.76854,-0.65841,-9.52174
4294,4294955,0.76375,-0.29688,-9.60075
4295,4295955,0.89304,-0.79487,-9.53611
4296,4296955,0.21308,-0.12450,-9.65821
4297,4297955,1.14922,-0.85952,-9.44991
4298,4298955,0.71826,-0.30885,-9.54329
4299,4299955,0.27773,-0.03112,-9.59357
4300,4300955,1.48201,-0.96486,-9.35893
4301,4301955,0.59137,-0.10774,-9.66300
4302,4302955,0.46208,-0.44532,-9.55287
4303,4303955,0.85712,-0.56503,-9.52174
4304,4304955,0.67756,-0.31125,-9.69891
4305,4305955,0.62728,-0.36871,-9.62469
4306,4306955,0.75178,-0.59376,-9.57202
4307,4307955,0.82121,-0.40941,-9.57681
4308,4308955,0.54827,-0.63207,-9.56962
4309,4309955,0.88107,-0.34716,-9.52413
4310,4310955,0.88585,-0.58658,-9.60075
4311,4311955,0.53151,-0.53630,-9.48104
4312,4312955,0.49321,-0.34237,-9.54089
4313,4313955,1.24259,-0.94810,-9.29669
4314,4314955,0.19154,0.15562,-9.69173
4315,4315955,1.00317,-0.58419,-9.44273
4316,4316955,1.26174,-0.77812,-9.30866
4317,4317955,0.24181,0.07901,-9.72525
4318,4318955,0.77572,-0.77093,-9.49780
4319,4319955,0.73502,-0.36392,-9.57681
4320,4320955,0.69671,-0.43574,-9.56244
4321,4321955,0.58419,-0.46448,-9.52413
4322,4322956,0.90261,-0.58419,-9.54329
4323,4323955,0.54348,-0.34477,-9.56005
4324,4324955,0.71347,-0.65601,-9.50259
4325,4325955,0.80685,-0.16041,-9.53850
4326,4326956,0.85952,-0.76614,-9.51216
4327,4327955,0.23703,-0.16759,-9.61990
4328,4328955,0.99838,-0.71587,-9.43794
4329,4329956,0.85952,-0.43096,-9.37569
4330,4330955,0.19872,0.11732,-9.60554
4331,4331956,1.49398,-0.90980,-9.29429
4332,4332955,0.79009,-0.24900,-9.57202
4333,4333955,0.45011,-0.32082,-9.58638
4334,4334955,0.92656,-0.64643,-9.50498
4335,4335956,0.67756,-0.39744,-9.66300
4336,4336955,0.64883,-0.39504,-9.61511
4337,4337955,0.71108,-0.57700,-9.64384
4338,4338955,0.95050,-0.34477,-9.48822
4339,4339956,0.56024,-0.65122,-9.47864
4340,4340955,0.79966,-0.43574,-9.45231
4341,4341955,0.77093,-0.47884,-9.59596
4342,4342955,0.64404,-0.61052,-9.54568
4343,4343956,0.37110,-0.16759,-9.65821
4344,4344955,1.27850,-1.00556,-9.34696
4345,4345955,0.22984,0.15562,-9.69891
4346,4346955,0.80924,-0.49081,-9.54329
4347,4347955,1.39343,-0.87388,-9.35893
4348,4348956,0.30167,0.06464,-9.69891
4349,4349955,0.73263,-0.82361,-9.41879
4350,4350955,0.77572,-0.36392,-9.60793
4351,4351955,0.67995,-0.39744,-9.62230
4352,4352955,0.54827,-0.37110,-9.54568
4353,4353956,0.83079,-0.60573,-9.56723
4354,4354955,0.59376,-0.39265,-9.53371
4355,4355955,0.65601,-0.73502,-9.53371
4356,4356955,0.79727,-0.27533,-9.63666
4357,4357956,0.88825,-0.79248,-9.66539
4358,4358955,0.21787,-0.22745,-9.64863
4359,4359955,0.93853,-0.71826,-9.50737
4360,4360955,0.93374,-0.53870,-9.51935
4361,4361955,0.08859,0.12689,-9.68694
4362,4362956,1.45328,-0.88107,-9.33499
4363,4363955,0.86191,-0.38786,-9.55765
4364,4364956,0.38068,-0.18675,-9.70849
4365,4365955,0.89064,-0.67277,-9.46667
4366,4366955,0.66080,-0.34955,-9.65821
4367,4367956,0.69432,-0.33519,-9.55765
4368,4368955,0.57461,-0.48602,-9.55765
4369,4369955,0.93613,-0.49081,-9.50019
4370,4370955,0.50278,-0.54827,-9.51456
4371,4371956,0.79487,-0.47884,-9.49062
4372,4372955,0.74699,-0.42377,-9.58638
4373,4373956,0.65362,-0.75657,-9.52892
4374,4374955,0.29688,-0.12210,-9.65582
4375,4375955,1.29047,-1.04387,-9.41640
4376,4376955,0.33279,0.10534,-9.66539
4377,4377956,0.60573,-0.39744,-9.55765
4378,4378955,1.47483,-0.99838,-9.31105
4379,4379956,0.36631,0.08859,-9.69891
4380,4380955,0.60094,-0.68714,-9.46189
4381,4381955,0.71587,-0.42377,-9.62948
4382,4382955,0.67516,-0.40223,-9.62230
4383,4383956,0.54588,-0.35195,-9.53132
4384,4384955,0.80206,-0.58897,-9.58638
4385,4385955,0.64404,-0.30885,-9.54808
4386,4386955,0.61052,-0.71826,-9.51695
4387,4387956,0.86431,-0.22505,-9.57202
4388,4388955,0.93613,-0.75178,-9.48104
4389,4389956,0.38547,-0.31364,-9.62708
4390,4390955,0.83318,-0.51715,-9.60314
4391,4391955,1.12288,-0.73263,-9.35893
4392,4392955,0.15562,0.10774,-9.68933
4393,4393955,1.29287,-0.74939,-9.39724
4394,4394955,0.92656,-0.50757,-9.46428
4395,4395955,0.34237,-0.03352,-9.63427
4396,4396955,0.85712,-0.71826,-9.40682
4397,4397955,0.72784,-0.30167,-9.64384
4398,4398956,0.69432,-0.39025,-9.57681
4399,4399955,0.58897,-0.51236,-9.57681
4400,4400955,0.89543,-0.46926,-9.48104
4401,4401955,0.44772,-0.46687,-9.56962
4402,4402955,0.75657,-0.51236,-9.57920
4403,4403955,0.77572,-0.40941,-9.62469
4404,4404955,0.76375,-0.73981,-9.54568
4405,4405956,0.24181,-0.09816,-9.61033
4406,4406955,1.22104,-0.97205,-9.45470
4407,4407955,0.52672,-0.14844,-9.55287
4408,4408955,0.43574,-0.15323,-9.55287
4409,4409955,1.48919,-0.97683,-9.27993
4410,4410955,0.48602,-0.01676,-9.63906
4411,4411955,0.55067,-0.54588,-9.44513
4412,4412955,0.87628,-0.46926,-9.47386
4413,4413955,0.69192,-0.36392,-9.61990
4414,4414955,0.64404,-0.36152,-9.51456
4415,4415955,0.75657,-0.57461,-9.55765
4416,4416955,0.74460,-0.37110,-9.54089
4417,4417955,0.52433,-0.77093,-9.55047
4418,4418955,0.82121,-0.34237,-9.61990
4419,4419955,0.86670,-0.64404,-9.55287
4420,4420955,0.48602,-0.53630,-9.59117
4421,4421955,0.61052,-0.28970,-9.66779
4422,4422955,1.22344,-0.91937,-9.39964
4423,4423956,0.11971,0.23463,-9.70370
4424,4424955,1.12767,-0.72544,-9.41879
4425,4425955,1.18034,-0.71347,-9.37091
4426,4426955,0.39025,0.09577,-9.69891
4427,4427955,0.80685,-0.78530,-9.38766
4428,4428955,0.66798,-0.34477,-9.60793
4429,4429955,0.67995,-0.49321,-9.49301
4430,4430955,0.55785,-0.42138,-9.49301
4431,4431955,0.92656,-0.55067,-9.51935
4432,4432955,0.58419,-0.36392,-9.56005
4433,4433955,0.74220,-0.63925,-9.56484
4434,4434955,0.79727,-0.28012,-9.58878
4435,4435955,0.88585,-0.80924,-9.50977
4436,4436955,0.22505,-0.12689,-9.60793
4437,4437955,1.14443,-0.80685,-9.45470
4438,4438955,0.78530,-0.33758,-9.52892
4439,4439955,0.22505,-0.02873,-9.61033
4440,4440955,1.50835,-0.90740,-9.27993
4441,4441955,0.61292,-0.17957,-9.63427
4442,4442955,0.37589,-0.37110,-9.60793
4443,4443955,0.84994,-0.58179,-9.41400
4444,4444955,0.57221,-0.38786,-9.59117
4445,4445955,0.54348,-0.36631,-9.54089
4446,4446955,0.66319,-0.59616,-9.58878
4447,4447955,0.79966,-0.36871,-9.59117
4448,4448955,0.48363,-0.67756,-9.57920
4449,4449955,0.91459,-0.41420,-9.55765
4450,4450955,0.87867,-0.56264,-9.66779
4451,4451955,0.63446,-0.61770,-9.60554
4452,4452955,0.48602,-0.25618,-9.62230
4453,4453955,1.33118,-0.98402,-9.33260
4454,4454955,0.23463,0.22266,-9.65582
4455,4455955,0.83079,-0.53391,-9.54808
4456,4456955,1.29766,-0.87628,-9.38048
4457,4457955,0.28730,0.07422,-9.71567
4458,4458955,0.64165,-0.73502,-9.39006
4459,4459955,0.69911,-0.34237,-9.52174
4460,4460955,0.67995,-0.36152,-9.53132
4461,4461955,0.56503,-0.40941,-9.51456
4462,4462955,0.92177,-0.55785,-9.49301
4463,4463955,0.62010,-0.37828,-9.53611
4464,4464955,0.72305,-0.69671,-9.56005
4465,4465955,0.81882,-0.32322,-9.56723
4466,4466955,0.88585,-0.79487,-9.58878
4467,4467955,0.27054,-0.24421,-9.61033
4468,4468955,0.92895,-0.58897,-9.53850
4469,4469956,0.91698,-0.57461,-9.47386
4470,4470955,0.11971,0.15562,-9.71328
4471,4471955,1.38145,-0.90261,-9.35893
4472,4472955,0.77572,-0.44053,-9.60793
4473,4473955,0.32801,-0.24181,-9.61751
4474,4474955,0.91698,-0.73263,-9.37809
4475,4475955,0.73981,-0.34716,-9.58399
4476,4476955,0.67995,-0.41659,-9.48343
4477,4477955,0.61052,-0.52912,-9.55047
4478,4478955,0.87149,-0.44053,-9.54089
4479,4479955,0.40701,-0.58419,-9.67018
4480,4480955,0.82121,-0.46926,-9.63427
4481,4481955,0.73981,-0.38547,-9.73961
4482,4482955,0.72305,-0.71587,-9.61751
4483,4483955,0.36871,-0.08859,-9.67976
4484,4484955,1.29526,-1.06781,-9.34696
4485,4485955,0.33519,0.01676,-9.67497
4486,4486955,0.52433,-0.37110,-9.58160
4487,4487955,1.40300,-0.93374,-9.27514
4488,4488955,0.35434,0.03591,-9.61990
4489,4489955,0.59616,-0.73741,-9.40682
4490,4490955,0.77572,-0.44532,-9.53611
4491,4491955,0.64643,-0.39504,-9.57920
4492,4492955,0.56743,-0.40223,-9.54089
4493,4493956,0.85952,-0.58419,-9.54329
4494,4494955,0.65362,-0.31364,-9.58399
4495,4495955,0.59616,-0.68714,-9.55047
4496,4496955,0.80685,-0.24181,-9.64863
4497,4497955,0.83079,-0.69911,-9.60793
4498,4498955,0.29928,-0.34955,-9.55765
4499,4499955,0.79248,-0.63446,-9.51695
4500,4500955,1.04148,-0.72544,-9.44752
4501,4501955,0.08859,0.10534,-9.68455
4502,4502955,1.27611,-0.73502,-9.40682
4503,4503955,0.93134,-0.50757,-9.49540
4504,4504955,0.30646,-0.07901,-9.63427
4505,4505955,0.82361,-0.82839,-9.35654
4506,4506955,0.65362,-0.30167,-9.61272
4507,4507955,0.65841,-0.39025,-9.56484
4508,4508955,0.56264,-0.47884,-9.47386
4509,4509955,0.85473,-0.48602,-9.48583
4510,4510955,0.43574,-0.51236,-9.65342
4511,4511955,0.79727,-0.57461,-9.55526
4512,4512955,0.78769,-0.38068,-9.71567
4513,4513955,0.80445,-0.74939,-9.49062
4514,4514955,0.22027,-0.12929,-9.63187
4515,4515955,1.14203,-0.94092,-9.40921
4516,4516956,0.49799,-0.14844,-9.54089
4517,4517955,0.32801,-0.12929,-9.60314
4518,4518955,1.51314,-0.97923,-9.26795
4519,4519955,0.49321,-0.05986,-9.68933
4520,4520955,0.52912,-0.57221,-9.56723
4521,4521955,0.77572,-0.54348,-9.54329
4522,4522955,0.59137,-0.38307,-9.62948
4523,4523955,0.59376,-0.42856,-9.54808
4524,4524955,0.78530,-0.59376,-9.59835
4525,4525956,0.75896,-0.38307,-9.51456
4526,4526955,0.56503,-0.71587,-9.44513
4527,4527955,0.87867,-0.33040,-9.56005
4528,4528955,0.83318,-0.61292,-9.60314
4529,4529956,0.45011,-0.47405,-9.52653
4530,4530955,0.60334,-0.35195,-9.52174
4531,4531956,1.23541,-0.91459,-9.40682
4532,4532955,0.10774,0.17238,-9.80665
4533,4533956,1.12527,-0.68474,-9.48583
4534,4534955,1.16837,-0.68235,-9.40442
4535,4535955,0.31843,0.01915,-9.69891
4536,4536956,0.83558,-0.84515,-9.43076
4537,4537955,0.75178,-0.33758,-9.63906
4538,4538956,0.70868,-0.46448,-9.54329
4539,4539955,0.54588,-0.45250,-9.53850
4540,4540956,0.94571,-0.51715,-9.50019
4541,4541955,0.57940,-0.36631,-9.55765
4542,4542956,0.77812,-0.62728,-9.47625
4543,4543955,0.78290,-0.25139,-9.52413
4544,4544955,0.85234,-0.77812,-9.58638
4545,4545955,0.22505,-0.11971,-9.70849
4546,4546955,1.09176,-0.79966,-9.49062
4547,4547956,0.79248,-0.35195,-9.54089
4548,4548955,0.27533,0.03831,-9.69412
4549,4549956,1.52750,-0.96965,-9.35415
4550,4550955,0.68235,-0.21069,-9.58878
4551,4551955,0.38307,-0.45011,-9.54089
4552,4552955,0.85712,-0.58179,-9.46428
4553,4553956,0.68953,-0.35913,-9.60075
4554,4554955,0.58179,-0.39265,-9.54089
4555,4555955,0.68235,-0.58419,-9.56723
4556,4556955,0.81403,-0.33040,-9.51216
4557,4557955,0.43814,-0.63446,-9.51456
4558,4558956,0.81882,-0.41899,-9.49780
4559,4559955,0.76375,-0.58419,-9.57920
4560,4560955,0.60094,-0.56743,-9.56005
4561,4561955,0.43335,-0.20830,-9.60793
4562,4562956,1.31442,-0.99599,-9.30147
4563,4563955,0.23703,0.23463,-9.67497
4564,4564956,0.78051,-0.50996,-9.52653
4565,4565955,1.26893,-0.84515,-9.39724
4566,4566955,0.27054,0.05507,-9.75158
4567,4567955,0.67516,-0.78051,-9.43794
4568,4568956,0.66798,-0.38547,-9.63187
4569,4569955,0.73741,-0.42138,-9.54808
4570,4570956,0.62489,-0.41180,-9.47625
4571,4571955,0.91937,-0.58897,-9.51695
4572,4572955,0.56982,-0.39744,-9.56962
4573,4573955,0.66319,-0.67038,-9.53850
4574,4574955,0.82121,-0.29449,-9.61990
4575,4575955,0.87149,-0.79009,-9.55526
4576,4576955,0.28252,-0.19154,-9.65103
4577,4577955,0.95529,-0.65362,-9.50737
4578,4578956,0.88107,-0.50996,-9.45710
4579,4579955,0.12929,0.08619,-9.63906
4580,4580956,1.43173,-0.82600,-9.32063
4581,4581955,0.83079,-0.38068,-9.56484
4582,4582955,0.39025,-0.20111,-9.58638
4583,4583955,0.89304,-0.70868,-9.42118
4584,4584955,0.61531,-0.29928,-9.60314
4585,4585956,0.60813,-0.40462,-9.49301
4586,4586955,0.64165,-0.47884,-9.50019
4587,4587955,0.90740,-0.44053,-9.52892
4588,4588955,0.42138,-0.58658,-9.60314
4589,4589955,0.84994,-0.52194,-9.58878
4590,4590956,0.75896,-0.45969,-9.67736
4591,4591955,0.71826,-0.73981,-9.55047
4592,4592956,0.38786,-0.11732,-9.59596
4593,4593955,1.32160,-1.00078,-9.33499
4594,4594955,0.38547,0.05746,-9.65342
4595,4595955,0.60334,-0.26815,-9.61990
4596,4596955,1.46046,-0.93853,-9.31344
4597,4597955,0.33279,0.02634,-9.67976
4598,4598955,0.59137,-0.77093,-9.43316
4599,4599955,0.75896,-0.39025,-9.54329
4600,4600955,0.71587,-0.36152,-9.61511
4601,4601955,0.64883,-0.39744,-9.57202
4602,4602955,0.92895,-0.64643,-9.62230
4603,4603955,0.72065,-0.34237,-9.59357
4604,4604955,0.58419,-0.71108,-9.54568
4605,4605955,0.75657,-0.19872,-9.53132
4606,4606955,0.88585,-0.69192,-9.52174
4607,4607955,0.42856,-0.31603,-9.56005
4608,4608955,0.83079,-0.54827,-9.58878
4609,4609956,1.09894,-0.73263,-9.45949
4610,4610955,0.10774,0.14365,-9.73004
4611,4611955,1.28090,-0.77093,-9.42837
4612,4612955,0.96726,-0.53630,-9.47386
4613,4613955,0.30646,-0.05746,-9.64624
4614,4614956,0.82600,-0.75896,-9.36612
4615,4615955,0.60334,-0.35434,-9.61511
4616,4616955,0.63925,-0.39265,-9.53132
4617,4617955,0.63925,-0.51715,-9.53611
4618,4618955,0.98402,-0.46448,-9.55526
4619,4619956,0.48363,-0.48123,-9.51216
4620,4620955,0.83079,-0.53870,-9.56005
4621,4621955,0.71587,-0.34955,-9.67736
4622,4622955,0.75657,-0.77812,-9.51216
4623,4623955,0.24660,-0.11253,-9.68694
4624,4624955,1.23780,-1.00796,-9.39006
4625,4625955,0.57461,-0.15562,-9.59357
4626,4626955,0.47884,-0.14126,-9.58878
4627,4627956,1.58496,-0.95768,-9.33978
4628,4628955,0.53870,-0.02155,-9.69891
4629,4629955,0.54348,-0.62968,-9.50498
4630,4630955,0.84755,-0.53870,-9.49301
4631,4631955,0.62968,-0.38547,-9.60075
4632,4632955,0.62010,-0.43096,-9.45231
4633,4633955,0.78769,-0.61770,-9.50259
4634,4634955,0.70868,-0.37589,-9.55047
4635,4635955,0.52672,-0.70868,-9.56962
4636,4636955,0.85234,-0.31603,-9.58399
4637,4637955,0.89543,-0.60094,-9.58878
4638,4638955,0.44772,-0.54588,-9.53611
4639,4639955,0.54348,-0.34237,-9.58399
4640,4640955,1.25935,-0.91459,-9.39006
4641,4641955,0.16041,0.22027,-9.72764
4642,4642955,1.08218,-0.66080,-9.38288
4643,4643955,1.16598,-0.70390,-9.42837
4644,4644955,0.25857,0.03112,-9.66300
4645,4645955,0.80445,-0.82600,-9.30866
4646,4646955,0.70150,-0.33758,-9.63427
4647,4647955,0.63686,-0.48842,-9.55526
4648,4648955,0.51475,-0.45250,-9.57681
4649,4649955,0.88585,-0.61292,-9.60075
4650,4650955,0.43574,-0.41180,-9.57920
4651,4651956,0.71587,-0.65122,-9.49301
4652,4652955,0.77572,-0.28012,-9.55765
4653,4653955,0.87867,-0.77333,-9.55047
4654,4654955,0.28012,-0.19393,-9.66300
4655,4655955,1.18274,-0.85473,-9.47386
4656,4656955,0.76136,-0.32082,-9.56723
4657,4657955,0.26576,0.00479,-9.68933
4658,4658955,1.47483,-0.89304,-9.32302
4659,4659955,0.65122,-0.13168,-9.68694
4660,4660955,0.40462,-0.42856,-9.52653
4661,4661955,0.85712,-0.63446,-9.45231
4662,4662955,0.63925,-0.40462,-9.57441
4663,4663955,0.63446,-0.36152,-9.50019
4664,4664955,0.74699,-0.60813,-9.60554
4665,4665955,0.89543,-0.39744,-9.53132
4666,4666955,0.48602,-0.67277,-9.62230
4667,4667955,0.83079,-0.32801,-9.59117
4668,4668955,0.83558,-0.48363,-9.64624
4669,4669955,0.62489,-0.56982,-9.54089
4670,4670955,0.54109,-0.19154,-9.59596
4671,4671955,1.28569,-0.97683,-9.37569
4672,4672955,0.19872,0.18914,-9.65582
4673,4673955,0.86431,-0.46687,-9.47386
4674,4674955,1.33836,-0.84276,-9.35175
4675,4675955,0.33998,0.07183,-9.68933
4676,4676955,0.74460,-0.74220,-9.35654
4677,4677956,0.77333,-0.39983,-9.56005
4678,4678955,0.63446,-0.35674,-9.56005
4679,4679955,0.60813,-0.39265,-9.52892
4680,4680955,0.89783,-0.56264,-9.50737
4681,4681955,0.59137,-0.37589,-9.55047
4682,4682955,0.66319,-0.71587,-9.55526
4683,4683955,0.79248,-0.28252,-9.63427
4684,4684955,0.83797,-0.73741,-9.57681
4685,4685955,0.20111,-0.20351,-9.57681
4686,4686955,0.91937,-0.71587,-9.44752
4687,4687955,0.94810,-0.46208,-9.46189
4688,4688955,0.13886,0.10056,-9.70609
4689,4689955,1.38864,-0.79727,-9.34218
4690,4690955,0.77812,-0.40941,-9.58878
4691,4691955,0.29688,-0.17957,-9.68215
4692,4692955,0.82361,-0.69432,-9.40203
4693,4693955,0.66559,-0.36631,-9.60554
4694,4694955,0.65841,-0.39504,-9.46907
4695,4695955,0.60094,-0.49799,-9.57920
4696,4696955,0.90740,-0.48363,-9.54089
4697,4697955,0.41180,-0.56024,-9.55526
4698,4698955,0.84755,-0.46208,-9.49540
4699,4699955,0.74460,-0.36631,-9.57920
4700,4700955,0.79966,-0.69192,-9.48104
4701,4701955,0.37350,-0.12210,-9.61272
4702,4702955,1.29526,-1.04866,-9.37330
4703,4703955,0.47405,-0.01197,-9.60554
4704,4704955,0.55545,-0.24421,-9.51216
4705,4705955,1.59693,-0.94332,-9.28232
4706,4706955,0.41659,0.04788,-9.69173
4707,4707955,0.58419,-0.69432,-9.48583
4708,4708955,0.80685,-0.43574,-9.55287
4709,4709955,0.67516,-0.40462,-9.58160
4710,4710955,0.54827,-0.31364,-9.54568
4711,4711955,0.79248,-0.62728,-9.56484
4712,4712955,0.72784,-0.33040,-9.60075
4713,4713955,0.58419,-0.71347,-9.53611
4714,4714955,0.85234,-0.21787,-9.53850
4715,4715955,0.89064,-0.67756,-9.58878
4716,4716955,0.46687,-0.46208,-9.54329
4717,4717955,0.66798,-0.37110,-9.59835
4718,4718955,1.21147,-0.85952,-9.31823
4719,4719955,0.11253,0.26336,-9.70609
4720,4720955,1.16598,-0.74460,-9.42358
4721,4721955,1.04387,-0.60573,-9.37569
4722,4722955,0.29209,0.01915,-9.61272
4723,4723955,0.82361,-0.76854,-9.43555
4724,4724955,0.67756,-0.41659,-9.63666
4725,4725955,0.66559,-0.39504,-9.53132
4726,4726955,0.56503,-0.40462,-9.49062
4727,4727955,0.88825,-0.55067,-9.49062
4728,4728955,0.50757,-0.38547,-9.59835
4729,4729955,0.80685,-0.63446,-9.55526
4730,4730955,0.79966,-0.32801,-9.55047
4731,4731956,0.88346,-0.76375,-9.48104
4732,4732955,0.22984,-0.14126,-9.59117
4733,4733955,1.14443,-0.86191,-9.39006
4734,4734955,0.71108,-0.30885,-9.46428
4735,4735955,0.25857,-0.05507,-9.71088
4736,4736955,1.49877,-0.87867,-9.39006
4737,4737955,0.56264,-0.16759,-9.68933
4738,4738955,0.39983,-0.38307,-9.61033
4739,4739955,0.84755,-0.57461,-9.44991
4740,4740955,0.63446,-0.33040,-9.56244
4741,4741955,0.67038,-0.36871,-9.56484
4742,4742956,0.74220,-0.50757,-9.61990
4743,4743955,0.89783,-0.34716,-9.55047
4744,4744955,0.51236,-0.68953,-9.54329
4745,4745956,0.92177,-0.39983,-9.56962
4746,4746955,0.79009,-0.47645,-9.65103
4747,4747955,0.62249,-0.67756,-9.54089
4748,4748956,0.37110,-0.19154,-9.65821
4749,4749955,1.26893,-1.05345,-9.43316
4750,4750955,0.24660,0.14605,-9.62469
4751,4751955,0.74460,-0.46926,-9.50977
4752,4752955,1.41018,-0.89064,-9.36133
4753,4753955,0.29928,0.06225,-9.73004
4754,4754956,0.67277,-0.72065,-9.41400
4755,4755955,0.69911,-0.33758,-9.59117
4756,4756956,0.63446,-0.39025,-9.59835
4757,4757955,0.59376,-0.39025,-9.49301
4758,4758955,0.89304,-0.56982,-9.48104
4759,4759955,0.63686,-0.34477,-9.56244
4760,4760955,0.61770,-0.76375,-9.51456
4761,4761955,0.77812,-0.27054,-9.50498
4762,4762956,0.90261,-0.75896,-9.53850
4763,4763955,0.32322,-0.31843,-9.68455
4764,4764956,0.79248,-0.62728,-9.53611
4765,4765955,1.00078,-0.67277,-9.39724
4766,4766955,0.10056,0.11253,-9.64624
4767,4767956,1.34315,-0.84276,-9.35654
4768,4768955,0.93134,-0.51475,-9.54808
4769,4769956,0.35674,-0.11971,-9.64384
4770,4770955,0.85712,-0.68953,-9.40203
4771,4771955,0.66559,-0.32801,-9.64384
4772,4772955,0.62249,-0.42617,-9.53850
4773,4773956,0.61292,-0.52194,-9.52413
4774,4774955,0.95768,-0.51715,-9.43555
4775,4775955,0.43096,-0.45969,-9.55765
4776,4776955,0.81163,-0.51236,-9.56244
4777,4777955,0.81163,-0.38068,-9.64145
4778,4778955,0.80924,-0.76614,-9.42118
4779,4779955,0.21787,-0.07183,-9.62230
4780,4780956,1.14682,-0.96247,-9.44513
4781,4781955,0.48123,-0.21787,-9.59596
4782,4782955,0.42617,-0.11013,-9.59835
4783,4783955,1.50356,-0.95529,-9.29429
4784,4784955,0.43574,-0.02873,-9.62230
4785,4785955,0.49560,-0.57221,-9.46428
4786,4786955,0.79966,-0.47645,-9.44513
4787,4787956,0.65841,-0.40462,-9.56962
4788,4788955,0.63925,-0.39504,-9.58638
4789,4789956,0.80445,-0.60573,-9.61033
4790,4790955,0.70629,-0.28730,-9.57202
4791,4791955,0.52672,-0.73263,-9.55526
4792,4792955,0.87867,-0.31603,-9.54808
4793,4793955,0.86191,-0.66319,-9.56723
4794,4794955,0.56024,-0.45969,-9.55287
4795,4795956,0.57700,-0.30885,-9.61272
4796,4796955,1.27372,-0.95529,-9.34936
4797,4797955,0.11253,0.26576,-9.68694
4798,4798955,1.03669,-0.64883,-9.46428
4799,4799955,1.22104,-0.77093,-9.42118
4800,4800955,0.25379,0.02394,-9.73482
4801,4801955,0.80685,-0.76375,-9.40921
4802,4802955,0.73502,-0.37589,-9.59596
4803,4803956,0.69192,-0.44532,-9.56484
4804,4804955,0.56264,-0.47166,-9.56005
4805,4805955,0.91937,-0.61052,-9.55047
4806,4806955,0.54348,-0.40223,-9.62469
4807,4807955,0.68235,-0.74699,-9.54089
4808,4808956,0.76375,-0.29928,-9.55047
4809,4809955,0.85712,-0.80206,-9.54329
4810,4810956,0.22505,-0.17238,-9.58160
4811,4811955,1.02472,-0.75178,-9.48822
4812,4812955,0.83079,-0.42617,-9.54329
4813,4813955,0.16041,0.01915,-9.71328
4814,4814955,1.47722,-0.88107,-9.29908
4815,4815955,0.69911,-0.26336,-9.55047
4816,4816956,0.41659,-0.29688,-9.60554
4817,4817955,0.85234,-0.58897,-9.48343
4818,4818955,0.64643,-0.37110,-9.64384
4819,4819956,0.61531,-0.43096,-9.50737
4820,4820955,0.67038,-0.50757,-9.48343
4821,4821955,0.84755,-0.42617,-9.44034
4822,4822956,0.45011,-0.65601,-9.58399
4823,4823955,0.87149,-0.44293,-9.55526
4824,4824956,0.79727,-0.45490,-9.65821
4825,4825955,0.63207,-0.67995,-9.58160
4826,4826956,0.34237,-0.10534,-9.73243
4827,4827955,1.25696,-1.04627,-9.42118
4828,4828955,0.32561,0.14126,-9.64624
4829,4829956,0.65122,-0.43574,-9.55526
4830,4830955,1.43413,-0.88107,-9.26795
4831,4831955,0.30646,0.05507,-9.64624
4832,4832956,0.63686,-0.76614,-9.46667
4833,4833955,0.78530,-0.42377,-9.61511
4834,4834956,0.69432,-0.43096,-9.51216
4835,4835955,0.50996,-0.41659,-9.49780
4836,4836955,0.79248,-0.60334,-9.57441
4837,4837955,0.60094,-0.30167,-9.54089
4838,4838956,0.63446,-0.74939,-9.54089
4839,4839955,0.84276,-0.25139,-9.57441
4840,4840956,0.91459,-0.74220,-9.49540
4841,4841955,0.34716,-0.28491,-9.51935
4842,4842955,0.82361,-0.57940,-9.56723
4843,4843955,1.03190,-0.66319,-9.43316
4844,4844955,0.07661,0.10056,-9.71806
4845,4845955,1.33836,-0.75657,-9.43555
4846,4846955,0.84994,-0.44532,-9.50019
4847,4847955,0.28491,-0.11732,-9.62230
4848,4848955,0.89064,-0.74460,-9.40203
4849,4849955,0.67277,-0.31843,-9.61751
4850,4850955,0.70868,-0.35913,-9.52653
4851,4851955,0.62728,-0.48123,-9.54329
4852,4852955,0.89064,-0.50996,-9.48822
4853,4853955,0.45490,-0.55545,-9.59835
4854,4854955,0.78530,-0.57461,-9.51935
4855,4855955,0.74939,-0.35674,-9.60314
4856,4856955,0.82600,-0.74220,-9.49540
4857,4857956,0.28730,-0.13886,-9.66539
4858,4858955,1.22583,-0.96486,-9.40442
4859,4859955,0.51236,-0.07661,-9.57920
4860,4860955,0.41180,-0.14126,-9.69412
4861,4861955,1.52271,-0.97923,-9.38527
4862,4862955,0.41420,-0.02634,-9.72525
4863,4863955,0.56024,-0.61292,-9.53132
4864,4864955,0.83079,-0.49321,-9.55765
4865,4865955,0.63925,-0.40223,-9.60314
4866,4866955,0.63686,-0.44293,-9.54089
4867,4867955,0.83558,-0.64883,-9.57202
4868,4868955,0.66319,-0.40223,-9.58878
4869,4869955,0.52194,-0.78530,-9.55526
4870,4870955,0.84036,-0.30167,-9.58399
4871,4871955,0.82361,-0.66319,-9.66779
4872,4872955,0.49321,-0.54588,-9.56723
4873,4873955,0.62489,-0.37589,-9.55526
4874,4874955,1.22823,-0.91219,-9.39724
4875,4875955,0.20351,0.31603,-9.67018
4876,4876955,1.17316,-0.64883,-9.33260
4877,4877955,1.12288,-0.60573,-9.37330
4878,4878955,0.22984,0.07901,-9.64624
4879,4879955,0.81642,-0.80685,-9.34696
4880,4880955,0.70629,-0.34716,-9.61990
4881,4881955,0.69911,-0.45969,-9.53371
4882,4882955,0.59376,-0.46687,-9.55526
4883,4883955,0.88585,-0.56503,-9.55287
4884,4884955,0.51236,-0.42617,-9.59357
4885,4885955,0.75178,-0.59376,-9.54329
4886,4886955,0.79248,-0.35195,-9.55526
4887,4887955,0.90261,-0.83079,-9.48583
4888,4888955,0.19632,-0.11732,-9.57441
4889,4889955,1.12288,-0.93134,-9.39724
4890,4890955,0.74699,-0.28491,-9.50498
4891,4891955,0.24181,-0.09098,-9.59835
4892,4892955,1.55623,-0.93374,-9.32302
4893,4893956,0.61531,-0.25618,-9.59596
4894,4894955,0.39265,-0.47166,-9.43555
4895,4895955,0.89543,-0.64883,-9.41161
4896,4896955,0.67038,-0.38307,-9.60314
4897,4897955,0.62010,-0.45250,-9.49301
4898,4898955,0.70868,-0.61531,-9.48822
4899,4899955,0.80206,-0.38307,-9.48583
4900,4900955,0.45011,-0.68474,-9.54089
4901,4901955,0.84755,-0.40941,-9.53371
4902,4902955,0.79248,-0.52912,-9.57202
4903,4903955,0.57700,-0.57700,-9.51695
4904,4904955,0.45490,-0.18435,-9.68933
4905,4905955,1.29766,-1.03908,-9.39485
4906,4906955,0.23942,0.22027,-9.65103
4907,4907955,0.88346,-0.53391,-9.46667
4908,4908955,0.88346,-0.53391,-9.46667
4909,4909956,1.35033,-0.86191,-9.35654
4910,4910955,0.31603,0.10056,-9.72285
4911,4911955,0.69911,-0.76375,-9.44991
4912,4912955,0.73741,-0.32801,-9.59596
4913,4913955,0.68235,-0.42377,-9.58160
4914,4914955,0.58897,-0.41659,-9.55526
4915,4915955,0.88825,-0.63207,-9.51216
4916,4916955,0.55785,-0.40941,-9.56484
4917,4917955,0.65122,-0.71587,-9.53132
4918,4918955,0.79727,-0.25379,-9.63906
4919,4919955,0.86910,-0.79248,-9.60793
4920,4920955,0.30167,-0.18435,-9.59596
4921,4921955,0.98881,-0.73741,-9.44034
4922,4922955,0.89543,-0.44772,-9.52413
4923,4923956,0.18914,0.02155,-9.72285
4924,4924955,1.46525,-0.87628,-9.28232
4925,4925955,0.76614,-0.33279,-9.57202
4926,4926955,0.43335,-0.25618,-9.57202
4927,4927956,0.89064,-0.68474,-9.39964
4928,4928955,0.63925,-0.34237,-9.55526
4929,4929955,0.65362,-0.33758,-9.45949
4930,4930955,0.62249,-0.58179,-9.51216
4931,4931955,0.92416,-0.45729,-9.46189
4932,4932956,0.49799,-0.56982,-9.54329
4933,4933955,0.87149,-0.41899,-9.61272
4934,4934956,0.82600,-0.51715,-9.60075
4935,4935955,0.71347,-0.79727,-9.48343
4936,4936955,0.36631,-0.12689,-9.55287
4937,4937955,1.30484,-1.00796,-9.33978
4938,4938956,0.38547,0.12929,-9.60554
4939,4939955,0.66798,-0.33519,-9.53611
4940,4940955,1.43173,-0.90261,-9.32302
4941,4941955,0.33279,0.05746,-9.72525
4942,4942955,0.59855,-0.73023,-9.50259
4943,4943955,0.75178,-0.41899,-9.53132
4944,4944956,0.69671,-0.39983,-9.59357
4945,4945955,0.59855,-0.40701,-9.61990
4946,4946955,0.84755,-0.61770,-9.53611
4947,4947955,0.69432,-0.31603,-9.55526
4948,4948955,0.65362,-0.73023,-9.51695
4949,4949955,0.82600,-0.23224,-9.60554
4950,4950955,0.95050,-0.74220,-9.60075
4951,4951955,0.30646,-0.28730,-9.66300
4952,4952956,0.82839,-0.61052,-9.53132
4953,4953955,1.01514,-0.71826,-9.41640
4954,4954956,0.10295,0.17478,-9.76116
4955,4955955,1.42455,-0.81403,-9.34457
4956,4956955,0.89543,-0.48842,-9.48583
4957,4957955,0.29449,-0.10295,-9.69412
4958,4958955,0.85234,-0.70390,-9.41879
4959,4959955,0.62249,-0.31125,-9.59357
4960,4960956,0.58897,-0.38786,-9.54089
4961,4961955,0.54588,-0.55785,-9.60793
4962,4962955,0.96486,-0.45250,-9.56962
4963,4963955,0.47405,-0.53870,-9.56484
4964,4964956,0.86670,-0.48123,-9.55287
4965,4965955,0.81642,-0.41180,-9.65582
4966,4966956,0.75657,-0.71347,-9.55765
4967,4967955,0.25379,-0.14844,-9.63906
4968,4968955,1.28090,-0.93374,-9.39006
4969,4969955,0.42856,-0.01676,-9.52892
4970,4970956,0.50757,-0.25139,-9.54808
4971,4971955,1.50835,-0.95289,-9.30147
4972,4972956,0.41420,0.02873,-9.60793
4973,4973955,0.62010,-0.69192,-9.36851
4974,4974955,0.81403,-0.55067,-9.45231
4975,4975955,0.66080,-0.40223,-9.54808
4976,4976955,0.56982,-0.36631,-9.52413
4977,4977955,0.80924,-0.61770,-9.56484
4978,4978955,0.66080,-0.38547,-9.60793
4979,4979955,0.51236,-0.74460,-9.50019
4980,4980955,0.84276,-0.32801,-9.58878
4981,4981955,0.84036,-0.68953,-9.63906
4982,4982956,0.48363,-0.41659,-9.56484
4983,4983955,0.77572,-0.45011,-9.47386
4984,4984956,1.17076,-0.86191,-9.45470
4985,4985955,0.11971,0.21787,-9.77553
4986,4986955,1.19231,-0.78769,-9.39724
4987,4987955,1.02472,-0.60334,-9.41879
4988,4988956,0.27773,0.01915,-9.72046
4989,4989955,0.84276,-0.74699,-9.42118
4990,4990955,0.69192,-0.25379,-9.61033
4991,4991955,0.67277,-0.36392,-9.53611
4992,4992955,0.57461,-0.43574,-9.59357
4993,4993956,0.92656,-0.49560,-9.56005
4994,4994955,0.50518,-0.46687,-9.54329
4995,4995956,0.86670,-0.64165,-9.44034
4996,4996955,0.85234,-0.30885,-9.58878
4997,4997955,0.88825,-0.82121,-9.51935
4998,4998955,0.25379,-0.11492,-9.69891
4999,4999955,1.19231,-0.91937,-9.43316
